-2.000000	1.000000	0.050000	-0.050000	0.100000	-0.100000
-1.999000	0.001000	0.050010	-0.050010	0.999100	-0.999100
-1.998000	0.002000	0.050040	-0.050040	0.998200	-0.998200
-1.997000	0.003000	0.050090	-0.050090	0.997300	-0.997300
-1.996000	0.004000	0.050160	-0.050160	0.996400	-0.996400
-1.995000	0.005000	0.050251	-0.050251	0.995500	-0.995500
-1.994000	0.006000	0.050361	-0.050361	0.994600	-0.994600
-1.993000	0.007000	0.050492	-0.050492	0.993700	-0.993700
-1.992000	0.008000	0.050644	-0.050644	0.992800	-0.992800
-1.991000	0.009000	0.050817	-0.050817	0.991900	-0.991900
-1.990000	0.010000	0.051010	-0.051010	0.991000	-0.991000
-1.989000	0.011000	0.051225	-0.051225	0.990100	-0.990100
-1.988000	0.012000	0.051461	-0.051461	0.989200	-0.989200
-1.987000	0.013000	0.051720	-0.051720	0.988300	-0.988300
-1.986000	0.014000	0.052000	-0.052000	0.987400	-0.987400
-1.985000	0.015000	0.052303	-0.052303	0.986500	-0.986500
-1.984000	0.016000	0.052629	-0.052629	0.985600	-0.985600
-1.983000	0.017000	0.052979	-0.052979	0.984700	-0.984700
-1.982000	0.018000	0.053352	-0.053352	0.983800	-0.983800
-1.981000	0.019000	0.053751	-0.053751	0.982900	-0.982900
-1.980000	0.020000	0.054174	-0.054174	0.982000	-0.982000
-1.979000	0.021000	0.054624	-0.054624	0.981100	-0.981100
-1.978000	0.022000	0.055100	-0.055100	0.980200	-0.980200
-1.977000	0.023000	0.055604	-0.055604	0.979300	-0.979300
-1.976000	0.024000	0.056137	-0.056137	0.978400	-0.978400
-1.975000	0.025000	0.056699	-0.056699	0.977500	-0.977500
-1.974000	0.026000	0.057292	-0.057292	0.976600	-0.976600
-1.973000	0.027000	0.057917	-0.057917	0.975700	-0.975700
-1.972000	0.028000	0.058575	-0.058575	0.974800	-0.974800
-1.971000	0.029000	0.059269	-0.059269	0.973900	-0.973900
-1.970000	0.030000	0.060000	-0.060000	0.973000	-0.973000
-1.969000	0.031000	0.060770	-0.060770	0.972100	-0.972100
-1.968000	0.032000	0.061581	-0.061581	0.971200	-0.971200
-1.967000	0.033000	0.062437	-0.062437	0.970300	-0.970300
-1.966000	0.034000	0.063339	-0.063339	0.969400	-0.969400
-1.965000	0.035000	0.064293	-0.064293	0.968500	-0.968500
-1.964000	0.036000	0.065301	-0.065301	0.967600	-0.967600
-1.963000	0.037000	0.066370	-0.066370	0.966700	-0.966700
-1.962000	0.038000	0.067504	-0.067504	0.965800	-0.965800
-1.961000	0.039000	0.068711	-0.068711	0.964900	-0.964900
-1.960000	0.040000	0.070000	-0.070000	0.964000	-0.964000
-1.959000	0.041000	0.071382	-0.071382	0.963100	-0.963100
-1.958000	0.042000	0.072871	-0.072871	0.962200	-0.962200
-1.957000	0.043000	0.074485	-0.074485	0.961300	-0.961300
-1.956000	0.044000	0.076251	-0.076251	0.960400	-0.960400
-1.955000	0.045000	0.078206	-0.078206	0.959500	-0.959500
-1.954000	0.046000	0.080404	-0.080404	0.958600	-0.958600
-1.953000	0.047000	0.082941	-0.082941	0.957700	-0.957700
-1.952000	0.048000	0.086000	-0.086000	0.956800	-0.956800
-1.951000	0.049000	0.090050	-0.090050	0.955900	-0.955900
-1.950000	0.050000	0.887732	-0.887732	0.955000	-0.955000
-1.949000	0.051000	0.886832	-0.886832	0.954100	-0.954100
-1.948000	0.052000	0.885932	-0.885932	0.953200	-0.953200
-1.947000	0.053000	0.885032	-0.885032	0.952300	-0.952300
-1.946000	0.054000	0.884132	-0.884132	0.951400	-0.951400
-1.945000	0.055000	0.883232	-0.883232	0.950500	-0.950500
-1.944000	0.056000	0.882332	-0.882332	0.949600	-0.949600
-1.943000	0.057000	0.881432	-0.881432	0.948700	-0.948700
-1.942000	0.058000	0.880532	-0.880532	0.947800	-0.947800
-1.941000	0.059000	0.879632	-0.879632	0.946900	-0.946900
-1.940000	0.060000	0.878732	-0.878732	0.946000	-0.946000
-1.939000	0.061000	0.877832	-0.877832	0.945100	-0.945100
-1.938000	0.062000	0.876932	-0.876932	0.944200	-0.944200
-1.937000	0.063000	0.876032	-0.876032	0.943300	-0.943300
-1.936000	0.064000	0.875132	-0.875132	0.942400	-0.942400
-1.935000	0.065000	0.874232	-0.874232	0.941500	-0.941500
-1.934000	0.066000	0.873332	-0.873332	0.940600	-0.940600
-1.933000	0.067000	0.872432	-0.872432	0.939700	-0.939700
-1.932000	0.068000	0.871532	-0.871532	0.938800	-0.938800
-1.931000	0.069000	0.870632	-0.870632	0.937900	-0.937900
-1.930000	0.070000	0.869732	-0.869732	0.937000	-0.937000
-1.929000	0.071000	0.868832	-0.868832	0.936100	-0.936100
-1.928000	0.072000	0.867932	-0.867932	0.935200	-0.935200
-1.927000	0.073000	0.867032	-0.867032	0.934300	-0.934300
-1.926000	0.074000	0.866132	-0.866132	0.933400	-0.933400
-1.925000	0.075000	0.865232	-0.865232	0.932500	-0.932500
-1.924000	0.076000	0.864332	-0.864332	0.931600	-0.931600
-1.923000	0.077000	0.863432	-0.863432	0.930700	-0.930700
-1.922000	0.078000	0.862532	-0.862532	0.929800	-0.929800
-1.921000	0.079000	0.861632	-0.861632	0.928900	-0.928900
-1.920000	0.080000	0.860732	-0.860732	0.928000	-0.928000
-1.919000	0.081000	0.859832	-0.859832	0.927100	-0.927100
-1.918000	0.082000	0.858932	-0.858932	0.926200	-0.926200
-1.917000	0.083000	0.858032	-0.858032	0.925300	-0.925300
-1.916000	0.084000	0.857132	-0.857132	0.924400	-0.924400
-1.915000	0.085000	0.856232	-0.856232	0.923500	-0.923500
-1.914000	0.086000	0.855332	-0.855332	0.922600	-0.922600
-1.913000	0.087000	0.854432	-0.854432	0.921700	-0.921700
-1.912000	0.088000	0.853532	-0.853532	0.920800	-0.920800
-1.911000	0.089000	0.852632	-0.852632	0.919900	-0.919900
-1.910000	0.090000	0.851732	-0.851732	0.919000	-0.919000
-1.909000	0.091000	0.850832	-0.850832	0.918100	-0.918100
-1.908000	0.092000	0.849932	-0.849932	0.917200	-0.917200
-1.907000	0.093000	0.849032	-0.849032	0.916300	-0.916300
-1.906000	0.094000	0.848132	-0.848132	0.915400	-0.915400
-1.905000	0.095000	0.847232	-0.847232	0.914500	-0.914500
-1.904000	0.096000	0.846332	-0.846332	0.913600	-0.913600
-1.903000	0.097000	0.845432	-0.845432	0.912700	-0.912700
-1.902000	0.098000	0.844532	-0.844532	0.911800	-0.911800
-1.901000	0.099000	0.843632	-0.843632	0.910900	-0.910900
-1.900000	0.100000	0.842732	-0.842732	0.910000	-0.910000
-1.899000	0.101000	0.841832	-0.841832	0.909100	-0.909100
-1.898000	0.102000	0.840932	-0.840932	0.908200	-0.908200
-1.897000	0.103000	0.840032	-0.840032	0.907300	-0.907300
-1.896000	0.104000	0.839132	-0.839132	0.906400	-0.906400
-1.895000	0.105000	0.838232	-0.838232	0.905500	-0.905500
-1.894000	0.106000	0.837332	-0.837332	0.904600	-0.904600
-1.893000	0.107000	0.836432	-0.836432	0.903700	-0.903700
-1.892000	0.108000	0.835532	-0.835532	0.902800	-0.902800
-1.891000	0.109000	0.834632	-0.834632	0.901900	-0.901900
-1.890000	0.110000	0.833732	-0.833732	0.901000	-0.901000
-1.889000	0.111000	0.832832	-0.832832	0.900100	-0.900100
-1.888000	0.112000	0.831932	-0.831932	0.899200	-0.899200
-1.887000	0.113000	0.831032	-0.831032	0.898300	-0.898300
-1.886000	0.114000	0.830132	-0.830132	0.897400	-0.897400
-1.885000	0.115000	0.829232	-0.829232	0.896500	-0.896500
-1.884000	0.116000	0.828332	-0.828332	0.895600	-0.895600
-1.883000	0.117000	0.827432	-0.827432	0.894700	-0.894700
-1.882000	0.118000	0.826532	-0.826532	0.893800	-0.893800
-1.881000	0.119000	0.825632	-0.825632	0.892900	-0.892900
-1.880000	0.120000	0.824732	-0.824732	0.892000	-0.892000
-1.879000	0.121000	0.823832	-0.823832	0.891100	-0.891100
-1.878000	0.122000	0.822932	-0.822932	0.890200	-0.890200
-1.877000	0.123000	0.822032	-0.822032	0.889300	-0.889300
-1.876000	0.124000	0.821132	-0.821132	0.888400	-0.888400
-1.875000	0.125000	0.820232	-0.820232	0.887500	-0.887500
-1.874000	0.126000	0.819332	-0.819332	0.886600	-0.886600
-1.873000	0.127000	0.818432	-0.818432	0.885700	-0.885700
-1.872000	0.128000	0.817532	-0.817532	0.884800	-0.884800
-1.871000	0.129000	0.816632	-0.816632	0.883900	-0.883900
-1.870000	0.130000	0.815732	-0.815732	0.883000	-0.883000
-1.869000	0.131000	0.814832	-0.814832	0.882100	-0.882100
-1.868000	0.132000	0.813932	-0.813932	0.881200	-0.881200
-1.867000	0.133000	0.813032	-0.813032	0.880300	-0.880300
-1.866000	0.134000	0.812132	-0.812132	0.879400	-0.879400
-1.865000	0.135000	0.811232	-0.811232	0.878500	-0.878500
-1.864000	0.136000	0.810332	-0.810332	0.877600	-0.877600
-1.863000	0.137000	0.809432	-0.809432	0.876700	-0.876700
-1.862000	0.138000	0.808532	-0.808532	0.875800	-0.875800
-1.861000	0.139000	0.807632	-0.807632	0.874900	-0.874900
-1.860000	0.140000	0.806732	-0.806732	0.874000	-0.874000
-1.859000	0.141000	0.805832	-0.805832	0.873100	-0.873100
-1.858000	0.142000	0.804932	-0.804932	0.872200	-0.872200
-1.857000	0.143000	0.804032	-0.804032	0.871300	-0.871300
-1.856000	0.144000	0.803132	-0.803132	0.870400	-0.870400
-1.855000	0.145000	0.802232	-0.802232	0.869500	-0.869500
-1.854000	0.146000	0.801332	-0.801332	0.868600	-0.868600
-1.853000	0.147000	0.800432	-0.800432	0.867700	-0.867700
-1.852000	0.148000	0.799532	-0.799532	0.866800	-0.866800
-1.851000	0.149000	0.798632	-0.798632	0.865900	-0.865900
-1.850000	0.150000	0.797732	-0.797732	0.865000	-0.865000
-1.849000	0.151000	0.796832	-0.796832	0.864100	-0.864100
-1.848000	0.152000	0.795932	-0.795932	0.863200	-0.863200
-1.847000	0.153000	0.795032	-0.795032	0.862300	-0.862300
-1.846000	0.154000	0.794132	-0.794132	0.861400	-0.861400
-1.845000	0.155000	0.793232	-0.793232	0.860500	-0.860500
-1.844000	0.156000	0.792332	-0.792332	0.859600	-0.859600
-1.843000	0.157000	0.791432	-0.791432	0.858700	-0.858700
-1.842000	0.158000	0.790532	-0.790532	0.857800	-0.857800
-1.841000	0.159000	0.789632	-0.789632	0.856900	-0.856900
-1.840000	0.160000	0.788732	-0.788732	0.856000	-0.856000
-1.839000	0.161000	0.787832	-0.787832	0.855100	-0.855100
-1.838000	0.162000	0.786932	-0.786932	0.854200	-0.854200
-1.837000	0.163000	0.786032	-0.786032	0.853300	-0.853300
-1.836000	0.164000	0.785132	-0.785132	0.852400	-0.852400
-1.835000	0.165000	0.784232	-0.784232	0.851500	-0.851500
-1.834000	0.166000	0.783332	-0.783332	0.850600	-0.850600
-1.833000	0.167000	0.782432	-0.782432	0.849700	-0.849700
-1.832000	0.168000	0.781532	-0.781532	0.848800	-0.848800
-1.831000	0.169000	0.780632	-0.780632	0.847900	-0.847900
-1.830000	0.170000	0.779732	-0.779732	0.847000	-0.847000
-1.829000	0.171000	0.778832	-0.778832	0.846100	-0.846100
-1.828000	0.172000	0.777932	-0.777932	0.845200	-0.845200
-1.827000	0.173000	0.777032	-0.777032	0.844300	-0.844300
-1.826000	0.174000	0.776132	-0.776132	0.843400	-0.843400
-1.825000	0.175000	0.775232	-0.775232	0.842500	-0.842500
-1.824000	0.176000	0.774332	-0.774332	0.841600	-0.841600
-1.823000	0.177000	0.773432	-0.773432	0.840700	-0.840700
-1.822000	0.178000	0.772532	-0.772532	0.839800	-0.839800
-1.821000	0.179000	0.771632	-0.771632	0.838900	-0.838900
-1.820000	0.180000	0.770732	-0.770732	0.838000	-0.838000
-1.819000	0.181000	0.769832	-0.769832	0.837100	-0.837100
-1.818000	0.182000	0.768932	-0.768932	0.836200	-0.836200
-1.817000	0.183000	0.768032	-0.768032	0.835300	-0.835300
-1.816000	0.184000	0.767132	-0.767132	0.834400	-0.834400
-1.815000	0.185000	0.766232	-0.766232	0.833500	-0.833500
-1.814000	0.186000	0.765332	-0.765332	0.832600	-0.832600
-1.813000	0.187000	0.764432	-0.764432	0.831700	-0.831700
-1.812000	0.188000	0.763532	-0.763532	0.830800	-0.830800
-1.811000	0.189000	0.762632	-0.762632	0.829900	-0.829900
-1.810000	0.190000	0.761732	-0.761732	0.829000	-0.829000
-1.809000	0.191000	0.760832	-0.760832	0.828100	-0.828100
-1.808000	0.192000	0.759932	-0.759932	0.827200	-0.827200
-1.807000	0.193000	0.759032	-0.759032	0.826300	-0.826300
-1.806000	0.194000	0.758132	-0.758132	0.825400	-0.825400
-1.805000	0.195000	0.757232	-0.757232	0.824500	-0.824500
-1.804000	0.196000	0.756332	-0.756332	0.823600	-0.823600
-1.803000	0.197000	0.755432	-0.755432	0.822700	-0.822700
-1.802000	0.198000	0.754532	-0.754532	0.821800	-0.821800
-1.801000	0.199000	0.753632	-0.753632	0.820900	-0.820900
-1.800000	0.200000	0.752732	-0.752732	0.820000	-0.820000
-1.799000	0.201000	0.751832	-0.751832	0.819100	-0.819100
-1.798000	0.202000	0.750932	-0.750932	0.818200	-0.818200
-1.797000	0.203000	0.750032	-0.750032	0.817300	-0.817300
-1.796000	0.204000	0.749132	-0.749132	0.816400	-0.816400
-1.795000	0.205000	0.748232	-0.748232	0.815500	-0.815500
-1.794000	0.206000	0.747332	-0.747332	0.814600	-0.814600
-1.793000	0.207000	0.746432	-0.746432	0.813700	-0.813700
-1.792000	0.208000	0.745532	-0.745532	0.812800	-0.812800
-1.791000	0.209000	0.744632	-0.744632	0.811900	-0.811900
-1.790000	0.210000	0.743732	-0.743732	0.811000	-0.811000
-1.789000	0.211000	0.742832	-0.742832	0.810100	-0.810100
-1.788000	0.212000	0.741932	-0.741932	0.809200	-0.809200
-1.787000	0.213000	0.741032	-0.741032	0.808300	-0.808300
-1.786000	0.214000	0.740132	-0.740132	0.807400	-0.807400
-1.785000	0.215000	0.739232	-0.739232	0.806500	-0.806500
-1.784000	0.216000	0.738332	-0.738332	0.805600	-0.805600
-1.783000	0.217000	0.737432	-0.737432	0.804700	-0.804700
-1.782000	0.218000	0.736532	-0.736532	0.803800	-0.803800
-1.781000	0.219000	0.735632	-0.735632	0.802900	-0.802900
-1.780000	0.220000	0.734732	-0.734732	0.802000	-0.802000
-1.779000	0.221000	0.733832	-0.733832	0.801100	-0.801100
-1.778000	0.222000	0.732932	-0.732932	0.800200	-0.800200
-1.777000	0.223000	0.732032	-0.732032	0.799300	-0.799300
-1.776000	0.224000	0.731132	-0.731132	0.798400	-0.798400
-1.775000	0.225000	0.730232	-0.730232	0.797500	-0.797500
-1.774000	0.226000	0.729332	-0.729332	0.796600	-0.796600
-1.773000	0.227000	0.728432	-0.728432	0.795700	-0.795700
-1.772000	0.228000	0.727532	-0.727532	0.794800	-0.794800
-1.771000	0.229000	0.726632	-0.726632	0.793900	-0.793900
-1.770000	0.230000	0.725732	-0.725732	0.793000	-0.793000
-1.769000	0.231000	0.724832	-0.724832	0.792100	-0.792100
-1.768000	0.232000	0.723932	-0.723932	0.791200	-0.791200
-1.767000	0.233000	0.723032	-0.723032	0.790300	-0.790300
-1.766000	0.234000	0.722132	-0.722132	0.789400	-0.789400
-1.765000	0.235000	0.721232	-0.721232	0.788500	-0.788500
-1.764000	0.236000	0.720332	-0.720332	0.787600	-0.787600
-1.763000	0.237000	0.719432	-0.719432	0.786700	-0.786700
-1.762000	0.238000	0.718532	-0.718532	0.785800	-0.785800
-1.761000	0.239000	0.717632	-0.717632	0.784900	-0.784900
-1.760000	0.240000	0.716732	-0.716732	0.784000	-0.784000
-1.759000	0.241000	0.715832	-0.715832	0.783100	-0.783100
-1.758000	0.242000	0.714932	-0.714932	0.782200	-0.782200
-1.757000	0.243000	0.714032	-0.714032	0.781300	-0.781300
-1.756000	0.244000	0.713132	-0.713132	0.780400	-0.780400
-1.755000	0.245000	0.712232	-0.712232	0.779500	-0.779500
-1.754000	0.246000	0.711332	-0.711332	0.778600	-0.778600
-1.753000	0.247000	0.710432	-0.710432	0.777700	-0.777700
-1.752000	0.248000	0.709532	-0.709532	0.776800	-0.776800
-1.751000	0.249000	0.708632	-0.708632	0.775900	-0.775900
-1.750000	0.250000	0.707732	-0.707732	0.775000	-0.775000
-1.749000	0.251000	0.706832	-0.706832	0.774100	-0.774100
-1.748000	0.252000	0.705932	-0.705932	0.773200	-0.773200
-1.747000	0.253000	0.705032	-0.705032	0.772300	-0.772300
-1.746000	0.254000	0.704132	-0.704132	0.771400	-0.771400
-1.745000	0.255000	0.703232	-0.703232	0.770500	-0.770500
-1.744000	0.256000	0.702332	-0.702332	0.769600	-0.769600
-1.743000	0.257000	0.701432	-0.701432	0.768700	-0.768700
-1.742000	0.258000	0.700532	-0.700532	0.767800	-0.767800
-1.741000	0.259000	0.699632	-0.699632	0.766900	-0.766900
-1.740000	0.260000	0.698732	-0.698732	0.766000	-0.766000
-1.739000	0.261000	0.697832	-0.697832	0.765100	-0.765100
-1.738000	0.262000	0.696932	-0.696932	0.764200	-0.764200
-1.737000	0.263000	0.696032	-0.696032	0.763300	-0.763300
-1.736000	0.264000	0.695132	-0.695132	0.762400	-0.762400
-1.735000	0.265000	0.694232	-0.694232	0.761500	-0.761500
-1.734000	0.266000	0.693332	-0.693332	0.760600	-0.760600
-1.733000	0.267000	0.692432	-0.692432	0.759700	-0.759700
-1.732000	0.268000	0.691532	-0.691532	0.758800	-0.758800
-1.731000	0.269000	0.690632	-0.690632	0.757900	-0.757900
-1.730000	0.270000	0.689732	-0.689732	0.757000	-0.757000
-1.729000	0.271000	0.688832	-0.688832	0.756100	-0.756100
-1.728000	0.272000	0.687932	-0.687932	0.755200	-0.755200
-1.727000	0.273000	0.687032	-0.687032	0.754300	-0.754300
-1.726000	0.274000	0.686132	-0.686132	0.753400	-0.753400
-1.725000	0.275000	0.685232	-0.685232	0.752500	-0.752500
-1.724000	0.276000	0.684332	-0.684332	0.751600	-0.751600
-1.723000	0.277000	0.683432	-0.683432	0.750700	-0.750700
-1.722000	0.278000	0.682532	-0.682532	0.749800	-0.749800
-1.721000	0.279000	0.681632	-0.681632	0.748900	-0.748900
-1.720000	0.280000	0.680732	-0.680732	0.748000	-0.748000
-1.719000	0.281000	0.679832	-0.679832	0.747100	-0.747100
-1.718000	0.282000	0.678932	-0.678932	0.746200	-0.746200
-1.717000	0.283000	0.678032	-0.678032	0.745300	-0.745300
-1.716000	0.284000	0.677132	-0.677132	0.744400	-0.744400
-1.715000	0.285000	0.676232	-0.676232	0.743500	-0.743500
-1.714000	0.286000	0.675332	-0.675332	0.742600	-0.742600
-1.713000	0.287000	0.674432	-0.674432	0.741700	-0.741700
-1.712000	0.288000	0.673532	-0.673532	0.740800	-0.740800
-1.711000	0.289000	0.672632	-0.672632	0.739900	-0.739900
-1.710000	0.290000	0.671732	-0.671732	0.739000	-0.739000
-1.709000	0.291000	0.670832	-0.670832	0.738100	-0.738100
-1.708000	0.292000	0.669932	-0.669932	0.737200	-0.737200
-1.707000	0.293000	0.669032	-0.669032	0.736300	-0.736300
-1.706000	0.294000	0.668132	-0.668132	0.735400	-0.735400
-1.705000	0.295000	0.667232	-0.667232	0.734500	-0.734500
-1.704000	0.296000	0.666332	-0.666332	0.733600	-0.733600
-1.703000	0.297000	0.665432	-0.665432	0.732700	-0.732700
-1.702000	0.298000	0.664532	-0.664532	0.731800	-0.731800
-1.701000	0.299000	0.663632	-0.663632	0.730900	-0.730900
-1.700000	0.300000	0.662732	-0.662732	0.730000	-0.730000
-1.699000	0.301000	0.661832	-0.661832	0.729100	-0.729100
-1.698000	0.302000	0.660932	-0.660932	0.728200	-0.728200
-1.697000	0.303000	0.660032	-0.660032	0.727300	-0.727300
-1.696000	0.304000	0.659132	-0.659132	0.726400	-0.726400
-1.695000	0.305000	0.658232	-0.658232	0.725500	-0.725500
-1.694000	0.306000	0.657332	-0.657332	0.724600	-0.724600
-1.693000	0.307000	0.656432	-0.656432	0.723700	-0.723700
-1.692000	0.308000	0.655532	-0.655532	0.722800	-0.722800
-1.691000	0.309000	0.654632	-0.654632	0.721900	-0.721900
-1.690000	0.310000	0.653732	-0.653732	0.721000	-0.721000
-1.689000	0.311000	0.652832	-0.652832	0.720100	-0.720100
-1.688000	0.312000	0.651932	-0.651932	0.719200	-0.719200
-1.687000	0.313000	0.651032	-0.651032	0.718300	-0.718300
-1.686000	0.314000	0.650132	-0.650132	0.717400	-0.717400
-1.685000	0.315000	0.649232	-0.649232	0.716500	-0.716500
-1.684000	0.316000	0.648332	-0.648332	0.715600	-0.715600
-1.683000	0.317000	0.647432	-0.647432	0.714700	-0.714700
-1.682000	0.318000	0.646532	-0.646532	0.713800	-0.713800
-1.681000	0.319000	0.645632	-0.645632	0.712900	-0.712900
-1.680000	0.320000	0.644732	-0.644732	0.712000	-0.712000
-1.679000	0.321000	0.643832	-0.643832	0.711100	-0.711100
-1.678000	0.322000	0.642932	-0.642932	0.710200	-0.710200
-1.677000	0.323000	0.642032	-0.642032	0.709300	-0.709300
-1.676000	0.324000	0.641132	-0.641132	0.708400	-0.708400
-1.675000	0.325000	0.640232	-0.640232	0.707500	-0.707500
-1.674000	0.326000	0.639332	-0.639332	0.706600	-0.706600
-1.673000	0.327000	0.638432	-0.638432	0.705700	-0.705700
-1.672000	0.328000	0.637532	-0.637532	0.704800	-0.704800
-1.671000	0.329000	0.636632	-0.636632	0.703900	-0.703900
-1.670000	0.330000	0.635732	-0.635732	0.703000	-0.703000
-1.669000	0.331000	0.634832	-0.634832	0.702100	-0.702100
-1.668000	0.332000	0.633932	-0.633932	0.701200	-0.701200
-1.667000	0.333000	0.633032	-0.633032	0.700300	-0.700300
-1.666000	0.334000	0.632132	-0.632132	0.699400	-0.699400
-1.665000	0.335000	0.631232	-0.631232	0.698500	-0.698500
-1.664000	0.336000	0.630332	-0.630332	0.697600	-0.697600
-1.663000	0.337000	0.629432	-0.629432	0.696700	-0.696700
-1.662000	0.338000	0.628532	-0.628532	0.695800	-0.695800
-1.661000	0.339000	0.627632	-0.627632	0.694900	-0.694900
-1.660000	0.340000	0.626732	-0.626732	0.694000	-0.694000
-1.659000	0.341000	0.625832	-0.625832	0.693100	-0.693100
-1.658000	0.342000	0.624932	-0.624932	0.692200	-0.692200
-1.657000	0.343000	0.624032	-0.624032	0.691300	-0.691300
-1.656000	0.344000	0.623132	-0.623132	0.690400	-0.690400
-1.655000	0.345000	0.622232	-0.622232	0.689500	-0.689500
-1.654000	0.346000	0.621332	-0.621332	0.688600	-0.688600
-1.653000	0.347000	0.620432	-0.620432	0.687700	-0.687700
-1.652000	0.348000	0.619532	-0.619532	0.686800	-0.686800
-1.651000	0.349000	0.618632	-0.618632	0.685900	-0.685900
-1.650000	0.350000	0.617732	-0.617732	0.685000	-0.685000
-1.649000	0.351000	0.616832	-0.616832	0.684100	-0.684100
-1.648000	0.352000	0.615932	-0.615932	0.683200	-0.683200
-1.647000	0.353000	0.615032	-0.615032	0.682300	-0.682300
-1.646000	0.354000	0.614132	-0.614132	0.681400	-0.681400
-1.645000	0.355000	0.613232	-0.613232	0.680500	-0.680500
-1.644000	0.356000	0.612332	-0.612332	0.679600	-0.679600
-1.643000	0.357000	0.611432	-0.611432	0.678700	-0.678700
-1.642000	0.358000	0.610532	-0.610532	0.677800	-0.677800
-1.641000	0.359000	0.609632	-0.609632	0.676900	-0.676900
-1.640000	0.360000	0.608732	-0.608732	0.676000	-0.676000
-1.639000	0.361000	0.607832	-0.607832	0.675100	-0.675100
-1.638000	0.362000	0.606932	-0.606932	0.674200	-0.674200
-1.637000	0.363000	0.606032	-0.606032	0.673300	-0.673300
-1.636000	0.364000	0.605132	-0.605132	0.672400	-0.672400
-1.635000	0.365000	0.604232	-0.604232	0.671500	-0.671500
-1.634000	0.366000	0.603332	-0.603332	0.670600	-0.670600
-1.633000	0.367000	0.602432	-0.602432	0.669700	-0.669700
-1.632000	0.368000	0.601532	-0.601532	0.668800	-0.668800
-1.631000	0.369000	0.600632	-0.600632	0.667900	-0.667900
-1.630000	0.370000	0.599732	-0.599732	0.667000	-0.667000
-1.629000	0.371000	0.598832	-0.598832	0.666100	-0.666100
-1.628000	0.372000	0.597932	-0.597932	0.665200	-0.665200
-1.627000	0.373000	0.597032	-0.597032	0.664300	-0.664300
-1.626000	0.374000	0.596132	-0.596132	0.663400	-0.663400
-1.625000	0.375000	0.595232	-0.595232	0.662500	-0.662500
-1.624000	0.376000	0.594332	-0.594332	0.661600	-0.661600
-1.623000	0.377000	0.593432	-0.593432	0.660700	-0.660700
-1.622000	0.378000	0.592532	-0.592532	0.659800	-0.659800
-1.621000	0.379000	0.591632	-0.591632	0.658900	-0.658900
-1.620000	0.380000	0.590732	-0.590732	0.658000	-0.658000
-1.619000	0.381000	0.589832	-0.589832	0.657100	-0.657100
-1.618000	0.382000	0.588932	-0.588932	0.656200	-0.656200
-1.617000	0.383000	0.588032	-0.588032	0.655300	-0.655300
-1.616000	0.384000	0.587132	-0.587132	0.654400	-0.654400
-1.615000	0.385000	0.586232	-0.586232	0.653500	-0.653500
-1.614000	0.386000	0.585332	-0.585332	0.652600	-0.652600
-1.613000	0.387000	0.584432	-0.584432	0.651700	-0.651700
-1.612000	0.388000	0.583532	-0.583532	0.650800	-0.650800
-1.611000	0.389000	0.582632	-0.582632	0.649900	-0.649900
-1.610000	0.390000	0.581732	-0.581732	0.649000	-0.649000
-1.609000	0.391000	0.580832	-0.580832	0.648100	-0.648100
-1.608000	0.392000	0.579932	-0.579932	0.647200	-0.647200
-1.607000	0.393000	0.579032	-0.579032	0.646300	-0.646300
-1.606000	0.394000	0.578132	-0.578132	0.645400	-0.645400
-1.605000	0.395000	0.577232	-0.577232	0.644500	-0.644500
-1.604000	0.396000	0.576332	-0.576332	0.643600	-0.643600
-1.603000	0.397000	0.575432	-0.575432	0.642700	-0.642700
-1.602000	0.398000	0.574532	-0.574532	0.641800	-0.641800
-1.601000	0.399000	0.573632	-0.573632	0.640900	-0.640900
-1.600000	0.400000	0.572732	-0.572732	0.640000	-0.640000
-1.599000	0.401000	0.571832	-0.571832	0.639100	-0.639100
-1.598000	0.402000	0.570932	-0.570932	0.638200	-0.638200
-1.597000	0.403000	0.570032	-0.570032	0.637300	-0.637300
-1.596000	0.404000	0.569132	-0.569132	0.636400	-0.636400
-1.595000	0.405000	0.568232	-0.568232	0.635500	-0.635500
-1.594000	0.406000	0.567332	-0.567332	0.634600	-0.634600
-1.593000	0.407000	0.566432	-0.566432	0.633700	-0.633700
-1.592000	0.408000	0.565532	-0.565532	0.632800	-0.632800
-1.591000	0.409000	0.564632	-0.564632	0.631900	-0.631900
-1.590000	0.410000	0.563732	-0.563732	0.631000	-0.631000
-1.589000	0.411000	0.562832	-0.562832	0.630100	-0.630100
-1.588000	0.412000	0.561932	-0.561932	0.629200	-0.629200
-1.587000	0.413000	0.561032	-0.561032	0.628300	-0.628300
-1.586000	0.414000	0.560132	-0.560132	0.627400	-0.627400
-1.585000	0.415000	0.559232	-0.559232	0.626500	-0.626500
-1.584000	0.416000	0.558332	-0.558332	0.625600	-0.625600
-1.583000	0.417000	0.557432	-0.557432	0.624700	-0.624700
-1.582000	0.418000	0.556532	-0.556532	0.623800	-0.623800
-1.581000	0.419000	0.555632	-0.555632	0.622900	-0.622900
-1.580000	0.420000	0.554732	-0.554732	0.622000	-0.622000
-1.579000	0.421000	0.553832	-0.553832	0.621100	-0.621100
-1.578000	0.422000	0.552932	-0.552932	0.620200	-0.620200
-1.577000	0.423000	0.552032	-0.552032	0.619300	-0.619300
-1.576000	0.424000	0.551132	-0.551132	0.618400	-0.618400
-1.575000	0.425000	0.550232	-0.550232	0.617500	-0.617500
-1.574000	0.426000	0.549332	-0.549332	0.616600	-0.616600
-1.573000	0.427000	0.548432	-0.548432	0.615700	-0.615700
-1.572000	0.428000	0.547532	-0.547532	0.614800	-0.614800
-1.571000	0.429000	0.546632	-0.546632	0.613900	-0.613900
-1.570000	0.430000	0.545732	-0.545732	0.613000	-0.613000
-1.569000	0.431000	0.544832	-0.544832	0.612100	-0.612100
-1.568000	0.432000	0.543932	-0.543932	0.611200	-0.611200
-1.567000	0.433000	0.543032	-0.543032	0.610300	-0.610300
-1.566000	0.434000	0.542132	-0.542132	0.609400	-0.609400
-1.565000	0.435000	0.541232	-0.541232	0.608500	-0.608500
-1.564000	0.436000	0.540332	-0.540332	0.607600	-0.607600
-1.563000	0.437000	0.539432	-0.539432	0.606700	-0.606700
-1.562000	0.438000	0.538532	-0.538532	0.605800	-0.605800
-1.561000	0.439000	0.537632	-0.537632	0.604900	-0.604900
-1.560000	0.440000	0.536732	-0.536732	0.604000	-0.604000
-1.559000	0.441000	0.535832	-0.535832	0.603100	-0.603100
-1.558000	0.442000	0.534932	-0.534932	0.602200	-0.602200
-1.557000	0.443000	0.534032	-0.534032	0.601300	-0.601300
-1.556000	0.444000	0.533132	-0.533132	0.600400	-0.600400
-1.555000	0.445000	0.532232	-0.532232	0.599500	-0.599500
-1.554000	0.446000	0.531332	-0.531332	0.598600	-0.598600
-1.553000	0.447000	0.530432	-0.530432	0.597700	-0.597700
-1.552000	0.448000	0.529532	-0.529532	0.596800	-0.596800
-1.551000	0.449000	0.528632	-0.528632	0.595900	-0.595900
-1.550000	0.450000	0.527732	-0.527732	0.595000	-0.595000
-1.549000	0.451000	0.526832	-0.526832	0.594100	-0.594100
-1.548000	0.452000	0.525932	-0.525932	0.593200	-0.593200
-1.547000	0.453000	0.525032	-0.525032	0.592300	-0.592300
-1.546000	0.454000	0.524132	-0.524132	0.591400	-0.591400
-1.545000	0.455000	0.523232	-0.523232	0.590500	-0.590500
-1.544000	0.456000	0.522332	-0.522332	0.589600	-0.589600
-1.543000	0.457000	0.521432	-0.521432	0.588700	-0.588700
-1.542000	0.458000	0.520532	-0.520532	0.587800	-0.587800
-1.541000	0.459000	0.519632	-0.519632	0.586900	-0.586900
-1.540000	0.460000	0.518732	-0.518732	0.586000	-0.586000
-1.539000	0.461000	0.517832	-0.517832	0.585100	-0.585100
-1.538000	0.462000	0.516932	-0.516932	0.584200	-0.584200
-1.537000	0.463000	0.516032	-0.516032	0.583300	-0.583300
-1.536000	0.464000	0.515132	-0.515132	0.582400	-0.582400
-1.535000	0.465000	0.514232	-0.514232	0.581500	-0.581500
-1.534000	0.466000	0.513332	-0.513332	0.580600	-0.580600
-1.533000	0.467000	0.512432	-0.512432	0.579700	-0.579700
-1.532000	0.468000	0.511532	-0.511532	0.578800	-0.578800
-1.531000	0.469000	0.510632	-0.510632	0.577900	-0.577900
-1.530000	0.470000	0.509732	-0.509732	0.577000	-0.577000
-1.529000	0.471000	0.508832	-0.508832	0.576100	-0.576100
-1.528000	0.472000	0.507932	-0.507932	0.575200	-0.575200
-1.527000	0.473000	0.507032	-0.507032	0.574300	-0.574300
-1.526000	0.474000	0.506132	-0.506132	0.573400	-0.573400
-1.525000	0.475000	0.505232	-0.505232	0.572500	-0.572500
-1.524000	0.476000	0.504332	-0.504332	0.571600	-0.571600
-1.523000	0.477000	0.503432	-0.503432	0.570700	-0.570700
-1.522000	0.478000	0.502532	-0.502532	0.569800	-0.569800
-1.521000	0.479000	0.501632	-0.501632	0.568900	-0.568900
-1.520000	0.480000	0.500732	-0.500732	0.568000	-0.568000
-1.519000	0.481000	0.499832	-0.499832	0.567100	-0.567100
-1.518000	0.482000	0.498932	-0.498932	0.566200	-0.566200
-1.517000	0.483000	0.498032	-0.498032	0.565300	-0.565300
-1.516000	0.484000	0.497132	-0.497132	0.564400	-0.564400
-1.515000	0.485000	0.496232	-0.496232	0.563500	-0.563500
-1.514000	0.486000	0.495332	-0.495332	0.562600	-0.562600
-1.513000	0.487000	0.494432	-0.494432	0.561700	-0.561700
-1.512000	0.488000	0.493532	-0.493532	0.560800	-0.560800
-1.511000	0.489000	0.492632	-0.492632	0.559900	-0.559900
-1.510000	0.490000	0.491732	-0.491732	0.559000	-0.559000
-1.509000	0.491000	0.490832	-0.490832	0.558100	-0.558100
-1.508000	0.492000	0.489932	-0.489932	0.557200	-0.557200
-1.507000	0.493000	0.489032	-0.489032	0.556300	-0.556300
-1.506000	0.494000	0.488132	-0.488132	0.555400	-0.555400
-1.505000	0.495000	0.487232	-0.487232	0.554500	-0.554500
-1.504000	0.496000	0.486332	-0.486332	0.553600	-0.553600
-1.503000	0.497000	0.485432	-0.485432	0.552700	-0.552700
-1.502000	0.498000	0.484532	-0.484532	0.551800	-0.551800
-1.501000	0.499000	0.483632	-0.483632	0.550900	-0.550900
-1.500000	0.500000	0.482732	-0.482732	0.550000	-0.550000
-1.499000	0.501000	0.481832	-0.481832	0.549100	-0.549100
-1.498000	0.502000	0.480932	-0.480932	0.548200	-0.548200
-1.497000	0.503000	0.480032	-0.480032	0.547300	-0.547300
-1.496000	0.504000	0.479132	-0.479132	0.546400	-0.546400
-1.495000	0.505000	0.478232	-0.478232	0.545500	-0.545500
-1.494000	0.506000	0.477332	-0.477332	0.544600	-0.544600
-1.493000	0.507000	0.476432	-0.476432	0.543700	-0.543700
-1.492000	0.508000	0.475532	-0.475532	0.542800	-0.542800
-1.491000	0.509000	0.474632	-0.474632	0.541900	-0.541900
-1.490000	0.510000	0.473732	-0.473732	0.541000	-0.541000
-1.489000	0.511000	0.472832	-0.472832	0.540100	-0.540100
-1.488000	0.512000	0.471932	-0.471932	0.539200	-0.539200
-1.487000	0.513000	0.471032	-0.471032	0.538300	-0.538300
-1.486000	0.514000	0.470132	-0.470132	0.537400	-0.537400
-1.485000	0.515000	0.469232	-0.469232	0.536500	-0.536500
-1.484000	0.516000	0.468332	-0.468332	0.535600	-0.535600
-1.483000	0.517000	0.467432	-0.467432	0.534700	-0.534700
-1.482000	0.518000	0.466532	-0.466532	0.533800	-0.533800
-1.481000	0.519000	0.465632	-0.465632	0.532900	-0.532900
-1.480000	0.520000	0.464732	-0.464732	0.532000	-0.532000
-1.479000	0.521000	0.463832	-0.463832	0.531100	-0.531100
-1.478000	0.522000	0.462932	-0.462932	0.530200	-0.530200
-1.477000	0.523000	0.462032	-0.462032	0.529300	-0.529300
-1.476000	0.524000	0.461132	-0.461132	0.528400	-0.528400
-1.475000	0.525000	0.460232	-0.460232	0.527500	-0.527500
-1.474000	0.526000	0.459332	-0.459332	0.526600	-0.526600
-1.473000	0.527000	0.458432	-0.458432	0.525700	-0.525700
-1.472000	0.528000	0.457532	-0.457532	0.524800	-0.524800
-1.471000	0.529000	0.456632	-0.456632	0.523900	-0.523900
-1.470000	0.530000	0.455732	-0.455732	0.523000	-0.523000
-1.469000	0.531000	0.454832	-0.454832	0.522100	-0.522100
-1.468000	0.532000	0.453932	-0.453932	0.521200	-0.521200
-1.467000	0.533000	0.453032	-0.453032	0.520300	-0.520300
-1.466000	0.534000	0.452132	-0.452132	0.519400	-0.519400
-1.465000	0.535000	0.451232	-0.451232	0.518500	-0.518500
-1.464000	0.536000	0.450332	-0.450332	0.517600	-0.517600
-1.463000	0.537000	0.449432	-0.449432	0.516700	-0.516700
-1.462000	0.538000	0.448532	-0.448532	0.515800	-0.515800
-1.461000	0.539000	0.447632	-0.447632	0.514900	-0.514900
-1.460000	0.540000	0.446732	-0.446732	0.514000	-0.514000
-1.459000	0.541000	0.445832	-0.445832	0.513100	-0.513100
-1.458000	0.542000	0.444932	-0.444932	0.512200	-0.512200
-1.457000	0.543000	0.444032	-0.444032	0.511300	-0.511300
-1.456000	0.544000	0.443132	-0.443132	0.510400	-0.510400
-1.455000	0.545000	0.442232	-0.442232	0.509500	-0.509500
-1.454000	0.546000	0.441332	-0.441332	0.508600	-0.508600
-1.453000	0.547000	0.440432	-0.440432	0.507700	-0.507700
-1.452000	0.548000	0.439532	-0.439532	0.506800	-0.506800
-1.451000	0.549000	0.438632	-0.438632	0.505900	-0.505900
-1.450000	0.550000	0.437732	-0.437732	0.505000	-0.505000
-1.449000	0.551000	0.436832	-0.436832	0.504100	-0.504100
-1.448000	0.552000	0.435932	-0.435932	0.503200	-0.503200
-1.447000	0.553000	0.435032	-0.435032	0.502300	-0.502300
-1.446000	0.554000	0.434132	-0.434132	0.501400	-0.501400
-1.445000	0.555000	0.433232	-0.433232	0.500500	-0.500500
-1.444000	0.556000	0.432332	-0.432332	0.499600	-0.499600
-1.443000	0.557000	0.431432	-0.431432	0.498700	-0.498700
-1.442000	0.558000	0.430532	-0.430532	0.497800	-0.497800
-1.441000	0.559000	0.429632	-0.429632	0.496900	-0.496900
-1.440000	0.560000	0.428732	-0.428732	0.496000	-0.496000
-1.439000	0.561000	0.427832	-0.427832	0.495100	-0.495100
-1.438000	0.562000	0.426932	-0.426932	0.494200	-0.494200
-1.437000	0.563000	0.426032	-0.426032	0.493300	-0.493300
-1.436000	0.564000	0.425132	-0.425132	0.492400	-0.492400
-1.435000	0.565000	0.424232	-0.424232	0.491500	-0.491500
-1.434000	0.566000	0.423332	-0.423332	0.490600	-0.490600
-1.433000	0.567000	0.422432	-0.422432	0.489700	-0.489700
-1.432000	0.568000	0.421532	-0.421532	0.488800	-0.488800
-1.431000	0.569000	0.420632	-0.420632	0.487900	-0.487900
-1.430000	0.570000	0.419732	-0.419732	0.487000	-0.487000
-1.429000	0.571000	0.418832	-0.418832	0.486100	-0.486100
-1.428000	0.572000	0.417932	-0.417932	0.485200	-0.485200
-1.427000	0.573000	0.417032	-0.417032	0.484300	-0.484300
-1.426000	0.574000	0.416132	-0.416132	0.483400	-0.483400
-1.425000	0.575000	0.415232	-0.415232	0.482500	-0.482500
-1.424000	0.576000	0.414332	-0.414332	0.481600	-0.481600
-1.423000	0.577000	0.413432	-0.413432	0.480700	-0.480700
-1.422000	0.578000	0.412532	-0.412532	0.479800	-0.479800
-1.421000	0.579000	0.411632	-0.411632	0.478900	-0.478900
-1.420000	0.580000	0.410732	-0.410732	0.478000	-0.478000
-1.419000	0.581000	0.409832	-0.409832	0.477100	-0.477100
-1.418000	0.582000	0.408932	-0.408932	0.476200	-0.476200
-1.417000	0.583000	0.408032	-0.408032	0.475300	-0.475300
-1.416000	0.584000	0.407132	-0.407132	0.474400	-0.474400
-1.415000	0.585000	0.406232	-0.406232	0.473500	-0.473500
-1.414000	0.586000	0.405332	-0.405332	0.472600	-0.472600
-1.413000	0.587000	0.404432	-0.404432	0.471700	-0.471700
-1.412000	0.588000	0.403532	-0.403532	0.470800	-0.470800
-1.411000	0.589000	0.402632	-0.402632	0.469900	-0.469900
-1.410000	0.590000	0.401732	-0.401732	0.469000	-0.469000
-1.409000	0.591000	0.400832	-0.400832	0.468100	-0.468100
-1.408000	0.592000	0.399932	-0.399932	0.467200	-0.467200
-1.407000	0.593000	0.399032	-0.399032	0.466300	-0.466300
-1.406000	0.594000	0.398132	-0.398132	0.465400	-0.465400
-1.405000	0.595000	0.397232	-0.397232	0.464500	-0.464500
-1.404000	0.596000	0.396332	-0.396332	0.463600	-0.463600
-1.403000	0.597000	0.395432	-0.395432	0.462700	-0.462700
-1.402000	0.598000	0.394532	-0.394532	0.461800	-0.461800
-1.401000	0.599000	0.393632	-0.393632	0.460900	-0.460900
-1.400000	0.600000	0.392732	-0.392732	0.460000	-0.460000
-1.399000	0.601000	0.391832	-0.391832	0.459100	-0.459100
-1.398000	0.602000	0.390932	-0.390932	0.458200	-0.458200
-1.397000	0.603000	0.390032	-0.390032	0.457300	-0.457300
-1.396000	0.604000	0.389132	-0.389132	0.456400	-0.456400
-1.395000	0.605000	0.388232	-0.388232	0.455500	-0.455500
-1.394000	0.606000	0.387332	-0.387332	0.454600	-0.454600
-1.393000	0.607000	0.386432	-0.386432	0.453700	-0.453700
-1.392000	0.608000	0.385532	-0.385532	0.452800	-0.452800
-1.391000	0.609000	0.384632	-0.384632	0.451900	-0.451900
-1.390000	0.610000	0.383732	-0.383732	0.451000	-0.451000
-1.389000	0.611000	0.382832	-0.382832	0.450100	-0.450100
-1.388000	0.612000	0.381932	-0.381932	0.449200	-0.449200
-1.387000	0.613000	0.381032	-0.381032	0.448300	-0.448300
-1.386000	0.614000	0.380132	-0.380132	0.447400	-0.447400
-1.385000	0.615000	0.379232	-0.379232	0.446500	-0.446500
-1.384000	0.616000	0.378332	-0.378332	0.445600	-0.445600
-1.383000	0.617000	0.377432	-0.377432	0.444700	-0.444700
-1.382000	0.618000	0.376532	-0.376532	0.443800	-0.443800
-1.381000	0.619000	0.375632	-0.375632	0.442900	-0.442900
-1.380000	0.620000	0.374732	-0.374732	0.442000	-0.442000
-1.379000	0.621000	0.373832	-0.373832	0.441100	-0.441100
-1.378000	0.622000	0.372932	-0.372932	0.440200	-0.440200
-1.377000	0.623000	0.372032	-0.372032	0.439300	-0.439300
-1.376000	0.624000	0.371132	-0.371132	0.438400	-0.438400
-1.375000	0.625000	0.370232	-0.370232	0.437500	-0.437500
-1.374000	0.626000	0.369332	-0.369332	0.436600	-0.436600
-1.373000	0.627000	0.368432	-0.368432	0.435700	-0.435700
-1.372000	0.628000	0.367532	-0.367532	0.434800	-0.434800
-1.371000	0.629000	0.366632	-0.366632	0.433900	-0.433900
-1.370000	0.630000	0.365732	-0.365732	0.433000	-0.433000
-1.369000	0.631000	0.364832	-0.364832	0.432100	-0.432100
-1.368000	0.632000	0.363932	-0.363932	0.431200	-0.431200
-1.367000	0.633000	0.363032	-0.363032	0.430300	-0.430300
-1.366000	0.634000	0.362132	-0.362132	0.429400	-0.429400
-1.365000	0.635000	0.361232	-0.361232	0.428500	-0.428500
-1.364000	0.636000	0.360332	-0.360332	0.427600	-0.427600
-1.363000	0.637000	0.359432	-0.359432	0.426700	-0.426700
-1.362000	0.638000	0.358532	-0.358532	0.425800	-0.425800
-1.361000	0.639000	0.357632	-0.357632	0.424900	-0.424900
-1.360000	0.640000	0.356732	-0.356732	0.424000	-0.424000
-1.359000	0.641000	0.355832	-0.355832	0.423100	-0.423100
-1.358000	0.642000	0.354932	-0.354932	0.422200	-0.422200
-1.357000	0.643000	0.354032	-0.354032	0.421300	-0.421300
-1.356000	0.644000	0.353132	-0.353132	0.420400	-0.420400
-1.355000	0.645000	0.352232	-0.352232	0.419500	-0.419500
-1.354000	0.646000	0.351332	-0.351332	0.418600	-0.418600
-1.353000	0.647000	0.350432	-0.350432	0.417700	-0.417700
-1.352000	0.648000	0.349532	-0.349532	0.416800	-0.416800
-1.351000	0.649000	0.348632	-0.348632	0.415900	-0.415900
-1.350000	0.650000	0.347732	-0.347732	0.415000	-0.415000
-1.349000	0.651000	0.346832	-0.346832	0.414100	-0.414100
-1.348000	0.652000	0.345932	-0.345932	0.413200	-0.413200
-1.347000	0.653000	0.345032	-0.345032	0.412300	-0.412300
-1.346000	0.654000	0.344132	-0.344132	0.411400	-0.411400
-1.345000	0.655000	0.343232	-0.343232	0.410500	-0.410500
-1.344000	0.656000	0.342332	-0.342332	0.409600	-0.409600
-1.343000	0.657000	0.341432	-0.341432	0.408700	-0.408700
-1.342000	0.658000	0.340532	-0.340532	0.407800	-0.407800
-1.341000	0.659000	0.339632	-0.339632	0.406900	-0.406900
-1.340000	0.660000	0.338732	-0.338732	0.406000	-0.406000
-1.339000	0.661000	0.337832	-0.337832	0.405100	-0.405100
-1.338000	0.662000	0.336932	-0.336932	0.404200	-0.404200
-1.337000	0.663000	0.336032	-0.336032	0.403300	-0.403300
-1.336000	0.664000	0.335132	-0.335132	0.402400	-0.402400
-1.335000	0.665000	0.334232	-0.334232	0.401500	-0.401500
-1.334000	0.666000	0.333332	-0.333332	0.400600	-0.400600
-1.333000	0.667000	0.332432	-0.332432	0.399700	-0.399700
-1.332000	0.668000	0.331532	-0.331532	0.398800	-0.398800
-1.331000	0.669000	0.330632	-0.330632	0.397900	-0.397900
-1.330000	0.670000	0.329732	-0.329732	0.397000	-0.397000
-1.329000	0.671000	0.328832	-0.328832	0.396100	-0.396100
-1.328000	0.672000	0.327932	-0.327932	0.395200	-0.395200
-1.327000	0.673000	0.327032	-0.327032	0.394300	-0.394300
-1.326000	0.674000	0.326132	-0.326132	0.393400	-0.393400
-1.325000	0.675000	0.325232	-0.325232	0.392500	-0.392500
-1.324000	0.676000	0.324332	-0.324332	0.391600	-0.391600
-1.323000	0.677000	0.323432	-0.323432	0.390700	-0.390700
-1.322000	0.678000	0.322532	-0.322532	0.389800	-0.389800
-1.321000	0.679000	0.321632	-0.321632	0.388900	-0.388900
-1.320000	0.680000	0.320732	-0.320732	0.388000	-0.388000
-1.319000	0.681000	0.319832	-0.319832	0.387100	-0.387100
-1.318000	0.682000	0.318932	-0.318932	0.386200	-0.386200
-1.317000	0.683000	0.318032	-0.318032	0.385300	-0.385300
-1.316000	0.684000	0.317132	-0.317132	0.384400	-0.384400
-1.315000	0.685000	0.316232	-0.316232	0.383500	-0.383500
-1.314000	0.686000	0.315332	-0.315332	0.382600	-0.382600
-1.313000	0.687000	0.314432	-0.314432	0.381700	-0.381700
-1.312000	0.688000	0.313532	-0.313532	0.380800	-0.380800
-1.311000	0.689000	0.312632	-0.312632	0.379900	-0.379900
-1.310000	0.690000	0.311732	-0.311732	0.379000	-0.379000
-1.309000	0.691000	0.310832	-0.310832	0.378100	-0.378100
-1.308000	0.692000	0.309932	-0.309932	0.377200	-0.377200
-1.307000	0.693000	0.309032	-0.309032	0.376300	-0.376300
-1.306000	0.694000	0.308132	-0.308132	0.375400	-0.375400
-1.305000	0.695000	0.307232	-0.307232	0.374500	-0.374500
-1.304000	0.696000	0.306332	-0.306332	0.373600	-0.373600
-1.303000	0.697000	0.305432	-0.305432	0.372700	-0.372700
-1.302000	0.698000	0.304532	-0.304532	0.371800	-0.371800
-1.301000	0.699000	0.303632	-0.303632	0.370900	-0.370900
-1.300000	0.700000	0.302732	-0.302732	0.370000	-0.370000
-1.299000	0.701000	0.301832	-0.301832	0.369100	-0.369100
-1.298000	0.702000	0.300932	-0.300932	0.368200	-0.368200
-1.297000	0.703000	0.300032	-0.300032	0.367300	-0.367300
-1.296000	0.704000	0.299132	-0.299132	0.366400	-0.366400
-1.295000	0.705000	0.298232	-0.298232	0.365500	-0.365500
-1.294000	0.706000	0.297332	-0.297332	0.364600	-0.364600
-1.293000	0.707000	0.296432	-0.296432	0.363700	-0.363700
-1.292000	0.708000	0.295532	-0.295532	0.362800	-0.362800
-1.291000	0.709000	0.294632	-0.294632	0.361900	-0.361900
-1.290000	0.710000	0.293732	-0.293732	0.361000	-0.361000
-1.289000	0.711000	0.292832	-0.292832	0.360100	-0.360100
-1.288000	0.712000	0.291932	-0.291932	0.359200	-0.359200
-1.287000	0.713000	0.291032	-0.291032	0.358300	-0.358300
-1.286000	0.714000	0.290132	-0.290132	0.357400	-0.357400
-1.285000	0.715000	0.289232	-0.289232	0.356500	-0.356500
-1.284000	0.716000	0.288332	-0.288332	0.355600	-0.355600
-1.283000	0.717000	0.287432	-0.287432	0.354700	-0.354700
-1.282000	0.718000	0.286532	-0.286532	0.353800	-0.353800
-1.281000	0.719000	0.285632	-0.285632	0.352900	-0.352900
-1.280000	0.720000	0.284732	-0.284732	0.352000	-0.352000
-1.279000	0.721000	0.283832	-0.283832	0.351100	-0.351100
-1.278000	0.722000	0.282932	-0.282932	0.350200	-0.350200
-1.277000	0.723000	0.282032	-0.282032	0.349300	-0.349300
-1.276000	0.724000	0.281132	-0.281132	0.348400	-0.348400
-1.275000	0.725000	0.280232	-0.280232	0.347500	-0.347500
-1.274000	0.726000	0.279332	-0.279332	0.346600	-0.346600
-1.273000	0.727000	0.278432	-0.278432	0.345700	-0.345700
-1.272000	0.728000	0.277532	-0.277532	0.344800	-0.344800
-1.271000	0.729000	0.276632	-0.276632	0.343900	-0.343900
-1.270000	0.730000	0.275732	-0.275732	0.343000	-0.343000
-1.269000	0.731000	0.274832	-0.274832	0.342100	-0.342100
-1.268000	0.732000	0.273932	-0.273932	0.341200	-0.341200
-1.267000	0.733000	0.273032	-0.273032	0.340300	-0.340300
-1.266000	0.734000	0.272132	-0.272132	0.339400	-0.339400
-1.265000	0.735000	0.271232	-0.271232	0.338500	-0.338500
-1.264000	0.736000	0.270332	-0.270332	0.337600	-0.337600
-1.263000	0.737000	0.269432	-0.269432	0.336700	-0.336700
-1.262000	0.738000	0.268532	-0.268532	0.335800	-0.335800
-1.261000	0.739000	0.267632	-0.267632	0.334900	-0.334900
-1.260000	0.740000	0.266732	-0.266732	0.334000	-0.334000
-1.259000	0.741000	0.265832	-0.265832	0.333100	-0.333100
-1.258000	0.742000	0.264932	-0.264932	0.332200	-0.332200
-1.257000	0.743000	0.264032	-0.264032	0.331300	-0.331300
-1.256000	0.744000	0.263132	-0.263132	0.330400	-0.330400
-1.255000	0.745000	0.262232	-0.262232	0.329500	-0.329500
-1.254000	0.746000	0.261332	-0.261332	0.328600	-0.328600
-1.253000	0.747000	0.260432	-0.260432	0.327700	-0.327700
-1.252000	0.748000	0.259532	-0.259532	0.326800	-0.326800
-1.251000	0.749000	0.258632	-0.258632	0.325900	-0.325900
-1.250000	0.750000	0.257732	-0.257732	0.325000	-0.325000
-1.249000	0.751000	0.256832	-0.256832	0.324100	-0.324100
-1.248000	0.752000	0.255932	-0.255932	0.323200	-0.323200
-1.247000	0.753000	0.255032	-0.255032	0.322300	-0.322300
-1.246000	0.754000	0.254132	-0.254132	0.321400	-0.321400
-1.245000	0.755000	0.253232	-0.253232	0.320500	-0.320500
-1.244000	0.756000	0.252332	-0.252332	0.319600	-0.319600
-1.243000	0.757000	0.251432	-0.251432	0.318700	-0.318700
-1.242000	0.758000	0.250532	-0.250532	0.317800	-0.317800
-1.241000	0.759000	0.249632	-0.249632	0.316900	-0.316900
-1.240000	0.760000	0.248732	-0.248732	0.316000	-0.316000
-1.239000	0.761000	0.247832	-0.247832	0.315100	-0.315100
-1.238000	0.762000	0.246932	-0.246932	0.314200	-0.314200
-1.237000	0.763000	0.246032	-0.246032	0.313300	-0.313300
-1.236000	0.764000	0.245132	-0.245132	0.312400	-0.312400
-1.235000	0.765000	0.244232	-0.244232	0.311500	-0.311500
-1.234000	0.766000	0.243332	-0.243332	0.310600	-0.310600
-1.233000	0.767000	0.242432	-0.242432	0.309700	-0.309700
-1.232000	0.768000	0.241532	-0.241532	0.308800	-0.308800
-1.231000	0.769000	0.240632	-0.240632	0.307900	-0.307900
-1.230000	0.770000	0.239732	-0.239732	0.307000	-0.307000
-1.229000	0.771000	0.238832	-0.238832	0.306100	-0.306100
-1.228000	0.772000	0.237932	-0.237932	0.305200	-0.305200
-1.227000	0.773000	0.237032	-0.237032	0.304300	-0.304300
-1.226000	0.774000	0.236132	-0.236132	0.303400	-0.303400
-1.225000	0.775000	0.235232	-0.235232	0.302500	-0.302500
-1.224000	0.776000	0.234332	-0.234332	0.301600	-0.301600
-1.223000	0.777000	0.233432	-0.233432	0.300700	-0.300700
-1.222000	0.778000	0.232532	-0.232532	0.299800	-0.299800
-1.221000	0.779000	0.231632	-0.231632	0.298900	-0.298900
-1.220000	0.780000	0.230732	-0.230732	0.298000	-0.298000
-1.219000	0.781000	0.229832	-0.229832	0.297100	-0.297100
-1.218000	0.782000	0.228932	-0.228932	0.296200	-0.296200
-1.217000	0.783000	0.228032	-0.228032	0.295300	-0.295300
-1.216000	0.784000	0.227132	-0.227132	0.294400	-0.294400
-1.215000	0.785000	0.226232	-0.226232	0.293500	-0.293500
-1.214000	0.786000	0.225332	-0.225332	0.292600	-0.292600
-1.213000	0.787000	0.224432	-0.224432	0.291700	-0.291700
-1.212000	0.788000	0.223532	-0.223532	0.290800	-0.290800
-1.211000	0.789000	0.222632	-0.222632	0.289900	-0.289900
-1.210000	0.790000	0.221732	-0.221732	0.289000	-0.289000
-1.209000	0.791000	0.220832	-0.220832	0.288100	-0.288100
-1.208000	0.792000	0.219932	-0.219932	0.287200	-0.287200
-1.207000	0.793000	0.219032	-0.219032	0.286300	-0.286300
-1.206000	0.794000	0.218132	-0.218132	0.285400	-0.285400
-1.205000	0.795000	0.217232	-0.217232	0.284500	-0.284500
-1.204000	0.796000	0.216332	-0.216332	0.283600	-0.283600
-1.203000	0.797000	0.215432	-0.215432	0.282700	-0.282700
-1.202000	0.798000	0.214532	-0.214532	0.281800	-0.281800
-1.201000	0.799000	0.213632	-0.213632	0.280900	-0.280900
-1.200000	0.800000	0.212732	-0.212732	0.280000	-0.280000
-1.199000	0.801000	0.211832	-0.211832	0.279100	-0.279100
-1.198000	0.802000	0.210932	-0.210932	0.278200	-0.278200
-1.197000	0.803000	0.210032	-0.210032	0.277300	-0.277300
-1.196000	0.804000	0.209132	-0.209132	0.276400	-0.276400
-1.195000	0.805000	0.208232	-0.208232	0.275500	-0.275500
-1.194000	0.806000	0.207332	-0.207332	0.274600	-0.274600
-1.193000	0.807000	0.206432	-0.206432	0.273700	-0.273700
-1.192000	0.808000	0.205532	-0.205532	0.272800	-0.272800
-1.191000	0.809000	0.204632	-0.204632	0.271900	-0.271900
-1.190000	0.810000	0.203732	-0.203732	0.271000	-0.271000
-1.189000	0.811000	0.202832	-0.202832	0.270100	-0.270100
-1.188000	0.812000	0.201932	-0.201932	0.269200	-0.269200
-1.187000	0.813000	0.201032	-0.201032	0.268300	-0.268300
-1.186000	0.814000	0.200132	-0.200132	0.267400	-0.267400
-1.185000	0.815000	0.199232	-0.199232	0.266500	-0.266500
-1.184000	0.816000	0.198332	-0.198332	0.265600	-0.265600
-1.183000	0.817000	0.197432	-0.197432	0.264700	-0.264700
-1.182000	0.818000	0.196532	-0.196532	0.263800	-0.263800
-1.181000	0.819000	0.195632	-0.195632	0.262900	-0.262900
-1.180000	0.820000	0.194732	-0.194732	0.262000	-0.262000
-1.179000	0.821000	0.193832	-0.193832	0.261100	-0.261100
-1.178000	0.822000	0.192932	-0.192932	0.260200	-0.260200
-1.177000	0.823000	0.192032	-0.192032	0.259300	-0.259300
-1.176000	0.824000	0.191132	-0.191132	0.258400	-0.258400
-1.175000	0.825000	0.190232	-0.190232	0.257500	-0.257500
-1.174000	0.826000	0.189332	-0.189332	0.256600	-0.256600
-1.173000	0.827000	0.188432	-0.188432	0.255700	-0.255700
-1.172000	0.828000	0.187532	-0.187532	0.254800	-0.254800
-1.171000	0.829000	0.186632	-0.186632	0.253900	-0.253900
-1.170000	0.830000	0.185732	-0.185732	0.253000	-0.253000
-1.169000	0.831000	0.184832	-0.184832	0.252100	-0.252100
-1.168000	0.832000	0.183932	-0.183932	0.251200	-0.251200
-1.167000	0.833000	0.183032	-0.183032	0.250300	-0.250300
-1.166000	0.834000	0.182132	-0.182132	0.249400	-0.249400
-1.165000	0.835000	0.181232	-0.181232	0.248500	-0.248500
-1.164000	0.836000	0.180332	-0.180332	0.247600	-0.247600
-1.163000	0.837000	0.179432	-0.179432	0.246700	-0.246700
-1.162000	0.838000	0.178532	-0.178532	0.245800	-0.245800
-1.161000	0.839000	0.177632	-0.177632	0.244900	-0.244900
-1.160000	0.840000	0.176732	-0.176732	0.244000	-0.244000
-1.159000	0.841000	0.175832	-0.175832	0.243100	-0.243100
-1.158000	0.842000	0.174932	-0.174932	0.242200	-0.242200
-1.157000	0.843000	0.174032	-0.174032	0.241300	-0.241300
-1.156000	0.844000	0.173132	-0.173132	0.240400	-0.240400
-1.155000	0.845000	0.172232	-0.172232	0.239500	-0.239500
-1.154000	0.846000	0.171332	-0.171332	0.238600	-0.238600
-1.153000	0.847000	0.170432	-0.170432	0.237700	-0.237700
-1.152000	0.848000	0.169532	-0.169532	0.236800	-0.236800
-1.151000	0.849000	0.168632	-0.168632	0.235900	-0.235900
-1.150000	0.850000	0.167732	-0.167732	0.235000	-0.235000
-1.149000	0.851000	0.166832	-0.166832	0.234100	-0.234100
-1.148000	0.852000	0.165932	-0.165932	0.233200	-0.233200
-1.147000	0.853000	0.165032	-0.165032	0.232300	-0.232300
-1.146000	0.854000	0.164132	-0.164132	0.231400	-0.231400
-1.145000	0.855000	0.163232	-0.163232	0.230500	-0.230500
-1.144000	0.856000	0.162332	-0.162332	0.229600	-0.229600
-1.143000	0.857000	0.161432	-0.161432	0.228700	-0.228700
-1.142000	0.858000	0.160532	-0.160532	0.227800	-0.227800
-1.141000	0.859000	0.159632	-0.159632	0.226900	-0.226900
-1.140000	0.860000	0.158732	-0.158732	0.226000	-0.226000
-1.139000	0.861000	0.157832	-0.157832	0.225100	-0.225100
-1.138000	0.862000	0.156932	-0.156932	0.224200	-0.224200
-1.137000	0.863000	0.156032	-0.156032	0.223300	-0.223300
-1.136000	0.864000	0.155132	-0.155132	0.222400	-0.222400
-1.135000	0.865000	0.154232	-0.154232	0.221500	-0.221500
-1.134000	0.866000	0.153332	-0.153332	0.220600	-0.220600
-1.133000	0.867000	0.152432	-0.152432	0.219700	-0.219700
-1.132000	0.868000	0.151532	-0.151532	0.218800	-0.218800
-1.131000	0.869000	0.150632	-0.150632	0.217900	-0.217900
-1.130000	0.870000	0.149732	-0.149732	0.217000	-0.217000
-1.129000	0.871000	0.148832	-0.148832	0.216100	-0.216100
-1.128000	0.872000	0.147932	-0.147932	0.215200	-0.215200
-1.127000	0.873000	0.147032	-0.147032	0.214300	-0.214300
-1.126000	0.874000	0.146132	-0.146132	0.213400	-0.213400
-1.125000	0.875000	0.145232	-0.145232	0.212500	-0.212500
-1.124000	0.876000	0.144332	-0.144332	0.211600	-0.211600
-1.123000	0.877000	0.143432	-0.143432	0.210700	-0.210700
-1.122000	0.878000	0.142532	-0.142532	0.209800	-0.209800
-1.121000	0.879000	0.141632	-0.141632	0.208900	-0.208900
-1.120000	0.880000	0.140732	-0.140732	0.208000	-0.208000
-1.119000	0.881000	0.139832	-0.139832	0.207100	-0.207100
-1.118000	0.882000	0.138932	-0.138932	0.206200	-0.206200
-1.117000	0.883000	0.138032	-0.138032	0.205300	-0.205300
-1.116000	0.884000	0.137132	-0.137132	0.204400	-0.204400
-1.115000	0.885000	0.136232	-0.136232	0.203500	-0.203500
-1.114000	0.886000	0.135332	-0.135332	0.202600	-0.202600
-1.113000	0.887000	0.134432	-0.134432	0.201700	-0.201700
-1.112000	0.888000	0.133532	-0.133532	0.200800	-0.200800
-1.111000	0.889000	0.132632	-0.132632	0.199900	-0.199900
-1.110000	0.890000	0.131732	-0.131732	0.199000	-0.199000
-1.109000	0.891000	0.130832	-0.130832	0.198100	-0.198100
-1.108000	0.892000	0.129932	-0.129932	0.197200	-0.197200
-1.107000	0.893000	0.129032	-0.129032	0.196300	-0.196300
-1.106000	0.894000	0.128132	-0.128132	0.195400	-0.195400
-1.105000	0.895000	0.127232	-0.127232	0.194500	-0.194500
-1.104000	0.896000	0.126332	-0.126332	0.193600	-0.193600
-1.103000	0.897000	0.125432	-0.125432	0.192700	-0.192700
-1.102000	0.898000	0.124532	-0.124532	0.191800	-0.191800
-1.101000	0.899000	0.123632	-0.123632	0.190900	-0.190900
-1.100000	0.900000	0.122732	-0.122732	0.190000	-0.190000
-1.099000	0.901000	0.121832	-0.121832	0.189100	-0.189100
-1.098000	0.902000	0.120932	-0.120932	0.188200	-0.188200
-1.097000	0.903000	0.120032	-0.120032	0.187300	-0.187300
-1.096000	0.904000	0.119132	-0.119132	0.186400	-0.186400
-1.095000	0.905000	0.118232	-0.118232	0.185500	-0.185500
-1.094000	0.906000	0.117332	-0.117332	0.184600	-0.184600
-1.093000	0.907000	0.116432	-0.116432	0.183700	-0.183700
-1.092000	0.908000	0.115532	-0.115532	0.182800	-0.182800
-1.091000	0.909000	0.114632	-0.114632	0.181900	-0.181900
-1.090000	0.910000	0.113732	-0.113732	0.181000	-0.181000
-1.089000	0.911000	0.112832	-0.112832	0.180100	-0.180100
-1.088000	0.912000	0.111932	-0.111932	0.179200	-0.179200
-1.087000	0.913000	0.111032	-0.111032	0.178300	-0.178300
-1.086000	0.914000	0.110132	-0.110132	0.177400	-0.177400
-1.085000	0.915000	0.109232	-0.109232	0.176500	-0.176500
-1.084000	0.916000	0.108332	-0.108332	0.175600	-0.175600
-1.083000	0.917000	0.107432	-0.107432	0.174700	-0.174700
-1.082000	0.918000	0.106532	-0.106532	0.173800	-0.173800
-1.081000	0.919000	0.105632	-0.105632	0.172900	-0.172900
-1.080000	0.920000	0.104732	-0.104732	0.172000	-0.172000
-1.079000	0.921000	0.103832	-0.103832	0.171100	-0.171100
-1.078000	0.922000	0.102932	-0.102932	0.170200	-0.170200
-1.077000	0.923000	0.102032	-0.102032	0.169300	-0.169300
-1.076000	0.924000	0.101132	-0.101132	0.168400	-0.168400
-1.075000	0.925000	0.100232	-0.100232	0.167500	-0.167500
-1.074000	0.926000	0.099332	-0.099332	0.166600	-0.166600
-1.073000	0.927000	0.098432	-0.098432	0.165700	-0.165700
-1.072000	0.928000	0.097532	-0.097532	0.164800	-0.164800
-1.071000	0.929000	0.096632	-0.096632	0.163900	-0.163900
-1.070000	0.930000	0.095732	-0.095732	0.163000	-0.163000
-1.069000	0.931000	0.094832	-0.094832	0.162100	-0.162100
-1.068000	0.932000	0.093932	-0.093932	0.161200	-0.161200
-1.067000	0.933000	0.093032	-0.093032	0.160300	-0.160300
-1.066000	0.934000	0.092132	-0.092132	0.159400	-0.159400
-1.065000	0.935000	0.091232	-0.091232	0.158500	-0.158500
-1.064000	0.936000	0.090332	-0.090332	0.157600	-0.157600
-1.063000	0.937000	0.089432	-0.089432	0.156700	-0.156700
-1.062000	0.938000	0.088532	-0.088532	0.155800	-0.155800
-1.061000	0.939000	0.087632	-0.087632	0.154900	-0.154900
-1.060000	0.940000	0.086732	-0.086732	0.154000	-0.154000
-1.059000	0.941000	0.085832	-0.085832	0.153100	-0.153100
-1.058000	0.942000	0.084932	-0.084932	0.152200	-0.152200
-1.057000	0.943000	0.084032	-0.084032	0.151300	-0.151300
-1.056000	0.944000	0.083132	-0.083132	0.150400	-0.150400
-1.055000	0.945000	0.082232	-0.082232	0.149500	-0.149500
-1.054000	0.946000	0.081332	-0.081332	0.148600	-0.148600
-1.053000	0.947000	0.080432	-0.080432	0.147700	-0.147700
-1.052000	0.948000	0.079532	-0.079532	0.146800	-0.146800
-1.051000	0.949000	0.078632	-0.078632	0.145900	-0.145900
-1.050000	0.950000	0.077732	-0.077732	0.145000	-0.145000
-1.049000	0.951000	0.076832	-0.076832	0.144100	-0.144100
-1.048000	0.952000	0.075932	-0.075932	0.143200	-0.143200
-1.047000	0.953000	0.075032	-0.075032	0.142300	-0.142300
-1.046000	0.954000	0.074132	-0.074132	0.141400	-0.141400
-1.045000	0.955000	0.073232	-0.073232	0.140500	-0.140500
-1.044000	0.956000	0.072332	-0.072332	0.139600	-0.139600
-1.043000	0.957000	0.071432	-0.071432	0.138700	-0.138700
-1.042000	0.958000	0.070532	-0.070532	0.137800	-0.137800
-1.041000	0.959000	0.069632	-0.069632	0.136900	-0.136900
-1.040000	0.960000	0.068732	-0.068732	0.136000	-0.136000
-1.039000	0.961000	0.067832	-0.067832	0.135100	-0.135100
-1.038000	0.962000	0.066932	-0.066932	0.134200	-0.134200
-1.037000	0.963000	0.066032	-0.066032	0.133300	-0.133300
-1.036000	0.964000	0.065132	-0.065132	0.132400	-0.132400
-1.035000	0.965000	0.064232	-0.064232	0.131500	-0.131500
-1.034000	0.966000	0.063332	-0.063332	0.130600	-0.130600
-1.033000	0.967000	0.062437	-0.062437	0.129700	-0.129700
-1.032000	0.968000	0.061581	-0.061581	0.128800	-0.128800
-1.031000	0.969000	0.060770	-0.060770	0.127900	-0.127900
-1.030000	0.970000	0.060000	-0.060000	0.127000	-0.127000
-1.029000	0.971000	0.059269	-0.059269	0.126100	-0.126100
-1.028000	0.972000	0.058575	-0.058575	0.125200	-0.125200
-1.027000	0.973000	0.057917	-0.057917	0.124300	-0.124300
-1.026000	0.974000	0.057292	-0.057292	0.123400	-0.123400
-1.025000	0.975000	0.056699	-0.056699	0.122500	-0.122500
-1.024000	0.976000	0.056137	-0.056137	0.121600	-0.121600
-1.023000	0.977000	0.055604	-0.055604	0.120700	-0.120700
-1.022000	0.978000	0.055100	-0.055100	0.119800	-0.119800
-1.021000	0.979000	0.054624	-0.054624	0.118900	-0.118900
-1.020000	0.980000	0.054174	-0.054174	0.118000	-0.118000
-1.019000	0.981000	0.053751	-0.053751	0.117100	-0.117100
-1.018000	0.982000	0.053352	-0.053352	0.116200	-0.116200
-1.017000	0.983000	0.052979	-0.052979	0.115300	-0.115300
-1.016000	0.984000	0.052629	-0.052629	0.114400	-0.114400
-1.015000	0.985000	0.052303	-0.052303	0.113500	-0.113500
-1.014000	0.986000	0.052000	-0.052000	0.112600	-0.112600
-1.013000	0.987000	0.051720	-0.051720	0.111700	-0.111700
-1.012000	0.988000	0.051461	-0.051461	0.110800	-0.110800
-1.011000	0.989000	0.051225	-0.051225	0.109900	-0.109900
-1.010000	0.990000	0.051010	-0.051010	0.109000	-0.109000
-1.009000	0.991000	0.050817	-0.050817	0.108100	-0.108100
-1.008000	0.992000	0.050644	-0.050644	0.107200	-0.107200
-1.007000	0.993000	0.050492	-0.050492	0.106300	-0.106300
-1.006000	0.994000	0.050361	-0.050361	0.105400	-0.105400
-1.005000	0.995000	0.050251	-0.050251	0.104500	-0.104500
-1.004000	0.996000	0.050160	-0.050160	0.103600	-0.103600
-1.003000	0.997000	0.050090	-0.050090	0.102700	-0.102700
-1.002000	0.998000	0.050040	-0.050040	0.101800	-0.101800
-1.001000	0.999000	0.050010	-0.050010	0.100900	-0.100900
-1.000000	1.000000	0.050000	-0.050000	0.100000	-0.100000
-0.999000	0.001000	0.050010	-0.050010	0.999100	-0.999100
-0.998000	0.002000	0.050040	-0.050040	0.998200	-0.998200
-0.997000	0.003000	0.050090	-0.050090	0.997300	-0.997300
-0.996000	0.004000	0.050160	-0.050160	0.996400	-0.996400
-0.995000	0.005000	0.050251	-0.050251	0.995500	-0.995500
-0.994000	0.006000	0.050361	-0.050361	0.994600	-0.994600
-0.993000	0.007000	0.050492	-0.050492	0.993700	-0.993700
-0.992000	0.008000	0.050644	-0.050644	0.992800	-0.992800
-0.991000	0.009000	0.050817	-0.050817	0.991900	-0.991900
-0.990000	0.010000	0.051010	-0.051010	0.991000	-0.991000
-0.989000	0.011000	0.051225	-0.051225	0.990100	-0.990100
-0.988000	0.012000	0.051461	-0.051461	0.989200	-0.989200
-0.987000	0.013000	0.051720	-0.051720	0.988300	-0.988300
-0.986000	0.014000	0.052000	-0.052000	0.987400	-0.987400
-0.985000	0.015000	0.052303	-0.052303	0.986500	-0.986500
-0.984000	0.016000	0.052629	-0.052629	0.985600	-0.985600
-0.983000	0.017000	0.052979	-0.052979	0.984700	-0.984700
-0.982000	0.018000	0.053352	-0.053352	0.983800	-0.983800
-0.981000	0.019000	0.053751	-0.053751	0.982900	-0.982900
-0.980000	0.020000	0.054174	-0.054174	0.982000	-0.982000
-0.979000	0.021000	0.054624	-0.054624	0.981100	-0.981100
-0.978000	0.022000	0.055100	-0.055100	0.980200	-0.980200
-0.977000	0.023000	0.055604	-0.055604	0.979300	-0.979300
-0.976000	0.024000	0.056137	-0.056137	0.978400	-0.978400
-0.975000	0.025000	0.056699	-0.056699	0.977500	-0.977500
-0.974000	0.026000	0.057292	-0.057292	0.976600	-0.976600
-0.973000	0.027000	0.057917	-0.057917	0.975700	-0.975700
-0.972000	0.028000	0.058575	-0.058575	0.974800	-0.974800
-0.971000	0.029000	0.059269	-0.059269	0.973900	-0.973900
-0.970000	0.030000	0.060000	-0.060000	0.973000	-0.973000
-0.969000	0.031000	0.060770	-0.060770	0.972100	-0.972100
-0.968000	0.032000	0.061581	-0.061581	0.971200	-0.971200
-0.967000	0.033000	0.062437	-0.062437	0.970300	-0.970300
-0.966000	0.034000	0.063339	-0.063339	0.969400	-0.969400
-0.965000	0.035000	0.064293	-0.064293	0.968500	-0.968500
-0.964000	0.036000	0.065301	-0.065301	0.967600	-0.967600
-0.963000	0.037000	0.066370	-0.066370	0.966700	-0.966700
-0.962000	0.038000	0.067504	-0.067504	0.965800	-0.965800
-0.961000	0.039000	0.068711	-0.068711	0.964900	-0.964900
-0.960000	0.040000	0.070000	-0.070000	0.964000	-0.964000
-0.959000	0.041000	0.071382	-0.071382	0.963100	-0.963100
-0.958000	0.042000	0.072871	-0.072871	0.962200	-0.962200
-0.957000	0.043000	0.074485	-0.074485	0.961300	-0.961300
-0.956000	0.044000	0.076251	-0.076251	0.960400	-0.960400
-0.955000	0.045000	0.078206	-0.078206	0.959500	-0.959500
-0.954000	0.046000	0.080404	-0.080404	0.958600	-0.958600
-0.953000	0.047000	0.082941	-0.082941	0.957700	-0.957700
-0.952000	0.048000	0.086000	-0.086000	0.956800	-0.956800
-0.951000	0.049000	0.090050	-0.090050	0.955900	-0.955900
-0.950000	0.050000	0.100000	-0.100000	0.955000	-0.955000
-0.949000	0.051000	0.886832	-0.886832	0.954100	-0.954100
-0.948000	0.052000	0.885932	-0.885932	0.953200	-0.953200
-0.947000	0.053000	0.885032	-0.885032	0.952300	-0.952300
-0.946000	0.054000	0.884132	-0.884132	0.951400	-0.951400
-0.945000	0.055000	0.883232	-0.883232	0.950500	-0.950500
-0.944000	0.056000	0.882332	-0.882332	0.949600	-0.949600
-0.943000	0.057000	0.881432	-0.881432	0.948700	-0.948700
-0.942000	0.058000	0.880532	-0.880532	0.947800	-0.947800
-0.941000	0.059000	0.879632	-0.879632	0.946900	-0.946900
-0.940000	0.060000	0.878732	-0.878732	0.946000	-0.946000
-0.939000	0.061000	0.877832	-0.877832	0.945100	-0.945100
-0.938000	0.062000	0.876932	-0.876932	0.944200	-0.944200
-0.937000	0.063000	0.876032	-0.876032	0.943300	-0.943300
-0.936000	0.064000	0.875132	-0.875132	0.942400	-0.942400
-0.935000	0.065000	0.874232	-0.874232	0.941500	-0.941500
-0.934000	0.066000	0.873332	-0.873332	0.940600	-0.940600
-0.933000	0.067000	0.872432	-0.872432	0.939700	-0.939700
-0.932000	0.068000	0.871532	-0.871532	0.938800	-0.938800
-0.931000	0.069000	0.870632	-0.870632	0.937900	-0.937900
-0.930000	0.070000	0.869732	-0.869732	0.937000	-0.937000
-0.929000	0.071000	0.868832	-0.868832	0.936100	-0.936100
-0.928000	0.072000	0.867932	-0.867932	0.935200	-0.935200
-0.927000	0.073000	0.867032	-0.867032	0.934300	-0.934300
-0.926000	0.074000	0.866132	-0.866132	0.933400	-0.933400
-0.925000	0.075000	0.865232	-0.865232	0.932500	-0.932500
-0.924000	0.076000	0.864332	-0.864332	0.931600	-0.931600
-0.923000	0.077000	0.863432	-0.863432	0.930700	-0.930700
-0.922000	0.078000	0.862532	-0.862532	0.929800	-0.929800
-0.921000	0.079000	0.861632	-0.861632	0.928900	-0.928900
-0.920000	0.080000	0.860732	-0.860732	0.928000	-0.928000
-0.919000	0.081000	0.859832	-0.859832	0.927100	-0.927100
-0.918000	0.082000	0.858932	-0.858932	0.926200	-0.926200
-0.917000	0.083000	0.858032	-0.858032	0.925300	-0.925300
-0.916000	0.084000	0.857132	-0.857132	0.924400	-0.924400
-0.915000	0.085000	0.856232	-0.856232	0.923500	-0.923500
-0.914000	0.086000	0.855332	-0.855332	0.922600	-0.922600
-0.913000	0.087000	0.854432	-0.854432	0.921700	-0.921700
-0.912000	0.088000	0.853532	-0.853532	0.920800	-0.920800
-0.911000	0.089000	0.852632	-0.852632	0.919900	-0.919900
-0.910000	0.090000	0.851732	-0.851732	0.919000	-0.919000
-0.909000	0.091000	0.850832	-0.850832	0.918100	-0.918100
-0.908000	0.092000	0.849932	-0.849932	0.917200	-0.917200
-0.907000	0.093000	0.849032	-0.849032	0.916300	-0.916300
-0.906000	0.094000	0.848132	-0.848132	0.915400	-0.915400
-0.905000	0.095000	0.847232	-0.847232	0.914500	-0.914500
-0.904000	0.096000	0.846332	-0.846332	0.913600	-0.913600
-0.903000	0.097000	0.845432	-0.845432	0.912700	-0.912700
-0.902000	0.098000	0.844532	-0.844532	0.911800	-0.911800
-0.901000	0.099000	0.843632	-0.843632	0.910900	-0.910900
-0.900000	0.100000	0.842732	-0.842732	0.910000	-0.910000
-0.899000	0.101000	0.841832	-0.841832	0.909100	-0.909100
-0.898000	0.102000	0.840932	-0.840932	0.908200	-0.908200
-0.897000	0.103000	0.840032	-0.840032	0.907300	-0.907300
-0.896000	0.104000	0.839132	-0.839132	0.906400	-0.906400
-0.895000	0.105000	0.838232	-0.838232	0.905500	-0.905500
-0.894000	0.106000	0.837332	-0.837332	0.904600	-0.904600
-0.893000	0.107000	0.836432	-0.836432	0.903700	-0.903700
-0.892000	0.108000	0.835532	-0.835532	0.902800	-0.902800
-0.891000	0.109000	0.834632	-0.834632	0.901900	-0.901900
-0.890000	0.110000	0.833732	-0.833732	0.901000	-0.901000
-0.889000	0.111000	0.832832	-0.832832	0.900100	-0.900100
-0.888000	0.112000	0.831932	-0.831932	0.899200	-0.899200
-0.887000	0.113000	0.831032	-0.831032	0.898300	-0.898300
-0.886000	0.114000	0.830132	-0.830132	0.897400	-0.897400
-0.885000	0.115000	0.829232	-0.829232	0.896500	-0.896500
-0.884000	0.116000	0.828332	-0.828332	0.895600	-0.895600
-0.883000	0.117000	0.827432	-0.827432	0.894700	-0.894700
-0.882000	0.118000	0.826532	-0.826532	0.893800	-0.893800
-0.881000	0.119000	0.825632	-0.825632	0.892900	-0.892900
-0.880000	0.120000	0.824732	-0.824732	0.892000	-0.892000
-0.879000	0.121000	0.823832	-0.823832	0.891100	-0.891100
-0.878000	0.122000	0.822932	-0.822932	0.890200	-0.890200
-0.877000	0.123000	0.822032	-0.822032	0.889300	-0.889300
-0.876000	0.124000	0.821132	-0.821132	0.888400	-0.888400
-0.875000	0.125000	0.820232	-0.820232	0.887500	-0.887500
-0.874000	0.126000	0.819332	-0.819332	0.886600	-0.886600
-0.873000	0.127000	0.818432	-0.818432	0.885700	-0.885700
-0.872000	0.128000	0.817532	-0.817532	0.884800	-0.884800
-0.871000	0.129000	0.816632	-0.816632	0.883900	-0.883900
-0.870000	0.130000	0.815732	-0.815732	0.883000	-0.883000
-0.869000	0.131000	0.814832	-0.814832	0.882100	-0.882100
-0.868000	0.132000	0.813932	-0.813932	0.881200	-0.881200
-0.867000	0.133000	0.813032	-0.813032	0.880300	-0.880300
-0.866000	0.134000	0.812132	-0.812132	0.879400	-0.879400
-0.865000	0.135000	0.811232	-0.811232	0.878500	-0.878500
-0.864000	0.136000	0.810332	-0.810332	0.877600	-0.877600
-0.863000	0.137000	0.809432	-0.809432	0.876700	-0.876700
-0.862000	0.138000	0.808532	-0.808532	0.875800	-0.875800
-0.861000	0.139000	0.807632	-0.807632	0.874900	-0.874900
-0.860000	0.140000	0.806732	-0.806732	0.874000	-0.874000
-0.859000	0.141000	0.805832	-0.805832	0.873100	-0.873100
-0.858000	0.142000	0.804932	-0.804932	0.872200	-0.872200
-0.857000	0.143000	0.804032	-0.804032	0.871300	-0.871300
-0.856000	0.144000	0.803132	-0.803132	0.870400	-0.870400
-0.855000	0.145000	0.802232	-0.802232	0.869500	-0.869500
-0.854000	0.146000	0.801332	-0.801332	0.868600	-0.868600
-0.853000	0.147000	0.800432	-0.800432	0.867700	-0.867700
-0.852000	0.148000	0.799532	-0.799532	0.866800	-0.866800
-0.851000	0.149000	0.798632	-0.798632	0.865900	-0.865900
-0.850000	0.150000	0.797732	-0.797732	0.865000	-0.865000
-0.849000	0.151000	0.796832	-0.796832	0.864100	-0.864100
-0.848000	0.152000	0.795932	-0.795932	0.863200	-0.863200
-0.847000	0.153000	0.795032	-0.795032	0.862300	-0.862300
-0.846000	0.154000	0.794132	-0.794132	0.861400	-0.861400
-0.845000	0.155000	0.793232	-0.793232	0.860500	-0.860500
-0.844000	0.156000	0.792332	-0.792332	0.859600	-0.859600
-0.843000	0.157000	0.791432	-0.791432	0.858700	-0.858700
-0.842000	0.158000	0.790532	-0.790532	0.857800	-0.857800
-0.841000	0.159000	0.789632	-0.789632	0.856900	-0.856900
-0.840000	0.160000	0.788732	-0.788732	0.856000	-0.856000
-0.839000	0.161000	0.787832	-0.787832	0.855100	-0.855100
-0.838000	0.162000	0.786932	-0.786932	0.854200	-0.854200
-0.837000	0.163000	0.786032	-0.786032	0.853300	-0.853300
-0.836000	0.164000	0.785132	-0.785132	0.852400	-0.852400
-0.835000	0.165000	0.784232	-0.784232	0.851500	-0.851500
-0.834000	0.166000	0.783332	-0.783332	0.850600	-0.850600
-0.833000	0.167000	0.782432	-0.782432	0.849700	-0.849700
-0.832000	0.168000	0.781532	-0.781532	0.848800	-0.848800
-0.831000	0.169000	0.780632	-0.780632	0.847900	-0.847900
-0.830000	0.170000	0.779732	-0.779732	0.847000	-0.847000
-0.829000	0.171000	0.778832	-0.778832	0.846100	-0.846100
-0.828000	0.172000	0.777932	-0.777932	0.845200	-0.845200
-0.827000	0.173000	0.777032	-0.777032	0.844300	-0.844300
-0.826000	0.174000	0.776132	-0.776132	0.843400	-0.843400
-0.825000	0.175000	0.775232	-0.775232	0.842500	-0.842500
-0.824000	0.176000	0.774332	-0.774332	0.841600	-0.841600
-0.823000	0.177000	0.773432	-0.773432	0.840700	-0.840700
-0.822000	0.178000	0.772532	-0.772532	0.839800	-0.839800
-0.821000	0.179000	0.771632	-0.771632	0.838900	-0.838900
-0.820000	0.180000	0.770732	-0.770732	0.838000	-0.838000
-0.819000	0.181000	0.769832	-0.769832	0.837100	-0.837100
-0.818000	0.182000	0.768932	-0.768932	0.836200	-0.836200
-0.817000	0.183000	0.768032	-0.768032	0.835300	-0.835300
-0.816000	0.184000	0.767132	-0.767132	0.834400	-0.834400
-0.815000	0.185000	0.766232	-0.766232	0.833500	-0.833500
-0.814000	0.186000	0.765332	-0.765332	0.832600	-0.832600
-0.813000	0.187000	0.764432	-0.764432	0.831700	-0.831700
-0.812000	0.188000	0.763532	-0.763532	0.830800	-0.830800
-0.811000	0.189000	0.762632	-0.762632	0.829900	-0.829900
-0.810000	0.190000	0.761732	-0.761732	0.829000	-0.829000
-0.809000	0.191000	0.760832	-0.760832	0.828100	-0.828100
-0.808000	0.192000	0.759932	-0.759932	0.827200	-0.827200
-0.807000	0.193000	0.759032	-0.759032	0.826300	-0.826300
-0.806000	0.194000	0.758132	-0.758132	0.825400	-0.825400
-0.805000	0.195000	0.757232	-0.757232	0.824500	-0.824500
-0.804000	0.196000	0.756332	-0.756332	0.823600	-0.823600
-0.803000	0.197000	0.755432	-0.755432	0.822700	-0.822700
-0.802000	0.198000	0.754532	-0.754532	0.821800	-0.821800
-0.801000	0.199000	0.753632	-0.753632	0.820900	-0.820900
-0.800000	0.200000	0.752732	-0.752732	0.820000	-0.820000
-0.799000	0.201000	0.751832	-0.751832	0.819100	-0.819100
-0.798000	0.202000	0.750932	-0.750932	0.818200	-0.818200
-0.797000	0.203000	0.750032	-0.750032	0.817300	-0.817300
-0.796000	0.204000	0.749132	-0.749132	0.816400	-0.816400
-0.795000	0.205000	0.748232	-0.748232	0.815500	-0.815500
-0.794000	0.206000	0.747332	-0.747332	0.814600	-0.814600
-0.793000	0.207000	0.746432	-0.746432	0.813700	-0.813700
-0.792000	0.208000	0.745532	-0.745532	0.812800	-0.812800
-0.791000	0.209000	0.744632	-0.744632	0.811900	-0.811900
-0.790000	0.210000	0.743732	-0.743732	0.811000	-0.811000
-0.789000	0.211000	0.742832	-0.742832	0.810100	-0.810100
-0.788000	0.212000	0.741932	-0.741932	0.809200	-0.809200
-0.787000	0.213000	0.741032	-0.741032	0.808300	-0.808300
-0.786000	0.214000	0.740132	-0.740132	0.807400	-0.807400
-0.785000	0.215000	0.739232	-0.739232	0.806500	-0.806500
-0.784000	0.216000	0.738332	-0.738332	0.805600	-0.805600
-0.783000	0.217000	0.737432	-0.737432	0.804700	-0.804700
-0.782000	0.218000	0.736532	-0.736532	0.803800	-0.803800
-0.781000	0.219000	0.735632	-0.735632	0.802900	-0.802900
-0.780000	0.220000	0.734732	-0.734732	0.802000	-0.802000
-0.779000	0.221000	0.733832	-0.733832	0.801100	-0.801100
-0.778000	0.222000	0.732932	-0.732932	0.800200	-0.800200
-0.777000	0.223000	0.732032	-0.732032	0.799300	-0.799300
-0.776000	0.224000	0.731132	-0.731132	0.798400	-0.798400
-0.775000	0.225000	0.730232	-0.730232	0.797500	-0.797500
-0.774000	0.226000	0.729332	-0.729332	0.796600	-0.796600
-0.773000	0.227000	0.728432	-0.728432	0.795700	-0.795700
-0.772000	0.228000	0.727532	-0.727532	0.794800	-0.794800
-0.771000	0.229000	0.726632	-0.726632	0.793900	-0.793900
-0.770000	0.230000	0.725732	-0.725732	0.793000	-0.793000
-0.769000	0.231000	0.724832	-0.724832	0.792100	-0.792100
-0.768000	0.232000	0.723932	-0.723932	0.791200	-0.791200
-0.767000	0.233000	0.723032	-0.723032	0.790300	-0.790300
-0.766000	0.234000	0.722132	-0.722132	0.789400	-0.789400
-0.765000	0.235000	0.721232	-0.721232	0.788500	-0.788500
-0.764000	0.236000	0.720332	-0.720332	0.787600	-0.787600
-0.763000	0.237000	0.719432	-0.719432	0.786700	-0.786700
-0.762000	0.238000	0.718532	-0.718532	0.785800	-0.785800
-0.761000	0.239000	0.717632	-0.717632	0.784900	-0.784900
-0.760000	0.240000	0.716732	-0.716732	0.784000	-0.784000
-0.759000	0.241000	0.715832	-0.715832	0.783100	-0.783100
-0.758000	0.242000	0.714932	-0.714932	0.782200	-0.782200
-0.757000	0.243000	0.714032	-0.714032	0.781300	-0.781300
-0.756000	0.244000	0.713132	-0.713132	0.780400	-0.780400
-0.755000	0.245000	0.712232	-0.712232	0.779500	-0.779500
-0.754000	0.246000	0.711332	-0.711332	0.778600	-0.778600
-0.753000	0.247000	0.710432	-0.710432	0.777700	-0.777700
-0.752000	0.248000	0.709532	-0.709532	0.776800	-0.776800
-0.751000	0.249000	0.708632	-0.708632	0.775900	-0.775900
-0.750000	0.250000	0.707732	-0.707732	0.775000	-0.775000
-0.749000	0.251000	0.706832	-0.706832	0.774100	-0.774100
-0.748000	0.252000	0.705932	-0.705932	0.773200	-0.773200
-0.747000	0.253000	0.705032	-0.705032	0.772300	-0.772300
-0.746000	0.254000	0.704132	-0.704132	0.771400	-0.771400
-0.745000	0.255000	0.703232	-0.703232	0.770500	-0.770500
-0.744000	0.256000	0.702332	-0.702332	0.769600	-0.769600
-0.743000	0.257000	0.701432	-0.701432	0.768700	-0.768700
-0.742000	0.258000	0.700532	-0.700532	0.767800	-0.767800
-0.741000	0.259000	0.699632	-0.699632	0.766900	-0.766900
-0.740000	0.260000	0.698732	-0.698732	0.766000	-0.766000
-0.739000	0.261000	0.697832	-0.697832	0.765100	-0.765100
-0.738000	0.262000	0.696932	-0.696932	0.764200	-0.764200
-0.737000	0.263000	0.696032	-0.696032	0.763300	-0.763300
-0.736000	0.264000	0.695132	-0.695132	0.762400	-0.762400
-0.735000	0.265000	0.694232	-0.694232	0.761500	-0.761500
-0.734000	0.266000	0.693332	-0.693332	0.760600	-0.760600
-0.733000	0.267000	0.692432	-0.692432	0.759700	-0.759700
-0.732000	0.268000	0.691532	-0.691532	0.758800	-0.758800
-0.731000	0.269000	0.690632	-0.690632	0.757900	-0.757900
-0.730000	0.270000	0.689732	-0.689732	0.757000	-0.757000
-0.729000	0.271000	0.688832	-0.688832	0.756100	-0.756100
-0.728000	0.272000	0.687932	-0.687932	0.755200	-0.755200
-0.727000	0.273000	0.687032	-0.687032	0.754300	-0.754300
-0.726000	0.274000	0.686132	-0.686132	0.753400	-0.753400
-0.725000	0.275000	0.685232	-0.685232	0.752500	-0.752500
-0.724000	0.276000	0.684332	-0.684332	0.751600	-0.751600
-0.723000	0.277000	0.683432	-0.683432	0.750700	-0.750700
-0.722000	0.278000	0.682532	-0.682532	0.749800	-0.749800
-0.721000	0.279000	0.681632	-0.681632	0.748900	-0.748900
-0.720000	0.280000	0.680732	-0.680732	0.748000	-0.748000
-0.719000	0.281000	0.679832	-0.679832	0.747100	-0.747100
-0.718000	0.282000	0.678932	-0.678932	0.746200	-0.746200
-0.717000	0.283000	0.678032	-0.678032	0.745300	-0.745300
-0.716000	0.284000	0.677132	-0.677132	0.744400	-0.744400
-0.715000	0.285000	0.676232	-0.676232	0.743500	-0.743500
-0.714000	0.286000	0.675332	-0.675332	0.742600	-0.742600
-0.713000	0.287000	0.674432	-0.674432	0.741700	-0.741700
-0.712000	0.288000	0.673532	-0.673532	0.740800	-0.740800
-0.711000	0.289000	0.672632	-0.672632	0.739900	-0.739900
-0.710000	0.290000	0.671732	-0.671732	0.739000	-0.739000
-0.709000	0.291000	0.670832	-0.670832	0.738100	-0.738100
-0.708000	0.292000	0.669932	-0.669932	0.737200	-0.737200
-0.707000	0.293000	0.669032	-0.669032	0.736300	-0.736300
-0.706000	0.294000	0.668132	-0.668132	0.735400	-0.735400
-0.705000	0.295000	0.667232	-0.667232	0.734500	-0.734500
-0.704000	0.296000	0.666332	-0.666332	0.733600	-0.733600
-0.703000	0.297000	0.665432	-0.665432	0.732700	-0.732700
-0.702000	0.298000	0.664532	-0.664532	0.731800	-0.731800
-0.701000	0.299000	0.663632	-0.663632	0.730900	-0.730900
-0.700000	0.300000	0.662732	-0.662732	0.730000	-0.730000
-0.699000	0.301000	0.661832	-0.661832	0.729100	-0.729100
-0.698000	0.302000	0.660932	-0.660932	0.728200	-0.728200
-0.697000	0.303000	0.660032	-0.660032	0.727300	-0.727300
-0.696000	0.304000	0.659132	-0.659132	0.726400	-0.726400
-0.695000	0.305000	0.658232	-0.658232	0.725500	-0.725500
-0.694000	0.306000	0.657332	-0.657332	0.724600	-0.724600
-0.693000	0.307000	0.656432	-0.656432	0.723700	-0.723700
-0.692000	0.308000	0.655532	-0.655532	0.722800	-0.722800
-0.691000	0.309000	0.654632	-0.654632	0.721900	-0.721900
-0.690000	0.310000	0.653732	-0.653732	0.721000	-0.721000
-0.689000	0.311000	0.652832	-0.652832	0.720100	-0.720100
-0.688000	0.312000	0.651932	-0.651932	0.719200	-0.719200
-0.687000	0.313000	0.651032	-0.651032	0.718300	-0.718300
-0.686000	0.314000	0.650132	-0.650132	0.717400	-0.717400
-0.685000	0.315000	0.649232	-0.649232	0.716500	-0.716500
-0.684000	0.316000	0.648332	-0.648332	0.715600	-0.715600
-0.683000	0.317000	0.647432	-0.647432	0.714700	-0.714700
-0.682000	0.318000	0.646532	-0.646532	0.713800	-0.713800
-0.681000	0.319000	0.645632	-0.645632	0.712900	-0.712900
-0.680000	0.320000	0.644732	-0.644732	0.712000	-0.712000
-0.679000	0.321000	0.643832	-0.643832	0.711100	-0.711100
-0.678000	0.322000	0.642932	-0.642932	0.710200	-0.710200
-0.677000	0.323000	0.642032	-0.642032	0.709300	-0.709300
-0.676000	0.324000	0.641132	-0.641132	0.708400	-0.708400
-0.675000	0.325000	0.640232	-0.640232	0.707500	-0.707500
-0.674000	0.326000	0.639332	-0.639332	0.706600	-0.706600
-0.673000	0.327000	0.638432	-0.638432	0.705700	-0.705700
-0.672000	0.328000	0.637532	-0.637532	0.704800	-0.704800
-0.671000	0.329000	0.636632	-0.636632	0.703900	-0.703900
-0.670000	0.330000	0.635732	-0.635732	0.703000	-0.703000
-0.669000	0.331000	0.634832	-0.634832	0.702100	-0.702100
-0.668000	0.332000	0.633932	-0.633932	0.701200	-0.701200
-0.667000	0.333000	0.633032	-0.633032	0.700300	-0.700300
-0.666000	0.334000	0.632132	-0.632132	0.699400	-0.699400
-0.665000	0.335000	0.631232	-0.631232	0.698500	-0.698500
-0.664000	0.336000	0.630332	-0.630332	0.697600	-0.697600
-0.663000	0.337000	0.629432	-0.629432	0.696700	-0.696700
-0.662000	0.338000	0.628532	-0.628532	0.695800	-0.695800
-0.661000	0.339000	0.627632	-0.627632	0.694900	-0.694900
-0.660000	0.340000	0.626732	-0.626732	0.694000	-0.694000
-0.659000	0.341000	0.625832	-0.625832	0.693100	-0.693100
-0.658000	0.342000	0.624932	-0.624932	0.692200	-0.692200
-0.657000	0.343000	0.624032	-0.624032	0.691300	-0.691300
-0.656000	0.344000	0.623132	-0.623132	0.690400	-0.690400
-0.655000	0.345000	0.622232	-0.622232	0.689500	-0.689500
-0.654000	0.346000	0.621332	-0.621332	0.688600	-0.688600
-0.653000	0.347000	0.620432	-0.620432	0.687700	-0.687700
-0.652000	0.348000	0.619532	-0.619532	0.686800	-0.686800
-0.651000	0.349000	0.618632	-0.618632	0.685900	-0.685900
-0.650000	0.350000	0.617732	-0.617732	0.685000	-0.685000
-0.649000	0.351000	0.616832	-0.616832	0.684100	-0.684100
-0.648000	0.352000	0.615932	-0.615932	0.683200	-0.683200
-0.647000	0.353000	0.615032	-0.615032	0.682300	-0.682300
-0.646000	0.354000	0.614132	-0.614132	0.681400	-0.681400
-0.645000	0.355000	0.613232	-0.613232	0.680500	-0.680500
-0.644000	0.356000	0.612332	-0.612332	0.679600	-0.679600
-0.643000	0.357000	0.611432	-0.611432	0.678700	-0.678700
-0.642000	0.358000	0.610532	-0.610532	0.677800	-0.677800
-0.641000	0.359000	0.609632	-0.609632	0.676900	-0.676900
-0.640000	0.360000	0.608732	-0.608732	0.676000	-0.676000
-0.639000	0.361000	0.607832	-0.607832	0.675100	-0.675100
-0.638000	0.362000	0.606932	-0.606932	0.674200	-0.674200
-0.637000	0.363000	0.606032	-0.606032	0.673300	-0.673300
-0.636000	0.364000	0.605132	-0.605132	0.672400	-0.672400
-0.635000	0.365000	0.604232	-0.604232	0.671500	-0.671500
-0.634000	0.366000	0.603332	-0.603332	0.670600	-0.670600
-0.633000	0.367000	0.602432	-0.602432	0.669700	-0.669700
-0.632000	0.368000	0.601532	-0.601532	0.668800	-0.668800
-0.631000	0.369000	0.600632	-0.600632	0.667900	-0.667900
-0.630000	0.370000	0.599732	-0.599732	0.667000	-0.667000
-0.629000	0.371000	0.598832	-0.598832	0.666100	-0.666100
-0.628000	0.372000	0.597932	-0.597932	0.665200	-0.665200
-0.627000	0.373000	0.597032	-0.597032	0.664300	-0.664300
-0.626000	0.374000	0.596132	-0.596132	0.663400	-0.663400
-0.625000	0.375000	0.595232	-0.595232	0.662500	-0.662500
-0.624000	0.376000	0.594332	-0.594332	0.661600	-0.661600
-0.623000	0.377000	0.593432	-0.593432	0.660700	-0.660700
-0.622000	0.378000	0.592532	-0.592532	0.659800	-0.659800
-0.621000	0.379000	0.591632	-0.591632	0.658900	-0.658900
-0.620000	0.380000	0.590732	-0.590732	0.658000	-0.658000
-0.619000	0.381000	0.589832	-0.589832	0.657100	-0.657100
-0.618000	0.382000	0.588932	-0.588932	0.656200	-0.656200
-0.617000	0.383000	0.588032	-0.588032	0.655300	-0.655300
-0.616000	0.384000	0.587132	-0.587132	0.654400	-0.654400
-0.615000	0.385000	0.586232	-0.586232	0.653500	-0.653500
-0.614000	0.386000	0.585332	-0.585332	0.652600	-0.652600
-0.613000	0.387000	0.584432	-0.584432	0.651700	-0.651700
-0.612000	0.388000	0.583532	-0.583532	0.650800	-0.650800
-0.611000	0.389000	0.582632	-0.582632	0.649900	-0.649900
-0.610000	0.390000	0.581732	-0.581732	0.649000	-0.649000
-0.609000	0.391000	0.580832	-0.580832	0.648100	-0.648100
-0.608000	0.392000	0.579932	-0.579932	0.647200	-0.647200
-0.607000	0.393000	0.579032	-0.579032	0.646300	-0.646300
-0.606000	0.394000	0.578132	-0.578132	0.645400	-0.645400
-0.605000	0.395000	0.577232	-0.577232	0.644500	-0.644500
-0.604000	0.396000	0.576332	-0.576332	0.643600	-0.643600
-0.603000	0.397000	0.575432	-0.575432	0.642700	-0.642700
-0.602000	0.398000	0.574532	-0.574532	0.641800	-0.641800
-0.601000	0.399000	0.573632	-0.573632	0.640900	-0.640900
-0.600000	0.400000	0.572732	-0.572732	0.640000	-0.640000
-0.599000	0.401000	0.571832	-0.571832	0.639100	-0.639100
-0.598000	0.402000	0.570932	-0.570932	0.638200	-0.638200
-0.597000	0.403000	0.570032	-0.570032	0.637300	-0.637300
-0.596000	0.404000	0.569132	-0.569132	0.636400	-0.636400
-0.595000	0.405000	0.568232	-0.568232	0.635500	-0.635500
-0.594000	0.406000	0.567332	-0.567332	0.634600	-0.634600
-0.593000	0.407000	0.566432	-0.566432	0.633700	-0.633700
-0.592000	0.408000	0.565532	-0.565532	0.632800	-0.632800
-0.591000	0.409000	0.564632	-0.564632	0.631900	-0.631900
-0.590000	0.410000	0.563732	-0.563732	0.631000	-0.631000
-0.589000	0.411000	0.562832	-0.562832	0.630100	-0.630100
-0.588000	0.412000	0.561932	-0.561932	0.629200	-0.629200
-0.587000	0.413000	0.561032	-0.561032	0.628300	-0.628300
-0.586000	0.414000	0.560132	-0.560132	0.627400	-0.627400
-0.585000	0.415000	0.559232	-0.559232	0.626500	-0.626500
-0.584000	0.416000	0.558332	-0.558332	0.625600	-0.625600
-0.583000	0.417000	0.557432	-0.557432	0.624700	-0.624700
-0.582000	0.418000	0.556532	-0.556532	0.623800	-0.623800
-0.581000	0.419000	0.555632	-0.555632	0.622900	-0.622900
-0.580000	0.420000	0.554732	-0.554732	0.622000	-0.622000
-0.579000	0.421000	0.553832	-0.553832	0.621100	-0.621100
-0.578000	0.422000	0.552932	-0.552932	0.620200	-0.620200
-0.577000	0.423000	0.552032	-0.552032	0.619300	-0.619300
-0.576000	0.424000	0.551132	-0.551132	0.618400	-0.618400
-0.575000	0.425000	0.550232	-0.550232	0.617500	-0.617500
-0.574000	0.426000	0.549332	-0.549332	0.616600	-0.616600
-0.573000	0.427000	0.548432	-0.548432	0.615700	-0.615700
-0.572000	0.428000	0.547532	-0.547532	0.614800	-0.614800
-0.571000	0.429000	0.546632	-0.546632	0.613900	-0.613900
-0.570000	0.430000	0.545732	-0.545732	0.613000	-0.613000
-0.569000	0.431000	0.544832	-0.544832	0.612100	-0.612100
-0.568000	0.432000	0.543932	-0.543932	0.611200	-0.611200
-0.567000	0.433000	0.543032	-0.543032	0.610300	-0.610300
-0.566000	0.434000	0.542132	-0.542132	0.609400	-0.609400
-0.565000	0.435000	0.541232	-0.541232	0.608500	-0.608500
-0.564000	0.436000	0.540332	-0.540332	0.607600	-0.607600
-0.563000	0.437000	0.539432	-0.539432	0.606700	-0.606700
-0.562000	0.438000	0.538532	-0.538532	0.605800	-0.605800
-0.561000	0.439000	0.537632	-0.537632	0.604900	-0.604900
-0.560000	0.440000	0.536732	-0.536732	0.604000	-0.604000
-0.559000	0.441000	0.535832	-0.535832	0.603100	-0.603100
-0.558000	0.442000	0.534932	-0.534932	0.602200	-0.602200
-0.557000	0.443000	0.534032	-0.534032	0.601300	-0.601300
-0.556000	0.444000	0.533132	-0.533132	0.600400	-0.600400
-0.555000	0.445000	0.532232	-0.532232	0.599500	-0.599500
-0.554000	0.446000	0.531332	-0.531332	0.598600	-0.598600
-0.553000	0.447000	0.530432	-0.530432	0.597700	-0.597700
-0.552000	0.448000	0.529532	-0.529532	0.596800	-0.596800
-0.551000	0.449000	0.528632	-0.528632	0.595900	-0.595900
-0.550000	0.450000	0.527732	-0.527732	0.595000	-0.595000
-0.549000	0.451000	0.526832	-0.526832	0.594100	-0.594100
-0.548000	0.452000	0.525932	-0.525932	0.593200	-0.593200
-0.547000	0.453000	0.525032	-0.525032	0.592300	-0.592300
-0.546000	0.454000	0.524132	-0.524132	0.591400	-0.591400
-0.545000	0.455000	0.523232	-0.523232	0.590500	-0.590500
-0.544000	0.456000	0.522332	-0.522332	0.589600	-0.589600
-0.543000	0.457000	0.521432	-0.521432	0.588700	-0.588700
-0.542000	0.458000	0.520532	-0.520532	0.587800	-0.587800
-0.541000	0.459000	0.519632	-0.519632	0.586900	-0.586900
-0.540000	0.460000	0.518732	-0.518732	0.586000	-0.586000
-0.539000	0.461000	0.517832	-0.517832	0.585100	-0.585100
-0.538000	0.462000	0.516932	-0.516932	0.584200	-0.584200
-0.537000	0.463000	0.516032	-0.516032	0.583300	-0.583300
-0.536000	0.464000	0.515132	-0.515132	0.582400	-0.582400
-0.535000	0.465000	0.514232	-0.514232	0.581500	-0.581500
-0.534000	0.466000	0.513332	-0.513332	0.580600	-0.580600
-0.533000	0.467000	0.512432	-0.512432	0.579700	-0.579700
-0.532000	0.468000	0.511532	-0.511532	0.578800	-0.578800
-0.531000	0.469000	0.510632	-0.510632	0.577900	-0.577900
-0.530000	0.470000	0.509732	-0.509732	0.577000	-0.577000
-0.529000	0.471000	0.508832	-0.508832	0.576100	-0.576100
-0.528000	0.472000	0.507932	-0.507932	0.575200	-0.575200
-0.527000	0.473000	0.507032	-0.507032	0.574300	-0.574300
-0.526000	0.474000	0.506132	-0.506132	0.573400	-0.573400
-0.525000	0.475000	0.505232	-0.505232	0.572500	-0.572500
-0.524000	0.476000	0.504332	-0.504332	0.571600	-0.571600
-0.523000	0.477000	0.503432	-0.503432	0.570700	-0.570700
-0.522000	0.478000	0.502532	-0.502532	0.569800	-0.569800
-0.521000	0.479000	0.501632	-0.501632	0.568900	-0.568900
-0.520000	0.480000	0.500732	-0.500732	0.568000	-0.568000
-0.519000	0.481000	0.499832	-0.499832	0.567100	-0.567100
-0.518000	0.482000	0.498932	-0.498932	0.566200	-0.566200
-0.517000	0.483000	0.498032	-0.498032	0.565300	-0.565300
-0.516000	0.484000	0.497132	-0.497132	0.564400	-0.564400
-0.515000	0.485000	0.496232	-0.496232	0.563500	-0.563500
-0.514000	0.486000	0.495332	-0.495332	0.562600	-0.562600
-0.513000	0.487000	0.494432	-0.494432	0.561700	-0.561700
-0.512000	0.488000	0.493532	-0.493532	0.560800	-0.560800
-0.511000	0.489000	0.492632	-0.492632	0.559900	-0.559900
-0.510000	0.490000	0.491732	-0.491732	0.559000	-0.559000
-0.509000	0.491000	0.490832	-0.490832	0.558100	-0.558100
-0.508000	0.492000	0.489932	-0.489932	0.557200	-0.557200
-0.507000	0.493000	0.489032	-0.489032	0.556300	-0.556300
-0.506000	0.494000	0.488132	-0.488132	0.555400	-0.555400
-0.505000	0.495000	0.487232	-0.487232	0.554500	-0.554500
-0.504000	0.496000	0.486332	-0.486332	0.553600	-0.553600
-0.503000	0.497000	0.485432	-0.485432	0.552700	-0.552700
-0.502000	0.498000	0.484532	-0.484532	0.551800	-0.551800
-0.501000	0.499000	0.483632	-0.483632	0.550900	-0.550900
-0.500000	0.500000	0.482732	-0.482732	0.550000	-0.550000
-0.499000	0.501000	0.481832	-0.481832	0.549100	-0.549100
-0.498000	0.502000	0.480932	-0.480932	0.548200	-0.548200
-0.497000	0.503000	0.480032	-0.480032	0.547300	-0.547300
-0.496000	0.504000	0.479132	-0.479132	0.546400	-0.546400
-0.495000	0.505000	0.478232	-0.478232	0.545500	-0.545500
-0.494000	0.506000	0.477332	-0.477332	0.544600	-0.544600
-0.493000	0.507000	0.476432	-0.476432	0.543700	-0.543700
-0.492000	0.508000	0.475532	-0.475532	0.542800	-0.542800
-0.491000	0.509000	0.474632	-0.474632	0.541900	-0.541900
-0.490000	0.510000	0.473732	-0.473732	0.541000	-0.541000
-0.489000	0.511000	0.472832	-0.472832	0.540100	-0.540100
-0.488000	0.512000	0.471932	-0.471932	0.539200	-0.539200
-0.487000	0.513000	0.471032	-0.471032	0.538300	-0.538300
-0.486000	0.514000	0.470132	-0.470132	0.537400	-0.537400
-0.485000	0.515000	0.469232	-0.469232	0.536500	-0.536500
-0.484000	0.516000	0.468332	-0.468332	0.535600	-0.535600
-0.483000	0.517000	0.467432	-0.467432	0.534700	-0.534700
-0.482000	0.518000	0.466532	-0.466532	0.533800	-0.533800
-0.481000	0.519000	0.465632	-0.465632	0.532900	-0.532900
-0.480000	0.520000	0.464732	-0.464732	0.532000	-0.532000
-0.479000	0.521000	0.463832	-0.463832	0.531100	-0.531100
-0.478000	0.522000	0.462932	-0.462932	0.530200	-0.530200
-0.477000	0.523000	0.462032	-0.462032	0.529300	-0.529300
-0.476000	0.524000	0.461132	-0.461132	0.528400	-0.528400
-0.475000	0.525000	0.460232	-0.460232	0.527500	-0.527500
-0.474000	0.526000	0.459332	-0.459332	0.526600	-0.526600
-0.473000	0.527000	0.458432	-0.458432	0.525700	-0.525700
-0.472000	0.528000	0.457532	-0.457532	0.524800	-0.524800
-0.471000	0.529000	0.456632	-0.456632	0.523900	-0.523900
-0.470000	0.530000	0.455732	-0.455732	0.523000	-0.523000
-0.469000	0.531000	0.454832	-0.454832	0.522100	-0.522100
-0.468000	0.532000	0.453932	-0.453932	0.521200	-0.521200
-0.467000	0.533000	0.453032	-0.453032	0.520300	-0.520300
-0.466000	0.534000	0.452132	-0.452132	0.519400	-0.519400
-0.465000	0.535000	0.451232	-0.451232	0.518500	-0.518500
-0.464000	0.536000	0.450332	-0.450332	0.517600	-0.517600
-0.463000	0.537000	0.449432	-0.449432	0.516700	-0.516700
-0.462000	0.538000	0.448532	-0.448532	0.515800	-0.515800
-0.461000	0.539000	0.447632	-0.447632	0.514900	-0.514900
-0.460000	0.540000	0.446732	-0.446732	0.514000	-0.514000
-0.459000	0.541000	0.445832	-0.445832	0.513100	-0.513100
-0.458000	0.542000	0.444932	-0.444932	0.512200	-0.512200
-0.457000	0.543000	0.444032	-0.444032	0.511300	-0.511300
-0.456000	0.544000	0.443132	-0.443132	0.510400	-0.510400
-0.455000	0.545000	0.442232	-0.442232	0.509500	-0.509500
-0.454000	0.546000	0.441332	-0.441332	0.508600	-0.508600
-0.453000	0.547000	0.440432	-0.440432	0.507700	-0.507700
-0.452000	0.548000	0.439532	-0.439532	0.506800	-0.506800
-0.451000	0.549000	0.438632	-0.438632	0.505900	-0.505900
-0.450000	0.550000	0.437732	-0.437732	0.505000	-0.505000
-0.449000	0.551000	0.436832	-0.436832	0.504100	-0.504100
-0.448000	0.552000	0.435932	-0.435932	0.503200	-0.503200
-0.447000	0.553000	0.435032	-0.435032	0.502300	-0.502300
-0.446000	0.554000	0.434132	-0.434132	0.501400	-0.501400
-0.445000	0.555000	0.433232	-0.433232	0.500500	-0.500500
-0.444000	0.556000	0.432332	-0.432332	0.499600	-0.499600
-0.443000	0.557000	0.431432	-0.431432	0.498700	-0.498700
-0.442000	0.558000	0.430532	-0.430532	0.497800	-0.497800
-0.441000	0.559000	0.429632	-0.429632	0.496900	-0.496900
-0.440000	0.560000	0.428732	-0.428732	0.496000	-0.496000
-0.439000	0.561000	0.427832	-0.427832	0.495100	-0.495100
-0.438000	0.562000	0.426932	-0.426932	0.494200	-0.494200
-0.437000	0.563000	0.426032	-0.426032	0.493300	-0.493300
-0.436000	0.564000	0.425132	-0.425132	0.492400	-0.492400
-0.435000	0.565000	0.424232	-0.424232	0.491500	-0.491500
-0.434000	0.566000	0.423332	-0.423332	0.490600	-0.490600
-0.433000	0.567000	0.422432	-0.422432	0.489700	-0.489700
-0.432000	0.568000	0.421532	-0.421532	0.488800	-0.488800
-0.431000	0.569000	0.420632	-0.420632	0.487900	-0.487900
-0.430000	0.570000	0.419732	-0.419732	0.487000	-0.487000
-0.429000	0.571000	0.418832	-0.418832	0.486100	-0.486100
-0.428000	0.572000	0.417932	-0.417932	0.485200	-0.485200
-0.427000	0.573000	0.417032	-0.417032	0.484300	-0.484300
-0.426000	0.574000	0.416132	-0.416132	0.483400	-0.483400
-0.425000	0.575000	0.415232	-0.415232	0.482500	-0.482500
-0.424000	0.576000	0.414332	-0.414332	0.481600	-0.481600
-0.423000	0.577000	0.413432	-0.413432	0.480700	-0.480700
-0.422000	0.578000	0.412532	-0.412532	0.479800	-0.479800
-0.421000	0.579000	0.411632	-0.411632	0.478900	-0.478900
-0.420000	0.580000	0.410732	-0.410732	0.478000	-0.478000
-0.419000	0.581000	0.409832	-0.409832	0.477100	-0.477100
-0.418000	0.582000	0.408932	-0.408932	0.476200	-0.476200
-0.417000	0.583000	0.408032	-0.408032	0.475300	-0.475300
-0.416000	0.584000	0.407132	-0.407132	0.474400	-0.474400
-0.415000	0.585000	0.406232	-0.406232	0.473500	-0.473500
-0.414000	0.586000	0.405332	-0.405332	0.472600	-0.472600
-0.413000	0.587000	0.404432	-0.404432	0.471700	-0.471700
-0.412000	0.588000	0.403532	-0.403532	0.470800	-0.470800
-0.411000	0.589000	0.402632	-0.402632	0.469900	-0.469900
-0.410000	0.590000	0.401732	-0.401732	0.469000	-0.469000
-0.409000	0.591000	0.400832	-0.400832	0.468100	-0.468100
-0.408000	0.592000	0.399932	-0.399932	0.467200	-0.467200
-0.407000	0.593000	0.399032	-0.399032	0.466300	-0.466300
-0.406000	0.594000	0.398132	-0.398132	0.465400	-0.465400
-0.405000	0.595000	0.397232	-0.397232	0.464500	-0.464500
-0.404000	0.596000	0.396332	-0.396332	0.463600	-0.463600
-0.403000	0.597000	0.395432	-0.395432	0.462700	-0.462700
-0.402000	0.598000	0.394532	-0.394532	0.461800	-0.461800
-0.401000	0.599000	0.393632	-0.393632	0.460900	-0.460900
-0.400000	0.600000	0.392732	-0.392732	0.460000	-0.460000
-0.399000	0.601000	0.391832	-0.391832	0.459100	-0.459100
-0.398000	0.602000	0.390932	-0.390932	0.458200	-0.458200
-0.397000	0.603000	0.390032	-0.390032	0.457300	-0.457300
-0.396000	0.604000	0.389132	-0.389132	0.456400	-0.456400
-0.395000	0.605000	0.388232	-0.388232	0.455500	-0.455500
-0.394000	0.606000	0.387332	-0.387332	0.454600	-0.454600
-0.393000	0.607000	0.386432	-0.386432	0.453700	-0.453700
-0.392000	0.608000	0.385532	-0.385532	0.452800	-0.452800
-0.391000	0.609000	0.384632	-0.384632	0.451900	-0.451900
-0.390000	0.610000	0.383732	-0.383732	0.451000	-0.451000
-0.389000	0.611000	0.382832	-0.382832	0.450100	-0.450100
-0.388000	0.612000	0.381932	-0.381932	0.449200	-0.449200
-0.387000	0.613000	0.381032	-0.381032	0.448300	-0.448300
-0.386000	0.614000	0.380132	-0.380132	0.447400	-0.447400
-0.385000	0.615000	0.379232	-0.379232	0.446500	-0.446500
-0.384000	0.616000	0.378332	-0.378332	0.445600	-0.445600
-0.383000	0.617000	0.377432	-0.377432	0.444700	-0.444700
-0.382000	0.618000	0.376532	-0.376532	0.443800	-0.443800
-0.381000	0.619000	0.375632	-0.375632	0.442900	-0.442900
-0.380000	0.620000	0.374732	-0.374732	0.442000	-0.442000
-0.379000	0.621000	0.373832	-0.373832	0.441100	-0.441100
-0.378000	0.622000	0.372932	-0.372932	0.440200	-0.440200
-0.377000	0.623000	0.372032	-0.372032	0.439300	-0.439300
-0.376000	0.624000	0.371132	-0.371132	0.438400	-0.438400
-0.375000	0.625000	0.370232	-0.370232	0.437500	-0.437500
-0.374000	0.626000	0.369332	-0.369332	0.436600	-0.436600
-0.373000	0.627000	0.368432	-0.368432	0.435700	-0.435700
-0.372000	0.628000	0.367532	-0.367532	0.434800	-0.434800
-0.371000	0.629000	0.366632	-0.366632	0.433900	-0.433900
-0.370000	0.630000	0.365732	-0.365732	0.433000	-0.433000
-0.369000	0.631000	0.364832	-0.364832	0.432100	-0.432100
-0.368000	0.632000	0.363932	-0.363932	0.431200	-0.431200
-0.367000	0.633000	0.363032	-0.363032	0.430300	-0.430300
-0.366000	0.634000	0.362132	-0.362132	0.429400	-0.429400
-0.365000	0.635000	0.361232	-0.361232	0.428500	-0.428500
-0.364000	0.636000	0.360332	-0.360332	0.427600	-0.427600
-0.363000	0.637000	0.359432	-0.359432	0.426700	-0.426700
-0.362000	0.638000	0.358532	-0.358532	0.425800	-0.425800
-0.361000	0.639000	0.357632	-0.357632	0.424900	-0.424900
-0.360000	0.640000	0.356732	-0.356732	0.424000	-0.424000
-0.359000	0.641000	0.355832	-0.355832	0.423100	-0.423100
-0.358000	0.642000	0.354932	-0.354932	0.422200	-0.422200
-0.357000	0.643000	0.354032	-0.354032	0.421300	-0.421300
-0.356000	0.644000	0.353132	-0.353132	0.420400	-0.420400
-0.355000	0.645000	0.352232	-0.352232	0.419500	-0.419500
-0.354000	0.646000	0.351332	-0.351332	0.418600	-0.418600
-0.353000	0.647000	0.350432	-0.350432	0.417700	-0.417700
-0.352000	0.648000	0.349532	-0.349532	0.416800	-0.416800
-0.351000	0.649000	0.348632	-0.348632	0.415900	-0.415900
-0.350000	0.650000	0.347732	-0.347732	0.415000	-0.415000
-0.349000	0.651000	0.346832	-0.346832	0.414100	-0.414100
-0.348000	0.652000	0.345932	-0.345932	0.413200	-0.413200
-0.347000	0.653000	0.345032	-0.345032	0.412300	-0.412300
-0.346000	0.654000	0.344132	-0.344132	0.411400	-0.411400
-0.345000	0.655000	0.343232	-0.343232	0.410500	-0.410500
-0.344000	0.656000	0.342332	-0.342332	0.409600	-0.409600
-0.343000	0.657000	0.341432	-0.341432	0.408700	-0.408700
-0.342000	0.658000	0.340532	-0.340532	0.407800	-0.407800
-0.341000	0.659000	0.339632	-0.339632	0.406900	-0.406900
-0.340000	0.660000	0.338732	-0.338732	0.406000	-0.406000
-0.339000	0.661000	0.337832	-0.337832	0.405100	-0.405100
-0.338000	0.662000	0.336932	-0.336932	0.404200	-0.404200
-0.337000	0.663000	0.336032	-0.336032	0.403300	-0.403300
-0.336000	0.664000	0.335132	-0.335132	0.402400	-0.402400
-0.335000	0.665000	0.334232	-0.334232	0.401500	-0.401500
-0.334000	0.666000	0.333332	-0.333332	0.400600	-0.400600
-0.333000	0.667000	0.332432	-0.332432	0.399700	-0.399700
-0.332000	0.668000	0.331532	-0.331532	0.398800	-0.398800
-0.331000	0.669000	0.330632	-0.330632	0.397900	-0.397900
-0.330000	0.670000	0.329732	-0.329732	0.397000	-0.397000
-0.329000	0.671000	0.328832	-0.328832	0.396100	-0.396100
-0.328000	0.672000	0.327932	-0.327932	0.395200	-0.395200
-0.327000	0.673000	0.327032	-0.327032	0.394300	-0.394300
-0.326000	0.674000	0.326132	-0.326132	0.393400	-0.393400
-0.325000	0.675000	0.325232	-0.325232	0.392500	-0.392500
-0.324000	0.676000	0.324332	-0.324332	0.391600	-0.391600
-0.323000	0.677000	0.323432	-0.323432	0.390700	-0.390700
-0.322000	0.678000	0.322532	-0.322532	0.389800	-0.389800
-0.321000	0.679000	0.321632	-0.321632	0.388900	-0.388900
-0.320000	0.680000	0.320732	-0.320732	0.388000	-0.388000
-0.319000	0.681000	0.319832	-0.319832	0.387100	-0.387100
-0.318000	0.682000	0.318932	-0.318932	0.386200	-0.386200
-0.317000	0.683000	0.318032	-0.318032	0.385300	-0.385300
-0.316000	0.684000	0.317132	-0.317132	0.384400	-0.384400
-0.315000	0.685000	0.316232	-0.316232	0.383500	-0.383500
-0.314000	0.686000	0.315332	-0.315332	0.382600	-0.382600
-0.313000	0.687000	0.314432	-0.314432	0.381700	-0.381700
-0.312000	0.688000	0.313532	-0.313532	0.380800	-0.380800
-0.311000	0.689000	0.312632	-0.312632	0.379900	-0.379900
-0.310000	0.690000	0.311732	-0.311732	0.379000	-0.379000
-0.309000	0.691000	0.310832	-0.310832	0.378100	-0.378100
-0.308000	0.692000	0.309932	-0.309932	0.377200	-0.377200
-0.307000	0.693000	0.309032	-0.309032	0.376300	-0.376300
-0.306000	0.694000	0.308132	-0.308132	0.375400	-0.375400
-0.305000	0.695000	0.307232	-0.307232	0.374500	-0.374500
-0.304000	0.696000	0.306332	-0.306332	0.373600	-0.373600
-0.303000	0.697000	0.305432	-0.305432	0.372700	-0.372700
-0.302000	0.698000	0.304532	-0.304532	0.371800	-0.371800
-0.301000	0.699000	0.303632	-0.303632	0.370900	-0.370900
-0.300000	0.700000	0.302732	-0.302732	0.370000	-0.370000
-0.299000	0.701000	0.301832	-0.301832	0.369100	-0.369100
-0.298000	0.702000	0.300932	-0.300932	0.368200	-0.368200
-0.297000	0.703000	0.300032	-0.300032	0.367300	-0.367300
-0.296000	0.704000	0.299132	-0.299132	0.366400	-0.366400
-0.295000	0.705000	0.298232	-0.298232	0.365500	-0.365500
-0.294000	0.706000	0.297332	-0.297332	0.364600	-0.364600
-0.293000	0.707000	0.296432	-0.296432	0.363700	-0.363700
-0.292000	0.708000	0.295532	-0.295532	0.362800	-0.362800
-0.291000	0.709000	0.294632	-0.294632	0.361900	-0.361900
-0.290000	0.710000	0.293732	-0.293732	0.361000	-0.361000
-0.289000	0.711000	0.292832	-0.292832	0.360100	-0.360100
-0.288000	0.712000	0.291932	-0.291932	0.359200	-0.359200
-0.287000	0.713000	0.291032	-0.291032	0.358300	-0.358300
-0.286000	0.714000	0.290132	-0.290132	0.357400	-0.357400
-0.285000	0.715000	0.289232	-0.289232	0.356500	-0.356500
-0.284000	0.716000	0.288332	-0.288332	0.355600	-0.355600
-0.283000	0.717000	0.287432	-0.287432	0.354700	-0.354700
-0.282000	0.718000	0.286532	-0.286532	0.353800	-0.353800
-0.281000	0.719000	0.285632	-0.285632	0.352900	-0.352900
-0.280000	0.720000	0.284732	-0.284732	0.352000	-0.352000
-0.279000	0.721000	0.283832	-0.283832	0.351100	-0.351100
-0.278000	0.722000	0.282932	-0.282932	0.350200	-0.350200
-0.277000	0.723000	0.282032	-0.282032	0.349300	-0.349300
-0.276000	0.724000	0.281132	-0.281132	0.348400	-0.348400
-0.275000	0.725000	0.280232	-0.280232	0.347500	-0.347500
-0.274000	0.726000	0.279332	-0.279332	0.346600	-0.346600
-0.273000	0.727000	0.278432	-0.278432	0.345700	-0.345700
-0.272000	0.728000	0.277532	-0.277532	0.344800	-0.344800
-0.271000	0.729000	0.276632	-0.276632	0.343900	-0.343900
-0.270000	0.730000	0.275732	-0.275732	0.343000	-0.343000
-0.269000	0.731000	0.274832	-0.274832	0.342100	-0.342100
-0.268000	0.732000	0.273932	-0.273932	0.341200	-0.341200
-0.267000	0.733000	0.273032	-0.273032	0.340300	-0.340300
-0.266000	0.734000	0.272132	-0.272132	0.339400	-0.339400
-0.265000	0.735000	0.271232	-0.271232	0.338500	-0.338500
-0.264000	0.736000	0.270332	-0.270332	0.337600	-0.337600
-0.263000	0.737000	0.269432	-0.269432	0.336700	-0.336700
-0.262000	0.738000	0.268532	-0.268532	0.335800	-0.335800
-0.261000	0.739000	0.267632	-0.267632	0.334900	-0.334900
-0.260000	0.740000	0.266732	-0.266732	0.334000	-0.334000
-0.259000	0.741000	0.265832	-0.265832	0.333100	-0.333100
-0.258000	0.742000	0.264932	-0.264932	0.332200	-0.332200
-0.257000	0.743000	0.264032	-0.264032	0.331300	-0.331300
-0.256000	0.744000	0.263132	-0.263132	0.330400	-0.330400
-0.255000	0.745000	0.262232	-0.262232	0.329500	-0.329500
-0.254000	0.746000	0.261332	-0.261332	0.328600	-0.328600
-0.253000	0.747000	0.260432	-0.260432	0.327700	-0.327700
-0.252000	0.748000	0.259532	-0.259532	0.326800	-0.326800
-0.251000	0.749000	0.258632	-0.258632	0.325900	-0.325900
-0.250000	0.750000	0.257732	-0.257732	0.325000	-0.325000
-0.249000	0.751000	0.256832	-0.256832	0.324100	-0.324100
-0.248000	0.752000	0.255932	-0.255932	0.323200	-0.323200
-0.247000	0.753000	0.255032	-0.255032	0.322300	-0.322300
-0.246000	0.754000	0.254132	-0.254132	0.321400	-0.321400
-0.245000	0.755000	0.253232	-0.253232	0.320500	-0.320500
-0.244000	0.756000	0.252332	-0.252332	0.319600	-0.319600
-0.243000	0.757000	0.251432	-0.251432	0.318700	-0.318700
-0.242000	0.758000	0.250532	-0.250532	0.317800	-0.317800
-0.241000	0.759000	0.249632	-0.249632	0.316900	-0.316900
-0.240000	0.760000	0.248732	-0.248732	0.316000	-0.316000
-0.239000	0.761000	0.247832	-0.247832	0.315100	-0.315100
-0.238000	0.762000	0.246932	-0.246932	0.314200	-0.314200
-0.237000	0.763000	0.246032	-0.246032	0.313300	-0.313300
-0.236000	0.764000	0.245132	-0.245132	0.312400	-0.312400
-0.235000	0.765000	0.244232	-0.244232	0.311500	-0.311500
-0.234000	0.766000	0.243332	-0.243332	0.310600	-0.310600
-0.233000	0.767000	0.242432	-0.242432	0.309700	-0.309700
-0.232000	0.768000	0.241532	-0.241532	0.308800	-0.308800
-0.231000	0.769000	0.240632	-0.240632	0.307900	-0.307900
-0.230000	0.770000	0.239732	-0.239732	0.307000	-0.307000
-0.229000	0.771000	0.238832	-0.238832	0.306100	-0.306100
-0.228000	0.772000	0.237932	-0.237932	0.305200	-0.305200
-0.227000	0.773000	0.237032	-0.237032	0.304300	-0.304300
-0.226000	0.774000	0.236132	-0.236132	0.303400	-0.303400
-0.225000	0.775000	0.235232	-0.235232	0.302500	-0.302500
-0.224000	0.776000	0.234332	-0.234332	0.301600	-0.301600
-0.223000	0.777000	0.233432	-0.233432	0.300700	-0.300700
-0.222000	0.778000	0.232532	-0.232532	0.299800	-0.299800
-0.221000	0.779000	0.231632	-0.231632	0.298900	-0.298900
-0.220000	0.780000	0.230732	-0.230732	0.298000	-0.298000
-0.219000	0.781000	0.229832	-0.229832	0.297100	-0.297100
-0.218000	0.782000	0.228932	-0.228932	0.296200	-0.296200
-0.217000	0.783000	0.228032	-0.228032	0.295300	-0.295300
-0.216000	0.784000	0.227132	-0.227132	0.294400	-0.294400
-0.215000	0.785000	0.226232	-0.226232	0.293500	-0.293500
-0.214000	0.786000	0.225332	-0.225332	0.292600	-0.292600
-0.213000	0.787000	0.224432	-0.224432	0.291700	-0.291700
-0.212000	0.788000	0.223532	-0.223532	0.290800	-0.290800
-0.211000	0.789000	0.222632	-0.222632	0.289900	-0.289900
-0.210000	0.790000	0.221732	-0.221732	0.289000	-0.289000
-0.209000	0.791000	0.220832	-0.220832	0.288100	-0.288100
-0.208000	0.792000	0.219932	-0.219932	0.287200	-0.287200
-0.207000	0.793000	0.219032	-0.219032	0.286300	-0.286300
-0.206000	0.794000	0.218132	-0.218132	0.285400	-0.285400
-0.205000	0.795000	0.217232	-0.217232	0.284500	-0.284500
-0.204000	0.796000	0.216332	-0.216332	0.283600	-0.283600
-0.203000	0.797000	0.215432	-0.215432	0.282700	-0.282700
-0.202000	0.798000	0.214532	-0.214532	0.281800	-0.281800
-0.201000	0.799000	0.213632	-0.213632	0.280900	-0.280900
-0.200000	0.800000	0.212732	-0.212732	0.280000	-0.280000
-0.199000	0.801000	0.211832	-0.211832	0.279100	-0.279100
-0.198000	0.802000	0.210932	-0.210932	0.278200	-0.278200
-0.197000	0.803000	0.210032	-0.210032	0.277300	-0.277300
-0.196000	0.804000	0.209132	-0.209132	0.276400	-0.276400
-0.195000	0.805000	0.208232	-0.208232	0.275500	-0.275500
-0.194000	0.806000	0.207332	-0.207332	0.274600	-0.274600
-0.193000	0.807000	0.206432	-0.206432	0.273700	-0.273700
-0.192000	0.808000	0.205532	-0.205532	0.272800	-0.272800
-0.191000	0.809000	0.204632	-0.204632	0.271900	-0.271900
-0.190000	0.810000	0.203732	-0.203732	0.271000	-0.271000
-0.189000	0.811000	0.202832	-0.202832	0.270100	-0.270100
-0.188000	0.812000	0.201932	-0.201932	0.269200	-0.269200
-0.187000	0.813000	0.201032	-0.201032	0.268300	-0.268300
-0.186000	0.814000	0.200132	-0.200132	0.267400	-0.267400
-0.185000	0.815000	0.199232	-0.199232	0.266500	-0.266500
-0.184000	0.816000	0.198332	-0.198332	0.265600	-0.265600
-0.183000	0.817000	0.197432	-0.197432	0.264700	-0.264700
-0.182000	0.818000	0.196532	-0.196532	0.263800	-0.263800
-0.181000	0.819000	0.195632	-0.195632	0.262900	-0.262900
-0.180000	0.820000	0.194732	-0.194732	0.262000	-0.262000
-0.179000	0.821000	0.193832	-0.193832	0.261100	-0.261100
-0.178000	0.822000	0.192932	-0.192932	0.260200	-0.260200
-0.177000	0.823000	0.192032	-0.192032	0.259300	-0.259300
-0.176000	0.824000	0.191132	-0.191132	0.258400	-0.258400
-0.175000	0.825000	0.190232	-0.190232	0.257500	-0.257500
-0.174000	0.826000	0.189332	-0.189332	0.256600	-0.256600
-0.173000	0.827000	0.188432	-0.188432	0.255700	-0.255700
-0.172000	0.828000	0.187532	-0.187532	0.254800	-0.254800
-0.171000	0.829000	0.186632	-0.186632	0.253900	-0.253900
-0.170000	0.830000	0.185732	-0.185732	0.253000	-0.253000
-0.169000	0.831000	0.184832	-0.184832	0.252100	-0.252100
-0.168000	0.832000	0.183932	-0.183932	0.251200	-0.251200
-0.167000	0.833000	0.183032	-0.183032	0.250300	-0.250300
-0.166000	0.834000	0.182132	-0.182132	0.249400	-0.249400
-0.165000	0.835000	0.181232	-0.181232	0.248500	-0.248500
-0.164000	0.836000	0.180332	-0.180332	0.247600	-0.247600
-0.163000	0.837000	0.179432	-0.179432	0.246700	-0.246700
-0.162000	0.838000	0.178532	-0.178532	0.245800	-0.245800
-0.161000	0.839000	0.177632	-0.177632	0.244900	-0.244900
-0.160000	0.840000	0.176732	-0.176732	0.244000	-0.244000
-0.159000	0.841000	0.175832	-0.175832	0.243100	-0.243100
-0.158000	0.842000	0.174932	-0.174932	0.242200	-0.242200
-0.157000	0.843000	0.174032	-0.174032	0.241300	-0.241300
-0.156000	0.844000	0.173132	-0.173132	0.240400	-0.240400
-0.155000	0.845000	0.172232	-0.172232	0.239500	-0.239500
-0.154000	0.846000	0.171332	-0.171332	0.238600	-0.238600
-0.153000	0.847000	0.170432	-0.170432	0.237700	-0.237700
-0.152000	0.848000	0.169532	-0.169532	0.236800	-0.236800
-0.151000	0.849000	0.168632	-0.168632	0.235900	-0.235900
-0.150000	0.850000	0.167732	-0.167732	0.235000	-0.235000
-0.149000	0.851000	0.166832	-0.166832	0.234100	-0.234100
-0.148000	0.852000	0.165932	-0.165932	0.233200	-0.233200
-0.147000	0.853000	0.165032	-0.165032	0.232300	-0.232300
-0.146000	0.854000	0.164132	-0.164132	0.231400	-0.231400
-0.145000	0.855000	0.163232	-0.163232	0.230500	-0.230500
-0.144000	0.856000	0.162332	-0.162332	0.229600	-0.229600
-0.143000	0.857000	0.161432	-0.161432	0.228700	-0.228700
-0.142000	0.858000	0.160532	-0.160532	0.227800	-0.227800
-0.141000	0.859000	0.159632	-0.159632	0.226900	-0.226900
-0.140000	0.860000	0.158732	-0.158732	0.226000	-0.226000
-0.139000	0.861000	0.157832	-0.157832	0.225100	-0.225100
-0.138000	0.862000	0.156932	-0.156932	0.224200	-0.224200
-0.137000	0.863000	0.156032	-0.156032	0.223300	-0.223300
-0.136000	0.864000	0.155132	-0.155132	0.222400	-0.222400
-0.135000	0.865000	0.154232	-0.154232	0.221500	-0.221500
-0.134000	0.866000	0.153332	-0.153332	0.220600	-0.220600
-0.133000	0.867000	0.152432	-0.152432	0.219700	-0.219700
-0.132000	0.868000	0.151532	-0.151532	0.218800	-0.218800
-0.131000	0.869000	0.150632	-0.150632	0.217900	-0.217900
-0.130000	0.870000	0.149732	-0.149732	0.217000	-0.217000
-0.129000	0.871000	0.148832	-0.148832	0.216100	-0.216100
-0.128000	0.872000	0.147932	-0.147932	0.215200	-0.215200
-0.127000	0.873000	0.147032	-0.147032	0.214300	-0.214300
-0.126000	0.874000	0.146132	-0.146132	0.213400	-0.213400
-0.125000	0.875000	0.145232	-0.145232	0.212500	-0.212500
-0.124000	0.876000	0.144332	-0.144332	0.211600	-0.211600
-0.123000	0.877000	0.143432	-0.143432	0.210700	-0.210700
-0.122000	0.878000	0.142532	-0.142532	0.209800	-0.209800
-0.121000	0.879000	0.141632	-0.141632	0.208900	-0.208900
-0.120000	0.880000	0.140732	-0.140732	0.208000	-0.208000
-0.119000	0.881000	0.139832	-0.139832	0.207100	-0.207100
-0.118000	0.882000	0.138932	-0.138932	0.206200	-0.206200
-0.117000	0.883000	0.138032	-0.138032	0.205300	-0.205300
-0.116000	0.884000	0.137132	-0.137132	0.204400	-0.204400
-0.115000	0.885000	0.136232	-0.136232	0.203500	-0.203500
-0.114000	0.886000	0.135332	-0.135332	0.202600	-0.202600
-0.113000	0.887000	0.134432	-0.134432	0.201700	-0.201700
-0.112000	0.888000	0.133532	-0.133532	0.200800	-0.200800
-0.111000	0.889000	0.132632	-0.132632	0.199900	-0.199900
-0.110000	0.890000	0.131732	-0.131732	0.199000	-0.199000
-0.109000	0.891000	0.130832	-0.130832	0.198100	-0.198100
-0.108000	0.892000	0.129932	-0.129932	0.197200	-0.197200
-0.107000	0.893000	0.129032	-0.129032	0.196300	-0.196300
-0.106000	0.894000	0.128132	-0.128132	0.195400	-0.195400
-0.105000	0.895000	0.127232	-0.127232	0.194500	-0.194500
-0.104000	0.896000	0.126332	-0.126332	0.193600	-0.193600
-0.103000	0.897000	0.125432	-0.125432	0.192700	-0.192700
-0.102000	0.898000	0.124532	-0.124532	0.191800	-0.191800
-0.101000	0.899000	0.123632	-0.123632	0.190900	-0.190900
-0.100000	0.900000	0.122732	-0.122732	0.190000	-0.190000
-0.099000	0.901000	0.121832	-0.121832	0.189100	-0.189100
-0.098000	0.902000	0.120932	-0.120932	0.188200	-0.188200
-0.097000	0.903000	0.120032	-0.120032	0.187300	-0.187300
-0.096000	0.904000	0.119132	-0.119132	0.186400	-0.186400
-0.095000	0.905000	0.118232	-0.118232	0.185500	-0.185500
-0.094000	0.906000	0.117332	-0.117332	0.184600	-0.184600
-0.093000	0.907000	0.116432	-0.116432	0.183700	-0.183700
-0.092000	0.908000	0.115532	-0.115532	0.182800	-0.182800
-0.091000	0.909000	0.114632	-0.114632	0.181900	-0.181900
-0.090000	0.910000	0.113732	-0.113732	0.181000	-0.181000
-0.089000	0.911000	0.112832	-0.112832	0.180100	-0.180100
-0.088000	0.912000	0.111932	-0.111932	0.179200	-0.179200
-0.087000	0.913000	0.111032	-0.111032	0.178300	-0.178300
-0.086000	0.914000	0.110132	-0.110132	0.177400	-0.177400
-0.085000	0.915000	0.109232	-0.109232	0.176500	-0.176500
-0.084000	0.916000	0.108332	-0.108332	0.175600	-0.175600
-0.083000	0.917000	0.107432	-0.107432	0.174700	-0.174700
-0.082000	0.918000	0.106532	-0.106532	0.173800	-0.173800
-0.081000	0.919000	0.105632	-0.105632	0.172900	-0.172900
-0.080000	0.920000	0.104732	-0.104732	0.172000	-0.172000
-0.079000	0.921000	0.103832	-0.103832	0.171100	-0.171100
-0.078000	0.922000	0.102932	-0.102932	0.170200	-0.170200
-0.077000	0.923000	0.102032	-0.102032	0.169300	-0.169300
-0.076000	0.924000	0.101132	-0.101132	0.168400	-0.168400
-0.075000	0.925000	0.100232	-0.100232	0.167500	-0.167500
-0.074000	0.926000	0.099332	-0.099332	0.166600	-0.166600
-0.073000	0.927000	0.098432	-0.098432	0.165700	-0.165700
-0.072000	0.928000	0.097532	-0.097532	0.164800	-0.164800
-0.071000	0.929000	0.096632	-0.096632	0.163900	-0.163900
-0.070000	0.930000	0.095732	-0.095732	0.163000	-0.163000
-0.069000	0.931000	0.094832	-0.094832	0.162100	-0.162100
-0.068000	0.932000	0.093932	-0.093932	0.161200	-0.161200
-0.067000	0.933000	0.093032	-0.093032	0.160300	-0.160300
-0.066000	0.934000	0.092132	-0.092132	0.159400	-0.159400
-0.065000	0.935000	0.091232	-0.091232	0.158500	-0.158500
-0.064000	0.936000	0.090332	-0.090332	0.157600	-0.157600
-0.063000	0.937000	0.089432	-0.089432	0.156700	-0.156700
-0.062000	0.938000	0.088532	-0.088532	0.155800	-0.155800
-0.061000	0.939000	0.087632	-0.087632	0.154900	-0.154900
-0.060000	0.940000	0.086732	-0.086732	0.154000	-0.154000
-0.059000	0.941000	0.085832	-0.085832	0.153100	-0.153100
-0.058000	0.942000	0.084932	-0.084932	0.152200	-0.152200
-0.057000	0.943000	0.084032	-0.084032	0.151300	-0.151300
-0.056000	0.944000	0.083132	-0.083132	0.150400	-0.150400
-0.055000	0.945000	0.082232	-0.082232	0.149500	-0.149500
-0.054000	0.946000	0.081332	-0.081332	0.148600	-0.148600
-0.053000	0.947000	0.080432	-0.080432	0.147700	-0.147700
-0.052000	0.948000	0.079532	-0.079532	0.146800	-0.146800
-0.051000	0.949000	0.078632	-0.078632	0.145900	-0.145900
-0.050000	0.950000	0.077732	-0.077732	0.145000	-0.145000
-0.049000	0.951000	0.076832	-0.076832	0.144100	-0.144100
-0.048000	0.952000	0.075932	-0.075932	0.143200	-0.143200
-0.047000	0.953000	0.075032	-0.075032	0.142300	-0.142300
-0.046000	0.954000	0.074132	-0.074132	0.141400	-0.141400
-0.045000	0.955000	0.073232	-0.073232	0.140500	-0.140500
-0.044000	0.956000	0.072332	-0.072332	0.139600	-0.139600
-0.043000	0.957000	0.071432	-0.071432	0.138700	-0.138700
-0.042000	0.958000	0.070532	-0.070532	0.137800	-0.137800
-0.041000	0.959000	0.069632	-0.069632	0.136900	-0.136900
-0.040000	0.960000	0.068732	-0.068732	0.136000	-0.136000
-0.039000	0.961000	0.067832	-0.067832	0.135100	-0.135100
-0.038000	0.962000	0.066932	-0.066932	0.134200	-0.134200
-0.037000	0.963000	0.066032	-0.066032	0.133300	-0.133300
-0.036000	0.964000	0.065132	-0.065132	0.132400	-0.132400
-0.035000	0.965000	0.064232	-0.064232	0.131500	-0.131500
-0.034000	0.966000	0.063332	-0.063332	0.130600	-0.130600
-0.033000	0.967000	0.062437	-0.062437	0.129700	-0.129700
-0.032000	0.968000	0.061581	-0.061581	0.128800	-0.128800
-0.031000	0.969000	0.060770	-0.060770	0.127900	-0.127900
-0.030000	0.970000	0.060000	-0.060000	0.127000	-0.127000
-0.029000	0.971000	0.059269	-0.059269	0.126100	-0.126100
-0.028000	0.972000	0.058575	-0.058575	0.125200	-0.125200
-0.027000	0.973000	0.057917	-0.057917	0.124300	-0.124300
-0.026000	0.974000	0.057292	-0.057292	0.123400	-0.123400
-0.025000	0.975000	0.056699	-0.056699	0.122500	-0.122500
-0.024000	0.976000	0.056137	-0.056137	0.121600	-0.121600
-0.023000	0.977000	0.055604	-0.055604	0.120700	-0.120700
-0.022000	0.978000	0.055100	-0.055100	0.119800	-0.119800
-0.021000	0.979000	0.054624	-0.054624	0.118900	-0.118900
-0.020000	0.980000	0.054174	-0.054174	0.118000	-0.118000
-0.019000	0.981000	0.053751	-0.053751	0.117100	-0.117100
-0.018000	0.982000	0.053352	-0.053352	0.116200	-0.116200
-0.017000	0.983000	0.052979	-0.052979	0.115300	-0.115300
-0.016000	0.984000	0.052629	-0.052629	0.114400	-0.114400
-0.015000	0.985000	0.052303	-0.052303	0.113500	-0.113500
-0.014000	0.986000	0.052000	-0.052000	0.112600	-0.112600
-0.013000	0.987000	0.051720	-0.051720	0.111700	-0.111700
-0.012000	0.988000	0.051461	-0.051461	0.110800	-0.110800
-0.011000	0.989000	0.051225	-0.051225	0.109900	-0.109900
-0.010000	0.990000	0.051010	-0.051010	0.109000	-0.109000
-0.009000	0.991000	0.050817	-0.050817	0.108100	-0.108100
-0.008000	0.992000	0.050644	-0.050644	0.107200	-0.107200
-0.007000	0.993000	0.050492	-0.050492	0.106300	-0.106300
-0.006000	0.994000	0.050361	-0.050361	0.105400	-0.105400
-0.005000	0.995000	0.050251	-0.050251	0.104500	-0.104500
-0.004000	0.996000	0.050160	-0.050160	0.103600	-0.103600
-0.003000	0.997000	0.050090	-0.050090	0.102700	-0.102700
-0.002000	0.998000	0.050040	-0.050040	0.101800	-0.101800
-0.001000	0.999000	0.050010	-0.050010	0.100900	-0.100900
0.000000	0.000000	0.050000	-0.050000	1.000000	-1.000000
0.001000	0.001000	0.050010	-0.050010	0.999100	-0.999100
0.002000	0.002000	0.050040	-0.050040	0.998200	-0.998200
0.003000	0.003000	0.050090	-0.050090	0.997300	-0.997300
0.004000	0.004000	0.050160	-0.050160	0.996400	-0.996400
0.005000	0.005000	0.050251	-0.050251	0.995500	-0.995500
0.006000	0.006000	0.050361	-0.050361	0.994600	-0.994600
0.007000	0.007000	0.050492	-0.050492	0.993700	-0.993700
0.008000	0.008000	0.050644	-0.050644	0.992800	-0.992800
0.009000	0.009000	0.050817	-0.050817	0.991900	-0.991900
0.010000	0.010000	0.051010	-0.051010	0.991000	-0.991000
0.011000	0.011000	0.051225	-0.051225	0.990100	-0.990100
0.012000	0.012000	0.051461	-0.051461	0.989200	-0.989200
0.013000	0.013000	0.051720	-0.051720	0.988300	-0.988300
0.014000	0.014000	0.052000	-0.052000	0.987400	-0.987400
0.015000	0.015000	0.052303	-0.052303	0.986500	-0.986500
0.016000	0.016000	0.052629	-0.052629	0.985600	-0.985600
0.017000	0.017000	0.052979	-0.052979	0.984700	-0.984700
0.018000	0.018000	0.053352	-0.053352	0.983800	-0.983800
0.019000	0.019000	0.053751	-0.053751	0.982900	-0.982900
0.020000	0.020000	0.054174	-0.054174	0.982000	-0.982000
0.021000	0.021000	0.054624	-0.054624	0.981100	-0.981100
0.022000	0.022000	0.055100	-0.055100	0.980200	-0.980200
0.023000	0.023000	0.055604	-0.055604	0.979300	-0.979300
0.024000	0.024000	0.056137	-0.056137	0.978400	-0.978400
0.025000	0.025000	0.056699	-0.056699	0.977500	-0.977500
0.026000	0.026000	0.057292	-0.057292	0.976600	-0.976600
0.027000	0.027000	0.057917	-0.057917	0.975700	-0.975700
0.028000	0.028000	0.058575	-0.058575	0.974800	-0.974800
0.029000	0.029000	0.059269	-0.059269	0.973900	-0.973900
0.030000	0.030000	0.060000	-0.060000	0.973000	-0.973000
0.031000	0.031000	0.060770	-0.060770	0.972100	-0.972100
0.032000	0.032000	0.061581	-0.061581	0.971200	-0.971200
0.033000	0.033000	0.062437	-0.062437	0.970300	-0.970300
0.034000	0.034000	0.063339	-0.063339	0.969400	-0.969400
0.035000	0.035000	0.064293	-0.064293	0.968500	-0.968500
0.036000	0.036000	0.065301	-0.065301	0.967600	-0.967600
0.037000	0.037000	0.066370	-0.066370	0.966700	-0.966700
0.038000	0.038000	0.067504	-0.067504	0.965800	-0.965800
0.039000	0.039000	0.068711	-0.068711	0.964900	-0.964900
0.040000	0.040000	0.070000	-0.070000	0.964000	-0.964000
0.041000	0.041000	0.071382	-0.071382	0.963100	-0.963100
0.042000	0.042000	0.072871	-0.072871	0.962200	-0.962200
0.043000	0.043000	0.074485	-0.074485	0.961300	-0.961300
0.044000	0.044000	0.076251	-0.076251	0.960400	-0.960400
0.045000	0.045000	0.078206	-0.078206	0.959500	-0.959500
0.046000	0.046000	0.080404	-0.080404	0.958600	-0.958600
0.047000	0.047000	0.082941	-0.082941	0.957700	-0.957700
0.048000	0.048000	0.086000	-0.086000	0.956800	-0.956800
0.049000	0.049000	0.090050	-0.090050	0.955900	-0.955900
0.050000	0.050000	0.090050	-0.090050	0.955000	-0.955000
0.051000	0.051000	0.886832	-0.886832	0.954100	-0.954100
0.052000	0.052000	0.885932	-0.885932	0.953200	-0.953200
0.053000	0.053000	0.885032	-0.885032	0.952300	-0.952300
0.054000	0.054000	0.884132	-0.884132	0.951400	-0.951400
0.055000	0.055000	0.883232	-0.883232	0.950500	-0.950500
0.056000	0.056000	0.882332	-0.882332	0.949600	-0.949600
0.057000	0.057000	0.881432	-0.881432	0.948700	-0.948700
0.058000	0.058000	0.880532	-0.880532	0.947800	-0.947800
0.059000	0.059000	0.879632	-0.879632	0.946900	-0.946900
0.060000	0.060000	0.878732	-0.878732	0.946000	-0.946000
0.061000	0.061000	0.877832	-0.877832	0.945100	-0.945100
0.062000	0.062000	0.876932	-0.876932	0.944200	-0.944200
0.063000	0.063000	0.876032	-0.876032	0.943300	-0.943300
0.064000	0.064000	0.875132	-0.875132	0.942400	-0.942400
0.065000	0.065000	0.874232	-0.874232	0.941500	-0.941500
0.066000	0.066000	0.873332	-0.873332	0.940600	-0.940600
0.067000	0.067000	0.872432	-0.872432	0.939700	-0.939700
0.068000	0.068000	0.871532	-0.871532	0.938800	-0.938800
0.069000	0.069000	0.870632	-0.870632	0.937900	-0.937900
0.070000	0.070000	0.869732	-0.869732	0.937000	-0.937000
0.071000	0.071000	0.868832	-0.868832	0.936100	-0.936100
0.072000	0.072000	0.867932	-0.867932	0.935200	-0.935200
0.073000	0.073000	0.867032	-0.867032	0.934300	-0.934300
0.074000	0.074000	0.866132	-0.866132	0.933400	-0.933400
0.075000	0.075000	0.865232	-0.865232	0.932500	-0.932500
0.076000	0.076000	0.864332	-0.864332	0.931600	-0.931600
0.077000	0.077000	0.863432	-0.863432	0.930700	-0.930700
0.078000	0.078000	0.862532	-0.862532	0.929800	-0.929800
0.079000	0.079000	0.861632	-0.861632	0.928900	-0.928900
0.080000	0.080000	0.860732	-0.860732	0.928000	-0.928000
0.081000	0.081000	0.859832	-0.859832	0.927100	-0.927100
0.082000	0.082000	0.858932	-0.858932	0.926200	-0.926200
0.083000	0.083000	0.858032	-0.858032	0.925300	-0.925300
0.084000	0.084000	0.857132	-0.857132	0.924400	-0.924400
0.085000	0.085000	0.856232	-0.856232	0.923500	-0.923500
0.086000	0.086000	0.855332	-0.855332	0.922600	-0.922600
0.087000	0.087000	0.854432	-0.854432	0.921700	-0.921700
0.088000	0.088000	0.853532	-0.853532	0.920800	-0.920800
0.089000	0.089000	0.852632	-0.852632	0.919900	-0.919900
0.090000	0.090000	0.851732	-0.851732	0.919000	-0.919000
0.091000	0.091000	0.850832	-0.850832	0.918100	-0.918100
0.092000	0.092000	0.849932	-0.849932	0.917200	-0.917200
0.093000	0.093000	0.849032	-0.849032	0.916300	-0.916300
0.094000	0.094000	0.848132	-0.848132	0.915400	-0.915400
0.095000	0.095000	0.847232	-0.847232	0.914500	-0.914500
0.096000	0.096000	0.846332	-0.846332	0.913600	-0.913600
0.097000	0.097000	0.845432	-0.845432	0.912700	-0.912700
0.098000	0.098000	0.844532	-0.844532	0.911800	-0.911800
0.099000	0.099000	0.843632	-0.843632	0.910900	-0.910900
0.100000	0.100000	0.842732	-0.842732	0.910000	-0.910000
0.101000	0.101000	0.841832	-0.841832	0.909100	-0.909100
0.102000	0.102000	0.840932	-0.840932	0.908200	-0.908200
0.103000	0.103000	0.840032	-0.840032	0.907300	-0.907300
0.104000	0.104000	0.839132	-0.839132	0.906400	-0.906400
0.105000	0.105000	0.838232	-0.838232	0.905500	-0.905500
0.106000	0.106000	0.837332	-0.837332	0.904600	-0.904600
0.107000	0.107000	0.836432	-0.836432	0.903700	-0.903700
0.108000	0.108000	0.835532	-0.835532	0.902800	-0.902800
0.109000	0.109000	0.834632	-0.834632	0.901900	-0.901900
0.110000	0.110000	0.833732	-0.833732	0.901000	-0.901000
0.111000	0.111000	0.832832	-0.832832	0.900100	-0.900100
0.112000	0.112000	0.831932	-0.831932	0.899200	-0.899200
0.113000	0.113000	0.831032	-0.831032	0.898300	-0.898300
0.114000	0.114000	0.830132	-0.830132	0.897400	-0.897400
0.115000	0.115000	0.829232	-0.829232	0.896500	-0.896500
0.116000	0.116000	0.828332	-0.828332	0.895600	-0.895600
0.117000	0.117000	0.827432	-0.827432	0.894700	-0.894700
0.118000	0.118000	0.826532	-0.826532	0.893800	-0.893800
0.119000	0.119000	0.825632	-0.825632	0.892900	-0.892900
0.120000	0.120000	0.824732	-0.824732	0.892000	-0.892000
0.121000	0.121000	0.823832	-0.823832	0.891100	-0.891100
0.122000	0.122000	0.822932	-0.822932	0.890200	-0.890200
0.123000	0.123000	0.822032	-0.822032	0.889300	-0.889300
0.124000	0.124000	0.821132	-0.821132	0.888400	-0.888400
0.125000	0.125000	0.820232	-0.820232	0.887500	-0.887500
0.126000	0.126000	0.819332	-0.819332	0.886600	-0.886600
0.127000	0.127000	0.818432	-0.818432	0.885700	-0.885700
0.128000	0.128000	0.817532	-0.817532	0.884800	-0.884800
0.129000	0.129000	0.816632	-0.816632	0.883900	-0.883900
0.130000	0.130000	0.815732	-0.815732	0.883000	-0.883000
0.131000	0.131000	0.814832	-0.814832	0.882100	-0.882100
0.132000	0.132000	0.813932	-0.813932	0.881200	-0.881200
0.133000	0.133000	0.813032	-0.813032	0.880300	-0.880300
0.134000	0.134000	0.812132	-0.812132	0.879400	-0.879400
0.135000	0.135000	0.811232	-0.811232	0.878500	-0.878500
0.136000	0.136000	0.810332	-0.810332	0.877600	-0.877600
0.137000	0.137000	0.809432	-0.809432	0.876700	-0.876700
0.138000	0.138000	0.808532	-0.808532	0.875800	-0.875800
0.139000	0.139000	0.807632	-0.807632	0.874900	-0.874900
0.140000	0.140000	0.806732	-0.806732	0.874000	-0.874000
0.141000	0.141000	0.805832	-0.805832	0.873100	-0.873100
0.142000	0.142000	0.804932	-0.804932	0.872200	-0.872200
0.143000	0.143000	0.804032	-0.804032	0.871300	-0.871300
0.144000	0.144000	0.803132	-0.803132	0.870400	-0.870400
0.145000	0.145000	0.802232	-0.802232	0.869500	-0.869500
0.146000	0.146000	0.801332	-0.801332	0.868600	-0.868600
0.147000	0.147000	0.800432	-0.800432	0.867700	-0.867700
0.148000	0.148000	0.799532	-0.799532	0.866800	-0.866800
0.149000	0.149000	0.798632	-0.798632	0.865900	-0.865900
0.150000	0.150000	0.797732	-0.797732	0.865000	-0.865000
0.151000	0.151000	0.796832	-0.796832	0.864100	-0.864100
0.152000	0.152000	0.795932	-0.795932	0.863200	-0.863200
0.153000	0.153000	0.795032	-0.795032	0.862300	-0.862300
0.154000	0.154000	0.794132	-0.794132	0.861400	-0.861400
0.155000	0.155000	0.793232	-0.793232	0.860500	-0.860500
0.156000	0.156000	0.792332	-0.792332	0.859600	-0.859600
0.157000	0.157000	0.791432	-0.791432	0.858700	-0.858700
0.158000	0.158000	0.790532	-0.790532	0.857800	-0.857800
0.159000	0.159000	0.789632	-0.789632	0.856900	-0.856900
0.160000	0.160000	0.788732	-0.788732	0.856000	-0.856000
0.161000	0.161000	0.787832	-0.787832	0.855100	-0.855100
0.162000	0.162000	0.786932	-0.786932	0.854200	-0.854200
0.163000	0.163000	0.786032	-0.786032	0.853300	-0.853300
0.164000	0.164000	0.785132	-0.785132	0.852400	-0.852400
0.165000	0.165000	0.784232	-0.784232	0.851500	-0.851500
0.166000	0.166000	0.783332	-0.783332	0.850600	-0.850600
0.167000	0.167000	0.782432	-0.782432	0.849700	-0.849700
0.168000	0.168000	0.781532	-0.781532	0.848800	-0.848800
0.169000	0.169000	0.780632	-0.780632	0.847900	-0.847900
0.170000	0.170000	0.779732	-0.779732	0.847000	-0.847000
0.171000	0.171000	0.778832	-0.778832	0.846100	-0.846100
0.172000	0.172000	0.777932	-0.777932	0.845200	-0.845200
0.173000	0.173000	0.777032	-0.777032	0.844300	-0.844300
0.174000	0.174000	0.776132	-0.776132	0.843400	-0.843400
0.175000	0.175000	0.775232	-0.775232	0.842500	-0.842500
0.176000	0.176000	0.774332	-0.774332	0.841600	-0.841600
0.177000	0.177000	0.773432	-0.773432	0.840700	-0.840700
0.178000	0.178000	0.772532	-0.772532	0.839800	-0.839800
0.179000	0.179000	0.771632	-0.771632	0.838900	-0.838900
0.180000	0.180000	0.770732	-0.770732	0.838000	-0.838000
0.181000	0.181000	0.769832	-0.769832	0.837100	-0.837100
0.182000	0.182000	0.768932	-0.768932	0.836200	-0.836200
0.183000	0.183000	0.768032	-0.768032	0.835300	-0.835300
0.184000	0.184000	0.767132	-0.767132	0.834400	-0.834400
0.185000	0.185000	0.766232	-0.766232	0.833500	-0.833500
0.186000	0.186000	0.765332	-0.765332	0.832600	-0.832600
0.187000	0.187000	0.764432	-0.764432	0.831700	-0.831700
0.188000	0.188000	0.763532	-0.763532	0.830800	-0.830800
0.189000	0.189000	0.762632	-0.762632	0.829900	-0.829900
0.190000	0.190000	0.761732	-0.761732	0.829000	-0.829000
0.191000	0.191000	0.760832	-0.760832	0.828100	-0.828100
0.192000	0.192000	0.759932	-0.759932	0.827200	-0.827200
0.193000	0.193000	0.759032	-0.759032	0.826300	-0.826300
0.194000	0.194000	0.758132	-0.758132	0.825400	-0.825400
0.195000	0.195000	0.757232	-0.757232	0.824500	-0.824500
0.196000	0.196000	0.756332	-0.756332	0.823600	-0.823600
0.197000	0.197000	0.755432	-0.755432	0.822700	-0.822700
0.198000	0.198000	0.754532	-0.754532	0.821800	-0.821800
0.199000	0.199000	0.753632	-0.753632	0.820900	-0.820900
0.200000	0.200000	0.752732	-0.752732	0.820000	-0.820000
0.201000	0.201000	0.751832	-0.751832	0.819100	-0.819100
0.202000	0.202000	0.750932	-0.750932	0.818200	-0.818200
0.203000	0.203000	0.750032	-0.750032	0.817300	-0.817300
0.204000	0.204000	0.749132	-0.749132	0.816400	-0.816400
0.205000	0.205000	0.748232	-0.748232	0.815500	-0.815500
0.206000	0.206000	0.747332	-0.747332	0.814600	-0.814600
0.207000	0.207000	0.746432	-0.746432	0.813700	-0.813700
0.208000	0.208000	0.745532	-0.745532	0.812800	-0.812800
0.209000	0.209000	0.744632	-0.744632	0.811900	-0.811900
0.210000	0.210000	0.743732	-0.743732	0.811000	-0.811000
0.211000	0.211000	0.742832	-0.742832	0.810100	-0.810100
0.212000	0.212000	0.741932	-0.741932	0.809200	-0.809200
0.213000	0.213000	0.741032	-0.741032	0.808300	-0.808300
0.214000	0.214000	0.740132	-0.740132	0.807400	-0.807400
0.215000	0.215000	0.739232	-0.739232	0.806500	-0.806500
0.216000	0.216000	0.738332	-0.738332	0.805600	-0.805600
0.217000	0.217000	0.737432	-0.737432	0.804700	-0.804700
0.218000	0.218000	0.736532	-0.736532	0.803800	-0.803800
0.219000	0.219000	0.735632	-0.735632	0.802900	-0.802900
0.220000	0.220000	0.734732	-0.734732	0.802000	-0.802000
0.221000	0.221000	0.733832	-0.733832	0.801100	-0.801100
0.222000	0.222000	0.732932	-0.732932	0.800200	-0.800200
0.223000	0.223000	0.732032	-0.732032	0.799300	-0.799300
0.224000	0.224000	0.731132	-0.731132	0.798400	-0.798400
0.225000	0.225000	0.730232	-0.730232	0.797500	-0.797500
0.226000	0.226000	0.729332	-0.729332	0.796600	-0.796600
0.227000	0.227000	0.728432	-0.728432	0.795700	-0.795700
0.228000	0.228000	0.727532	-0.727532	0.794800	-0.794800
0.229000	0.229000	0.726632	-0.726632	0.793900	-0.793900
0.230000	0.230000	0.725732	-0.725732	0.793000	-0.793000
0.231000	0.231000	0.724832	-0.724832	0.792100	-0.792100
0.232000	0.232000	0.723932	-0.723932	0.791200	-0.791200
0.233000	0.233000	0.723032	-0.723032	0.790300	-0.790300
0.234000	0.234000	0.722132	-0.722132	0.789400	-0.789400
0.235000	0.235000	0.721232	-0.721232	0.788500	-0.788500
0.236000	0.236000	0.720332	-0.720332	0.787600	-0.787600
0.237000	0.237000	0.719432	-0.719432	0.786700	-0.786700
0.238000	0.238000	0.718532	-0.718532	0.785800	-0.785800
0.239000	0.239000	0.717632	-0.717632	0.784900	-0.784900
0.240000	0.240000	0.716732	-0.716732	0.784000	-0.784000
0.241000	0.241000	0.715832	-0.715832	0.783100	-0.783100
0.242000	0.242000	0.714932	-0.714932	0.782200	-0.782200
0.243000	0.243000	0.714032	-0.714032	0.781300	-0.781300
0.244000	0.244000	0.713132	-0.713132	0.780400	-0.780400
0.245000	0.245000	0.712232	-0.712232	0.779500	-0.779500
0.246000	0.246000	0.711332	-0.711332	0.778600	-0.778600
0.247000	0.247000	0.710432	-0.710432	0.777700	-0.777700
0.248000	0.248000	0.709532	-0.709532	0.776800	-0.776800
0.249000	0.249000	0.708632	-0.708632	0.775900	-0.775900
0.250000	0.250000	0.707732	-0.707732	0.775000	-0.775000
0.251000	0.251000	0.706832	-0.706832	0.774100	-0.774100
0.252000	0.252000	0.705932	-0.705932	0.773200	-0.773200
0.253000	0.253000	0.705032	-0.705032	0.772300	-0.772300
0.254000	0.254000	0.704132	-0.704132	0.771400	-0.771400
0.255000	0.255000	0.703232	-0.703232	0.770500	-0.770500
0.256000	0.256000	0.702332	-0.702332	0.769600	-0.769600
0.257000	0.257000	0.701432	-0.701432	0.768700	-0.768700
0.258000	0.258000	0.700532	-0.700532	0.767800	-0.767800
0.259000	0.259000	0.699632	-0.699632	0.766900	-0.766900
0.260000	0.260000	0.698732	-0.698732	0.766000	-0.766000
0.261000	0.261000	0.697832	-0.697832	0.765100	-0.765100
0.262000	0.262000	0.696932	-0.696932	0.764200	-0.764200
0.263000	0.263000	0.696032	-0.696032	0.763300	-0.763300
0.264000	0.264000	0.695132	-0.695132	0.762400	-0.762400
0.265000	0.265000	0.694232	-0.694232	0.761500	-0.761500
0.266000	0.266000	0.693332	-0.693332	0.760600	-0.760600
0.267000	0.267000	0.692432	-0.692432	0.759700	-0.759700
0.268000	0.268000	0.691532	-0.691532	0.758800	-0.758800
0.269000	0.269000	0.690632	-0.690632	0.757900	-0.757900
0.270000	0.270000	0.689732	-0.689732	0.757000	-0.757000
0.271000	0.271000	0.688832	-0.688832	0.756100	-0.756100
0.272000	0.272000	0.687932	-0.687932	0.755200	-0.755200
0.273000	0.273000	0.687032	-0.687032	0.754300	-0.754300
0.274000	0.274000	0.686132	-0.686132	0.753400	-0.753400
0.275000	0.275000	0.685232	-0.685232	0.752500	-0.752500
0.276000	0.276000	0.684332	-0.684332	0.751600	-0.751600
0.277000	0.277000	0.683432	-0.683432	0.750700	-0.750700
0.278000	0.278000	0.682532	-0.682532	0.749800	-0.749800
0.279000	0.279000	0.681632	-0.681632	0.748900	-0.748900
0.280000	0.280000	0.680732	-0.680732	0.748000	-0.748000
0.281000	0.281000	0.679832	-0.679832	0.747100	-0.747100
0.282000	0.282000	0.678932	-0.678932	0.746200	-0.746200
0.283000	0.283000	0.678032	-0.678032	0.745300	-0.745300
0.284000	0.284000	0.677132	-0.677132	0.744400	-0.744400
0.285000	0.285000	0.676232	-0.676232	0.743500	-0.743500
0.286000	0.286000	0.675332	-0.675332	0.742600	-0.742600
0.287000	0.287000	0.674432	-0.674432	0.741700	-0.741700
0.288000	0.288000	0.673532	-0.673532	0.740800	-0.740800
0.289000	0.289000	0.672632	-0.672632	0.739900	-0.739900
0.290000	0.290000	0.671732	-0.671732	0.739000	-0.739000
0.291000	0.291000	0.670832	-0.670832	0.738100	-0.738100
0.292000	0.292000	0.669932	-0.669932	0.737200	-0.737200
0.293000	0.293000	0.669032	-0.669032	0.736300	-0.736300
0.294000	0.294000	0.668132	-0.668132	0.735400	-0.735400
0.295000	0.295000	0.667232	-0.667232	0.734500	-0.734500
0.296000	0.296000	0.666332	-0.666332	0.733600	-0.733600
0.297000	0.297000	0.665432	-0.665432	0.732700	-0.732700
0.298000	0.298000	0.664532	-0.664532	0.731800	-0.731800
0.299000	0.299000	0.663632	-0.663632	0.730900	-0.730900
0.300000	0.300000	0.662732	-0.662732	0.730000	-0.730000
0.301000	0.301000	0.661832	-0.661832	0.729100	-0.729100
0.302000	0.302000	0.660932	-0.660932	0.728200	-0.728200
0.303000	0.303000	0.660032	-0.660032	0.727300	-0.727300
0.304000	0.304000	0.659132	-0.659132	0.726400	-0.726400
0.305000	0.305000	0.658232	-0.658232	0.725500	-0.725500
0.306000	0.306000	0.657332	-0.657332	0.724600	-0.724600
0.307000	0.307000	0.656432	-0.656432	0.723700	-0.723700
0.308000	0.308000	0.655532	-0.655532	0.722800	-0.722800
0.309000	0.309000	0.654632	-0.654632	0.721900	-0.721900
0.310000	0.310000	0.653732	-0.653732	0.721000	-0.721000
0.311000	0.311000	0.652832	-0.652832	0.720100	-0.720100
0.312000	0.312000	0.651932	-0.651932	0.719200	-0.719200
0.313000	0.313000	0.651032	-0.651032	0.718300	-0.718300
0.314000	0.314000	0.650132	-0.650132	0.717400	-0.717400
0.315000	0.315000	0.649232	-0.649232	0.716500	-0.716500
0.316000	0.316000	0.648332	-0.648332	0.715600	-0.715600
0.317000	0.317000	0.647432	-0.647432	0.714700	-0.714700
0.318000	0.318000	0.646532	-0.646532	0.713800	-0.713800
0.319000	0.319000	0.645632	-0.645632	0.712900	-0.712900
0.320000	0.320000	0.644732	-0.644732	0.712000	-0.712000
0.321000	0.321000	0.643832	-0.643832	0.711100	-0.711100
0.322000	0.322000	0.642932	-0.642932	0.710200	-0.710200
0.323000	0.323000	0.642032	-0.642032	0.709300	-0.709300
0.324000	0.324000	0.641132	-0.641132	0.708400	-0.708400
0.325000	0.325000	0.640232	-0.640232	0.707500	-0.707500
0.326000	0.326000	0.639332	-0.639332	0.706600	-0.706600
0.327000	0.327000	0.638432	-0.638432	0.705700	-0.705700
0.328000	0.328000	0.637532	-0.637532	0.704800	-0.704800
0.329000	0.329000	0.636632	-0.636632	0.703900	-0.703900
0.330000	0.330000	0.635732	-0.635732	0.703000	-0.703000
0.331000	0.331000	0.634832	-0.634832	0.702100	-0.702100
0.332000	0.332000	0.633932	-0.633932	0.701200	-0.701200
0.333000	0.333000	0.633032	-0.633032	0.700300	-0.700300
0.334000	0.334000	0.632132	-0.632132	0.699400	-0.699400
0.335000	0.335000	0.631232	-0.631232	0.698500	-0.698500
0.336000	0.336000	0.630332	-0.630332	0.697600	-0.697600
0.337000	0.337000	0.629432	-0.629432	0.696700	-0.696700
0.338000	0.338000	0.628532	-0.628532	0.695800	-0.695800
0.339000	0.339000	0.627632	-0.627632	0.694900	-0.694900
0.340000	0.340000	0.626732	-0.626732	0.694000	-0.694000
0.341000	0.341000	0.625832	-0.625832	0.693100	-0.693100
0.342000	0.342000	0.624932	-0.624932	0.692200	-0.692200
0.343000	0.343000	0.624032	-0.624032	0.691300	-0.691300
0.344000	0.344000	0.623132	-0.623132	0.690400	-0.690400
0.345000	0.345000	0.622232	-0.622232	0.689500	-0.689500
0.346000	0.346000	0.621332	-0.621332	0.688600	-0.688600
0.347000	0.347000	0.620432	-0.620432	0.687700	-0.687700
0.348000	0.348000	0.619532	-0.619532	0.686800	-0.686800
0.349000	0.349000	0.618632	-0.618632	0.685900	-0.685900
0.350000	0.350000	0.617732	-0.617732	0.685000	-0.685000
0.351000	0.351000	0.616832	-0.616832	0.684100	-0.684100
0.352000	0.352000	0.615932	-0.615932	0.683200	-0.683200
0.353000	0.353000	0.615032	-0.615032	0.682300	-0.682300
0.354000	0.354000	0.614132	-0.614132	0.681400	-0.681400
0.355000	0.355000	0.613232	-0.613232	0.680500	-0.680500
0.356000	0.356000	0.612332	-0.612332	0.679600	-0.679600
0.357000	0.357000	0.611432	-0.611432	0.678700	-0.678700
0.358000	0.358000	0.610532	-0.610532	0.677800	-0.677800
0.359000	0.359000	0.609632	-0.609632	0.676900	-0.676900
0.360000	0.360000	0.608732	-0.608732	0.676000	-0.676000
0.361000	0.361000	0.607832	-0.607832	0.675100	-0.675100
0.362000	0.362000	0.606932	-0.606932	0.674200	-0.674200
0.363000	0.363000	0.606032	-0.606032	0.673300	-0.673300
0.364000	0.364000	0.605132	-0.605132	0.672400	-0.672400
0.365000	0.365000	0.604232	-0.604232	0.671500	-0.671500
0.366000	0.366000	0.603332	-0.603332	0.670600	-0.670600
0.367000	0.367000	0.602432	-0.602432	0.669700	-0.669700
0.368000	0.368000	0.601532	-0.601532	0.668800	-0.668800
0.369000	0.369000	0.600632	-0.600632	0.667900	-0.667900
0.370000	0.370000	0.599732	-0.599732	0.667000	-0.667000
0.371000	0.371000	0.598832	-0.598832	0.666100	-0.666100
0.372000	0.372000	0.597932	-0.597932	0.665200	-0.665200
0.373000	0.373000	0.597032	-0.597032	0.664300	-0.664300
0.374000	0.374000	0.596132	-0.596132	0.663400	-0.663400
0.375000	0.375000	0.595232	-0.595232	0.662500	-0.662500
0.376000	0.376000	0.594332	-0.594332	0.661600	-0.661600
0.377000	0.377000	0.593432	-0.593432	0.660700	-0.660700
0.378000	0.378000	0.592532	-0.592532	0.659800	-0.659800
0.379000	0.379000	0.591632	-0.591632	0.658900	-0.658900
0.380000	0.380000	0.590732	-0.590732	0.658000	-0.658000
0.381000	0.381000	0.589832	-0.589832	0.657100	-0.657100
0.382000	0.382000	0.588932	-0.588932	0.656200	-0.656200
0.383000	0.383000	0.588032	-0.588032	0.655300	-0.655300
0.384000	0.384000	0.587132	-0.587132	0.654400	-0.654400
0.385000	0.385000	0.586232	-0.586232	0.653500	-0.653500
0.386000	0.386000	0.585332	-0.585332	0.652600	-0.652600
0.387000	0.387000	0.584432	-0.584432	0.651700	-0.651700
0.388000	0.388000	0.583532	-0.583532	0.650800	-0.650800
0.389000	0.389000	0.582632	-0.582632	0.649900	-0.649900
0.390000	0.390000	0.581732	-0.581732	0.649000	-0.649000
0.391000	0.391000	0.580832	-0.580832	0.648100	-0.648100
0.392000	0.392000	0.579932	-0.579932	0.647200	-0.647200
0.393000	0.393000	0.579032	-0.579032	0.646300	-0.646300
0.394000	0.394000	0.578132	-0.578132	0.645400	-0.645400
0.395000	0.395000	0.577232	-0.577232	0.644500	-0.644500
0.396000	0.396000	0.576332	-0.576332	0.643600	-0.643600
0.397000	0.397000	0.575432	-0.575432	0.642700	-0.642700
0.398000	0.398000	0.574532	-0.574532	0.641800	-0.641800
0.399000	0.399000	0.573632	-0.573632	0.640900	-0.640900
0.400000	0.400000	0.572732	-0.572732	0.640000	-0.640000
0.401000	0.401000	0.571832	-0.571832	0.639100	-0.639100
0.402000	0.402000	0.570932	-0.570932	0.638200	-0.638200
0.403000	0.403000	0.570032	-0.570032	0.637300	-0.637300
0.404000	0.404000	0.569132	-0.569132	0.636400	-0.636400
0.405000	0.405000	0.568232	-0.568232	0.635500	-0.635500
0.406000	0.406000	0.567332	-0.567332	0.634600	-0.634600
0.407000	0.407000	0.566432	-0.566432	0.633700	-0.633700
0.408000	0.408000	0.565532	-0.565532	0.632800	-0.632800
0.409000	0.409000	0.564632	-0.564632	0.631900	-0.631900
0.410000	0.410000	0.563732	-0.563732	0.631000	-0.631000
0.411000	0.411000	0.562832	-0.562832	0.630100	-0.630100
0.412000	0.412000	0.561932	-0.561932	0.629200	-0.629200
0.413000	0.413000	0.561032	-0.561032	0.628300	-0.628300
0.414000	0.414000	0.560132	-0.560132	0.627400	-0.627400
0.415000	0.415000	0.559232	-0.559232	0.626500	-0.626500
0.416000	0.416000	0.558332	-0.558332	0.625600	-0.625600
0.417000	0.417000	0.557432	-0.557432	0.624700	-0.624700
0.418000	0.418000	0.556532	-0.556532	0.623800	-0.623800
0.419000	0.419000	0.555632	-0.555632	0.622900	-0.622900
0.420000	0.420000	0.554732	-0.554732	0.622000	-0.622000
0.421000	0.421000	0.553832	-0.553832	0.621100	-0.621100
0.422000	0.422000	0.552932	-0.552932	0.620200	-0.620200
0.423000	0.423000	0.552032	-0.552032	0.619300	-0.619300
0.424000	0.424000	0.551132	-0.551132	0.618400	-0.618400
0.425000	0.425000	0.550232	-0.550232	0.617500	-0.617500
0.426000	0.426000	0.549332	-0.549332	0.616600	-0.616600
0.427000	0.427000	0.548432	-0.548432	0.615700	-0.615700
0.428000	0.428000	0.547532	-0.547532	0.614800	-0.614800
0.429000	0.429000	0.546632	-0.546632	0.613900	-0.613900
0.430000	0.430000	0.545732	-0.545732	0.613000	-0.613000
0.431000	0.431000	0.544832	-0.544832	0.612100	-0.612100
0.432000	0.432000	0.543932	-0.543932	0.611200	-0.611200
0.433000	0.433000	0.543032	-0.543032	0.610300	-0.610300
0.434000	0.434000	0.542132	-0.542132	0.609400	-0.609400
0.435000	0.435000	0.541232	-0.541232	0.608500	-0.608500
0.436000	0.436000	0.540332	-0.540332	0.607600	-0.607600
0.437000	0.437000	0.539432	-0.539432	0.606700	-0.606700
0.438000	0.438000	0.538532	-0.538532	0.605800	-0.605800
0.439000	0.439000	0.537632	-0.537632	0.604900	-0.604900
0.440000	0.440000	0.536732	-0.536732	0.604000	-0.604000
0.441000	0.441000	0.535832	-0.535832	0.603100	-0.603100
0.442000	0.442000	0.534932	-0.534932	0.602200	-0.602200
0.443000	0.443000	0.534032	-0.534032	0.601300	-0.601300
0.444000	0.444000	0.533132	-0.533132	0.600400	-0.600400
0.445000	0.445000	0.532232	-0.532232	0.599500	-0.599500
0.446000	0.446000	0.531332	-0.531332	0.598600	-0.598600
0.447000	0.447000	0.530432	-0.530432	0.597700	-0.597700
0.448000	0.448000	0.529532	-0.529532	0.596800	-0.596800
0.449000	0.449000	0.528632	-0.528632	0.595900	-0.595900
0.450000	0.450000	0.527732	-0.527732	0.595000	-0.595000
0.451000	0.451000	0.526832	-0.526832	0.594100	-0.594100
0.452000	0.452000	0.525932	-0.525932	0.593200	-0.593200
0.453000	0.453000	0.525032	-0.525032	0.592300	-0.592300
0.454000	0.454000	0.524132	-0.524132	0.591400	-0.591400
0.455000	0.455000	0.523232	-0.523232	0.590500	-0.590500
0.456000	0.456000	0.522332	-0.522332	0.589600	-0.589600
0.457000	0.457000	0.521432	-0.521432	0.588700	-0.588700
0.458000	0.458000	0.520532	-0.520532	0.587800	-0.587800
0.459000	0.459000	0.519632	-0.519632	0.586900	-0.586900
0.460000	0.460000	0.518732	-0.518732	0.586000	-0.586000
0.461000	0.461000	0.517832	-0.517832	0.585100	-0.585100
0.462000	0.462000	0.516932	-0.516932	0.584200	-0.584200
0.463000	0.463000	0.516032	-0.516032	0.583300	-0.583300
0.464000	0.464000	0.515132	-0.515132	0.582400	-0.582400
0.465000	0.465000	0.514232	-0.514232	0.581500	-0.581500
0.466000	0.466000	0.513332	-0.513332	0.580600	-0.580600
0.467000	0.467000	0.512432	-0.512432	0.579700	-0.579700
0.468000	0.468000	0.511532	-0.511532	0.578800	-0.578800
0.469000	0.469000	0.510632	-0.510632	0.577900	-0.577900
0.470000	0.470000	0.509732	-0.509732	0.577000	-0.577000
0.471000	0.471000	0.508832	-0.508832	0.576100	-0.576100
0.472000	0.472000	0.507932	-0.507932	0.575200	-0.575200
0.473000	0.473000	0.507032	-0.507032	0.574300	-0.574300
0.474000	0.474000	0.506132	-0.506132	0.573400	-0.573400
0.475000	0.475000	0.505232	-0.505232	0.572500	-0.572500
0.476000	0.476000	0.504332	-0.504332	0.571600	-0.571600
0.477000	0.477000	0.503432	-0.503432	0.570700	-0.570700
0.478000	0.478000	0.502532	-0.502532	0.569800	-0.569800
0.479000	0.479000	0.501632	-0.501632	0.568900	-0.568900
0.480000	0.480000	0.500732	-0.500732	0.568000	-0.568000
0.481000	0.481000	0.499832	-0.499832	0.567100	-0.567100
0.482000	0.482000	0.498932	-0.498932	0.566200	-0.566200
0.483000	0.483000	0.498032	-0.498032	0.565300	-0.565300
0.484000	0.484000	0.497132	-0.497132	0.564400	-0.564400
0.485000	0.485000	0.496232	-0.496232	0.563500	-0.563500
0.486000	0.486000	0.495332	-0.495332	0.562600	-0.562600
0.487000	0.487000	0.494432	-0.494432	0.561700	-0.561700
0.488000	0.488000	0.493532	-0.493532	0.560800	-0.560800
0.489000	0.489000	0.492632	-0.492632	0.559900	-0.559900
0.490000	0.490000	0.491732	-0.491732	0.559000	-0.559000
0.491000	0.491000	0.490832	-0.490832	0.558100	-0.558100
0.492000	0.492000	0.489932	-0.489932	0.557200	-0.557200
0.493000	0.493000	0.489032	-0.489032	0.556300	-0.556300
0.494000	0.494000	0.488132	-0.488132	0.555400	-0.555400
0.495000	0.495000	0.487232	-0.487232	0.554500	-0.554500
0.496000	0.496000	0.486332	-0.486332	0.553600	-0.553600
0.497000	0.497000	0.485432	-0.485432	0.552700	-0.552700
0.498000	0.498000	0.484532	-0.484532	0.551800	-0.551800
0.499000	0.499000	0.483632	-0.483632	0.550900	-0.550900
0.500000	0.500000	0.482732	-0.482732	0.550000	-0.550000
0.501000	0.501000	0.481832	-0.481832	0.549100	-0.549100
0.502000	0.502000	0.480932	-0.480932	0.548200	-0.548200
0.503000	0.503000	0.480032	-0.480032	0.547300	-0.547300
0.504000	0.504000	0.479132	-0.479132	0.546400	-0.546400
0.505000	0.505000	0.478232	-0.478232	0.545500	-0.545500
0.506000	0.506000	0.477332	-0.477332	0.544600	-0.544600
0.507000	0.507000	0.476432	-0.476432	0.543700	-0.543700
0.508000	0.508000	0.475532	-0.475532	0.542800	-0.542800
0.509000	0.509000	0.474632	-0.474632	0.541900	-0.541900
0.510000	0.510000	0.473732	-0.473732	0.541000	-0.541000
0.511000	0.511000	0.472832	-0.472832	0.540100	-0.540100
0.512000	0.512000	0.471932	-0.471932	0.539200	-0.539200
0.513000	0.513000	0.471032	-0.471032	0.538300	-0.538300
0.514000	0.514000	0.470132	-0.470132	0.537400	-0.537400
0.515000	0.515000	0.469232	-0.469232	0.536500	-0.536500
0.516000	0.516000	0.468332	-0.468332	0.535600	-0.535600
0.517000	0.517000	0.467432	-0.467432	0.534700	-0.534700
0.518000	0.518000	0.466532	-0.466532	0.533800	-0.533800
0.519000	0.519000	0.465632	-0.465632	0.532900	-0.532900
0.520000	0.520000	0.464732	-0.464732	0.532000	-0.532000
0.521000	0.521000	0.463832	-0.463832	0.531100	-0.531100
0.522000	0.522000	0.462932	-0.462932	0.530200	-0.530200
0.523000	0.523000	0.462032	-0.462032	0.529300	-0.529300
0.524000	0.524000	0.461132	-0.461132	0.528400	-0.528400
0.525000	0.525000	0.460232	-0.460232	0.527500	-0.527500
0.526000	0.526000	0.459332	-0.459332	0.526600	-0.526600
0.527000	0.527000	0.458432	-0.458432	0.525700	-0.525700
0.528000	0.528000	0.457532	-0.457532	0.524800	-0.524800
0.529000	0.529000	0.456632	-0.456632	0.523900	-0.523900
0.530000	0.530000	0.455732	-0.455732	0.523000	-0.523000
0.531000	0.531000	0.454832	-0.454832	0.522100	-0.522100
0.532000	0.532000	0.453932	-0.453932	0.521200	-0.521200
0.533000	0.533000	0.453032	-0.453032	0.520300	-0.520300
0.534000	0.534000	0.452132	-0.452132	0.519400	-0.519400
0.535000	0.535000	0.451232	-0.451232	0.518500	-0.518500
0.536000	0.536000	0.450332	-0.450332	0.517600	-0.517600
0.537000	0.537000	0.449432	-0.449432	0.516700	-0.516700
0.538000	0.538000	0.448532	-0.448532	0.515800	-0.515800
0.539000	0.539000	0.447632	-0.447632	0.514900	-0.514900
0.540000	0.540000	0.446732	-0.446732	0.514000	-0.514000
0.541000	0.541000	0.445832	-0.445832	0.513100	-0.513100
0.542000	0.542000	0.444932	-0.444932	0.512200	-0.512200
0.543000	0.543000	0.444032	-0.444032	0.511300	-0.511300
0.544000	0.544000	0.443132	-0.443132	0.510400	-0.510400
0.545000	0.545000	0.442232	-0.442232	0.509500	-0.509500
0.546000	0.546000	0.441332	-0.441332	0.508600	-0.508600
0.547000	0.547000	0.440432	-0.440432	0.507700	-0.507700
0.548000	0.548000	0.439532	-0.439532	0.506800	-0.506800
0.549000	0.549000	0.438632	-0.438632	0.505900	-0.505900
0.550000	0.550000	0.437732	-0.437732	0.505000	-0.505000
0.551000	0.551000	0.436832	-0.436832	0.504100	-0.504100
0.552000	0.552000	0.435932	-0.435932	0.503200	-0.503200
0.553000	0.553000	0.435032	-0.435032	0.502300	-0.502300
0.554000	0.554000	0.434132	-0.434132	0.501400	-0.501400
0.555000	0.555000	0.433232	-0.433232	0.500500	-0.500500
0.556000	0.556000	0.432332	-0.432332	0.499600	-0.499600
0.557000	0.557000	0.431432	-0.431432	0.498700	-0.498700
0.558000	0.558000	0.430532	-0.430532	0.497800	-0.497800
0.559000	0.559000	0.429632	-0.429632	0.496900	-0.496900
0.560000	0.560000	0.428732	-0.428732	0.496000	-0.496000
0.561000	0.561000	0.427832	-0.427832	0.495100	-0.495100
0.562000	0.562000	0.426932	-0.426932	0.494200	-0.494200
0.563000	0.563000	0.426032	-0.426032	0.493300	-0.493300
0.564000	0.564000	0.425132	-0.425132	0.492400	-0.492400
0.565000	0.565000	0.424232	-0.424232	0.491500	-0.491500
0.566000	0.566000	0.423332	-0.423332	0.490600	-0.490600
0.567000	0.567000	0.422432	-0.422432	0.489700	-0.489700
0.568000	0.568000	0.421532	-0.421532	0.488800	-0.488800
0.569000	0.569000	0.420632	-0.420632	0.487900	-0.487900
0.570000	0.570000	0.419732	-0.419732	0.487000	-0.487000
0.571000	0.571000	0.418832	-0.418832	0.486100	-0.486100
0.572000	0.572000	0.417932	-0.417932	0.485200	-0.485200
0.573000	0.573000	0.417032	-0.417032	0.484300	-0.484300
0.574000	0.574000	0.416132	-0.416132	0.483400	-0.483400
0.575000	0.575000	0.415232	-0.415232	0.482500	-0.482500
0.576000	0.576000	0.414332	-0.414332	0.481600	-0.481600
0.577000	0.577000	0.413432	-0.413432	0.480700	-0.480700
0.578000	0.578000	0.412532	-0.412532	0.479800	-0.479800
0.579000	0.579000	0.411632	-0.411632	0.478900	-0.478900
0.580000	0.580000	0.410732	-0.410732	0.478000	-0.478000
0.581000	0.581000	0.409832	-0.409832	0.477100	-0.477100
0.582000	0.582000	0.408932	-0.408932	0.476200	-0.476200
0.583000	0.583000	0.408032	-0.408032	0.475300	-0.475300
0.584000	0.584000	0.407132	-0.407132	0.474400	-0.474400
0.585000	0.585000	0.406232	-0.406232	0.473500	-0.473500
0.586000	0.586000	0.405332	-0.405332	0.472600	-0.472600
0.587000	0.587000	0.404432	-0.404432	0.471700	-0.471700
0.588000	0.588000	0.403532	-0.403532	0.470800	-0.470800
0.589000	0.589000	0.402632	-0.402632	0.469900	-0.469900
0.590000	0.590000	0.401732	-0.401732	0.469000	-0.469000
0.591000	0.591000	0.400832	-0.400832	0.468100	-0.468100
0.592000	0.592000	0.399932	-0.399932	0.467200	-0.467200
0.593000	0.593000	0.399032	-0.399032	0.466300	-0.466300
0.594000	0.594000	0.398132	-0.398132	0.465400	-0.465400
0.595000	0.595000	0.397232	-0.397232	0.464500	-0.464500
0.596000	0.596000	0.396332	-0.396332	0.463600	-0.463600
0.597000	0.597000	0.395432	-0.395432	0.462700	-0.462700
0.598000	0.598000	0.394532	-0.394532	0.461800	-0.461800
0.599000	0.599000	0.393632	-0.393632	0.460900	-0.460900
0.600000	0.600000	0.392732	-0.392732	0.460000	-0.460000
0.601000	0.601000	0.391832	-0.391832	0.459100	-0.459100
0.602000	0.602000	0.390932	-0.390932	0.458200	-0.458200
0.603000	0.603000	0.390032	-0.390032	0.457300	-0.457300
0.604000	0.604000	0.389132	-0.389132	0.456400	-0.456400
0.605000	0.605000	0.388232	-0.388232	0.455500	-0.455500
0.606000	0.606000	0.387332	-0.387332	0.454600	-0.454600
0.607000	0.607000	0.386432	-0.386432	0.453700	-0.453700
0.608000	0.608000	0.385532	-0.385532	0.452800	-0.452800
0.609000	0.609000	0.384632	-0.384632	0.451900	-0.451900
0.610000	0.610000	0.383732	-0.383732	0.451000	-0.451000
0.611000	0.611000	0.382832	-0.382832	0.450100	-0.450100
0.612000	0.612000	0.381932	-0.381932	0.449200	-0.449200
0.613000	0.613000	0.381032	-0.381032	0.448300	-0.448300
0.614000	0.614000	0.380132	-0.380132	0.447400	-0.447400
0.615000	0.615000	0.379232	-0.379232	0.446500	-0.446500
0.616000	0.616000	0.378332	-0.378332	0.445600	-0.445600
0.617000	0.617000	0.377432	-0.377432	0.444700	-0.444700
0.618000	0.618000	0.376532	-0.376532	0.443800	-0.443800
0.619000	0.619000	0.375632	-0.375632	0.442900	-0.442900
0.620000	0.620000	0.374732	-0.374732	0.442000	-0.442000
0.621000	0.621000	0.373832	-0.373832	0.441100	-0.441100
0.622000	0.622000	0.372932	-0.372932	0.440200	-0.440200
0.623000	0.623000	0.372032	-0.372032	0.439300	-0.439300
0.624000	0.624000	0.371132	-0.371132	0.438400	-0.438400
0.625000	0.625000	0.370232	-0.370232	0.437500	-0.437500
0.626000	0.626000	0.369332	-0.369332	0.436600	-0.436600
0.627000	0.627000	0.368432	-0.368432	0.435700	-0.435700
0.628000	0.628000	0.367532	-0.367532	0.434800	-0.434800
0.629000	0.629000	0.366632	-0.366632	0.433900	-0.433900
0.630000	0.630000	0.365732	-0.365732	0.433000	-0.433000
0.631000	0.631000	0.364832	-0.364832	0.432100	-0.432100
0.632000	0.632000	0.363932	-0.363932	0.431200	-0.431200
0.633000	0.633000	0.363032	-0.363032	0.430300	-0.430300
0.634000	0.634000	0.362132	-0.362132	0.429400	-0.429400
0.635000	0.635000	0.361232	-0.361232	0.428500	-0.428500
0.636000	0.636000	0.360332	-0.360332	0.427600	-0.427600
0.637000	0.637000	0.359432	-0.359432	0.426700	-0.426700
0.638000	0.638000	0.358532	-0.358532	0.425800	-0.425800
0.639000	0.639000	0.357632	-0.357632	0.424900	-0.424900
0.640000	0.640000	0.356732	-0.356732	0.424000	-0.424000
0.641000	0.641000	0.355832	-0.355832	0.423100	-0.423100
0.642000	0.642000	0.354932	-0.354932	0.422200	-0.422200
0.643000	0.643000	0.354032	-0.354032	0.421300	-0.421300
0.644000	0.644000	0.353132	-0.353132	0.420400	-0.420400
0.645000	0.645000	0.352232	-0.352232	0.419500	-0.419500
0.646000	0.646000	0.351332	-0.351332	0.418600	-0.418600
0.647000	0.647000	0.350432	-0.350432	0.417700	-0.417700
0.648000	0.648000	0.349532	-0.349532	0.416800	-0.416800
0.649000	0.649000	0.348632	-0.348632	0.415900	-0.415900
0.650000	0.650000	0.347732	-0.347732	0.415000	-0.415000
0.651000	0.651000	0.346832	-0.346832	0.414100	-0.414100
0.652000	0.652000	0.345932	-0.345932	0.413200	-0.413200
0.653000	0.653000	0.345032	-0.345032	0.412300	-0.412300
0.654000	0.654000	0.344132	-0.344132	0.411400	-0.411400
0.655000	0.655000	0.343232	-0.343232	0.410500	-0.410500
0.656000	0.656000	0.342332	-0.342332	0.409600	-0.409600
0.657000	0.657000	0.341432	-0.341432	0.408700	-0.408700
0.658000	0.658000	0.340532	-0.340532	0.407800	-0.407800
0.659000	0.659000	0.339632	-0.339632	0.406900	-0.406900
0.660000	0.660000	0.338732	-0.338732	0.406000	-0.406000
0.661000	0.661000	0.337832	-0.337832	0.405100	-0.405100
0.662000	0.662000	0.336932	-0.336932	0.404200	-0.404200
0.663000	0.663000	0.336032	-0.336032	0.403300	-0.403300
0.664000	0.664000	0.335132	-0.335132	0.402400	-0.402400
0.665000	0.665000	0.334232	-0.334232	0.401500	-0.401500
0.666000	0.666000	0.333332	-0.333332	0.400600	-0.400600
0.667000	0.667000	0.332432	-0.332432	0.399700	-0.399700
0.668000	0.668000	0.331532	-0.331532	0.398800	-0.398800
0.669000	0.669000	0.330632	-0.330632	0.397900	-0.397900
0.670000	0.670000	0.329732	-0.329732	0.397000	-0.397000
0.671000	0.671000	0.328832	-0.328832	0.396100	-0.396100
0.672000	0.672000	0.327932	-0.327932	0.395200	-0.395200
0.673000	0.673000	0.327032	-0.327032	0.394300	-0.394300
0.674000	0.674000	0.326132	-0.326132	0.393400	-0.393400
0.675000	0.675000	0.325232	-0.325232	0.392500	-0.392500
0.676000	0.676000	0.324332	-0.324332	0.391600	-0.391600
0.677000	0.677000	0.323432	-0.323432	0.390700	-0.390700
0.678000	0.678000	0.322532	-0.322532	0.389800	-0.389800
0.679000	0.679000	0.321632	-0.321632	0.388900	-0.388900
0.680000	0.680000	0.320732	-0.320732	0.388000	-0.388000
0.681000	0.681000	0.319832	-0.319832	0.387100	-0.387100
0.682000	0.682000	0.318932	-0.318932	0.386200	-0.386200
0.683000	0.683000	0.318032	-0.318032	0.385300	-0.385300
0.684000	0.684000	0.317132	-0.317132	0.384400	-0.384400
0.685000	0.685000	0.316232	-0.316232	0.383500	-0.383500
0.686000	0.686000	0.315332	-0.315332	0.382600	-0.382600
0.687000	0.687000	0.314432	-0.314432	0.381700	-0.381700
0.688000	0.688000	0.313532	-0.313532	0.380800	-0.380800
0.689000	0.689000	0.312632	-0.312632	0.379900	-0.379900
0.690000	0.690000	0.311732	-0.311732	0.379000	-0.379000
0.691000	0.691000	0.310832	-0.310832	0.378100	-0.378100
0.692000	0.692000	0.309932	-0.309932	0.377200	-0.377200
0.693000	0.693000	0.309032	-0.309032	0.376300	-0.376300
0.694000	0.694000	0.308132	-0.308132	0.375400	-0.375400
0.695000	0.695000	0.307232	-0.307232	0.374500	-0.374500
0.696000	0.696000	0.306332	-0.306332	0.373600	-0.373600
0.697000	0.697000	0.305432	-0.305432	0.372700	-0.372700
0.698000	0.698000	0.304532	-0.304532	0.371800	-0.371800
0.699000	0.699000	0.303632	-0.303632	0.370900	-0.370900
0.700000	0.700000	0.302732	-0.302732	0.370000	-0.370000
0.701000	0.701000	0.301832	-0.301832	0.369100	-0.369100
0.702000	0.702000	0.300932	-0.300932	0.368200	-0.368200
0.703000	0.703000	0.300032	-0.300032	0.367300	-0.367300
0.704000	0.704000	0.299132	-0.299132	0.366400	-0.366400
0.705000	0.705000	0.298232	-0.298232	0.365500	-0.365500
0.706000	0.706000	0.297332	-0.297332	0.364600	-0.364600
0.707000	0.707000	0.296432	-0.296432	0.363700	-0.363700
0.708000	0.708000	0.295532	-0.295532	0.362800	-0.362800
0.709000	0.709000	0.294632	-0.294632	0.361900	-0.361900
0.710000	0.710000	0.293732	-0.293732	0.361000	-0.361000
0.711000	0.711000	0.292832	-0.292832	0.360100	-0.360100
0.712000	0.712000	0.291932	-0.291932	0.359200	-0.359200
0.713000	0.713000	0.291032	-0.291032	0.358300	-0.358300
0.714000	0.714000	0.290132	-0.290132	0.357400	-0.357400
0.715000	0.715000	0.289232	-0.289232	0.356500	-0.356500
0.716000	0.716000	0.288332	-0.288332	0.355600	-0.355600
0.717000	0.717000	0.287432	-0.287432	0.354700	-0.354700
0.718000	0.718000	0.286532	-0.286532	0.353800	-0.353800
0.719000	0.719000	0.285632	-0.285632	0.352900	-0.352900
0.720000	0.720000	0.284732	-0.284732	0.352000	-0.352000
0.721000	0.721000	0.283832	-0.283832	0.351100	-0.351100
0.722000	0.722000	0.282932	-0.282932	0.350200	-0.350200
0.723000	0.723000	0.282032	-0.282032	0.349300	-0.349300
0.724000	0.724000	0.281132	-0.281132	0.348400	-0.348400
0.725000	0.725000	0.280232	-0.280232	0.347500	-0.347500
0.726000	0.726000	0.279332	-0.279332	0.346600	-0.346600
0.727000	0.727000	0.278432	-0.278432	0.345700	-0.345700
0.728000	0.728000	0.277532	-0.277532	0.344800	-0.344800
0.729000	0.729000	0.276632	-0.276632	0.343900	-0.343900
0.730000	0.730000	0.275732	-0.275732	0.343000	-0.343000
0.731000	0.731000	0.274832	-0.274832	0.342100	-0.342100
0.732000	0.732000	0.273932	-0.273932	0.341200	-0.341200
0.733000	0.733000	0.273032	-0.273032	0.340300	-0.340300
0.734000	0.734000	0.272132	-0.272132	0.339400	-0.339400
0.735000	0.735000	0.271232	-0.271232	0.338500	-0.338500
0.736000	0.736000	0.270332	-0.270332	0.337600	-0.337600
0.737000	0.737000	0.269432	-0.269432	0.336700	-0.336700
0.738000	0.738000	0.268532	-0.268532	0.335800	-0.335800
0.739000	0.739000	0.267632	-0.267632	0.334900	-0.334900
0.740000	0.740000	0.266732	-0.266732	0.334000	-0.334000
0.741000	0.741000	0.265832	-0.265832	0.333100	-0.333100
0.742000	0.742000	0.264932	-0.264932	0.332200	-0.332200
0.743000	0.743000	0.264032	-0.264032	0.331300	-0.331300
0.744000	0.744000	0.263132	-0.263132	0.330400	-0.330400
0.745000	0.745000	0.262232	-0.262232	0.329500	-0.329500
0.746000	0.746000	0.261332	-0.261332	0.328600	-0.328600
0.747000	0.747000	0.260432	-0.260432	0.327700	-0.327700
0.748000	0.748000	0.259532	-0.259532	0.326800	-0.326800
0.749000	0.749000	0.258632	-0.258632	0.325900	-0.325900
0.750000	0.750000	0.257732	-0.257732	0.325000	-0.325000
0.751000	0.751000	0.256832	-0.256832	0.324100	-0.324100
0.752000	0.752000	0.255932	-0.255932	0.323200	-0.323200
0.753000	0.753000	0.255032	-0.255032	0.322300	-0.322300
0.754000	0.754000	0.254132	-0.254132	0.321400	-0.321400
0.755000	0.755000	0.253232	-0.253232	0.320500	-0.320500
0.756000	0.756000	0.252332	-0.252332	0.319600	-0.319600
0.757000	0.757000	0.251432	-0.251432	0.318700	-0.318700
0.758000	0.758000	0.250532	-0.250532	0.317800	-0.317800
0.759000	0.759000	0.249632	-0.249632	0.316900	-0.316900
0.760000	0.760000	0.248732	-0.248732	0.316000	-0.316000
0.761000	0.761000	0.247832	-0.247832	0.315100	-0.315100
0.762000	0.762000	0.246932	-0.246932	0.314200	-0.314200
0.763000	0.763000	0.246032	-0.246032	0.313300	-0.313300
0.764000	0.764000	0.245132	-0.245132	0.312400	-0.312400
0.765000	0.765000	0.244232	-0.244232	0.311500	-0.311500
0.766000	0.766000	0.243332	-0.243332	0.310600	-0.310600
0.767000	0.767000	0.242432	-0.242432	0.309700	-0.309700
0.768000	0.768000	0.241532	-0.241532	0.308800	-0.308800
0.769000	0.769000	0.240632	-0.240632	0.307900	-0.307900
0.770000	0.770000	0.239732	-0.239732	0.307000	-0.307000
0.771000	0.771000	0.238832	-0.238832	0.306100	-0.306100
0.772000	0.772000	0.237932	-0.237932	0.305200	-0.305200
0.773000	0.773000	0.237032	-0.237032	0.304300	-0.304300
0.774000	0.774000	0.236132	-0.236132	0.303400	-0.303400
0.775000	0.775000	0.235232	-0.235232	0.302500	-0.302500
0.776000	0.776000	0.234332	-0.234332	0.301600	-0.301600
0.777000	0.777000	0.233432	-0.233432	0.300700	-0.300700
0.778000	0.778000	0.232532	-0.232532	0.299800	-0.299800
0.779000	0.779000	0.231632	-0.231632	0.298900	-0.298900
0.780000	0.780000	0.230732	-0.230732	0.298000	-0.298000
0.781000	0.781000	0.229832	-0.229832	0.297100	-0.297100
0.782000	0.782000	0.228932	-0.228932	0.296200	-0.296200
0.783000	0.783000	0.228032	-0.228032	0.295300	-0.295300
0.784000	0.784000	0.227132	-0.227132	0.294400	-0.294400
0.785000	0.785000	0.226232	-0.226232	0.293500	-0.293500
0.786000	0.786000	0.225332	-0.225332	0.292600	-0.292600
0.787000	0.787000	0.224432	-0.224432	0.291700	-0.291700
0.788000	0.788000	0.223532	-0.223532	0.290800	-0.290800
0.789000	0.789000	0.222632	-0.222632	0.289900	-0.289900
0.790000	0.790000	0.221732	-0.221732	0.289000	-0.289000
0.791000	0.791000	0.220832	-0.220832	0.288100	-0.288100
0.792000	0.792000	0.219932	-0.219932	0.287200	-0.287200
0.793000	0.793000	0.219032	-0.219032	0.286300	-0.286300
0.794000	0.794000	0.218132	-0.218132	0.285400	-0.285400
0.795000	0.795000	0.217232	-0.217232	0.284500	-0.284500
0.796000	0.796000	0.216332	-0.216332	0.283600	-0.283600
0.797000	0.797000	0.215432	-0.215432	0.282700	-0.282700
0.798000	0.798000	0.214532	-0.214532	0.281800	-0.281800
0.799000	0.799000	0.213632	-0.213632	0.280900	-0.280900
0.800000	0.800000	0.212732	-0.212732	0.280000	-0.280000
0.801000	0.801000	0.211832	-0.211832	0.279100	-0.279100
0.802000	0.802000	0.210932	-0.210932	0.278200	-0.278200
0.803000	0.803000	0.210032	-0.210032	0.277300	-0.277300
0.804000	0.804000	0.209132	-0.209132	0.276400	-0.276400
0.805000	0.805000	0.208232	-0.208232	0.275500	-0.275500
0.806000	0.806000	0.207332	-0.207332	0.274600	-0.274600
0.807000	0.807000	0.206432	-0.206432	0.273700	-0.273700
0.808000	0.808000	0.205532	-0.205532	0.272800	-0.272800
0.809000	0.809000	0.204632	-0.204632	0.271900	-0.271900
0.810000	0.810000	0.203732	-0.203732	0.271000	-0.271000
0.811000	0.811000	0.202832	-0.202832	0.270100	-0.270100
0.812000	0.812000	0.201932	-0.201932	0.269200	-0.269200
0.813000	0.813000	0.201032	-0.201032	0.268300	-0.268300
0.814000	0.814000	0.200132	-0.200132	0.267400	-0.267400
0.815000	0.815000	0.199232	-0.199232	0.266500	-0.266500
0.816000	0.816000	0.198332	-0.198332	0.265600	-0.265600
0.817000	0.817000	0.197432	-0.197432	0.264700	-0.264700
0.818000	0.818000	0.196532	-0.196532	0.263800	-0.263800
0.819000	0.819000	0.195632	-0.195632	0.262900	-0.262900
0.820000	0.820000	0.194732	-0.194732	0.262000	-0.262000
0.821000	0.821000	0.193832	-0.193832	0.261100	-0.261100
0.822000	0.822000	0.192932	-0.192932	0.260200	-0.260200
0.823000	0.823000	0.192032	-0.192032	0.259300	-0.259300
0.824000	0.824000	0.191132	-0.191132	0.258400	-0.258400
0.825000	0.825000	0.190232	-0.190232	0.257500	-0.257500
0.826000	0.826000	0.189332	-0.189332	0.256600	-0.256600
0.827000	0.827000	0.188432	-0.188432	0.255700	-0.255700
0.828000	0.828000	0.187532	-0.187532	0.254800	-0.254800
0.829000	0.829000	0.186632	-0.186632	0.253900	-0.253900
0.830000	0.830000	0.185732	-0.185732	0.253000	-0.253000
0.831000	0.831000	0.184832	-0.184832	0.252100	-0.252100
0.832000	0.832000	0.183932	-0.183932	0.251200	-0.251200
0.833000	0.833000	0.183032	-0.183032	0.250300	-0.250300
0.834000	0.834000	0.182132	-0.182132	0.249400	-0.249400
0.835000	0.835000	0.181232	-0.181232	0.248500	-0.248500
0.836000	0.836000	0.180332	-0.180332	0.247600	-0.247600
0.837000	0.837000	0.179432	-0.179432	0.246700	-0.246700
0.838000	0.838000	0.178532	-0.178532	0.245800	-0.245800
0.839000	0.839000	0.177632	-0.177632	0.244900	-0.244900
0.840000	0.840000	0.176732	-0.176732	0.244000	-0.244000
0.841000	0.841000	0.175832	-0.175832	0.243100	-0.243100
0.842000	0.842000	0.174932	-0.174932	0.242200	-0.242200
0.843000	0.843000	0.174032	-0.174032	0.241300	-0.241300
0.844000	0.844000	0.173132	-0.173132	0.240400	-0.240400
0.845000	0.845000	0.172232	-0.172232	0.239500	-0.239500
0.846000	0.846000	0.171332	-0.171332	0.238600	-0.238600
0.847000	0.847000	0.170432	-0.170432	0.237700	-0.237700
0.848000	0.848000	0.169532	-0.169532	0.236800	-0.236800
0.849000	0.849000	0.168632	-0.168632	0.235900	-0.235900
0.850000	0.850000	0.167732	-0.167732	0.235000	-0.235000
0.851000	0.851000	0.166832	-0.166832	0.234100	-0.234100
0.852000	0.852000	0.165932	-0.165932	0.233200	-0.233200
0.853000	0.853000	0.165032	-0.165032	0.232300	-0.232300
0.854000	0.854000	0.164132	-0.164132	0.231400	-0.231400
0.855000	0.855000	0.163232	-0.163232	0.230500	-0.230500
0.856000	0.856000	0.162332	-0.162332	0.229600	-0.229600
0.857000	0.857000	0.161432	-0.161432	0.228700	-0.228700
0.858000	0.858000	0.160532	-0.160532	0.227800	-0.227800
0.859000	0.859000	0.159632	-0.159632	0.226900	-0.226900
0.860000	0.860000	0.158732	-0.158732	0.226000	-0.226000
0.861000	0.861000	0.157832	-0.157832	0.225100	-0.225100
0.862000	0.862000	0.156932	-0.156932	0.224200	-0.224200
0.863000	0.863000	0.156032	-0.156032	0.223300	-0.223300
0.864000	0.864000	0.155132	-0.155132	0.222400	-0.222400
0.865000	0.865000	0.154232	-0.154232	0.221500	-0.221500
0.866000	0.866000	0.153332	-0.153332	0.220600	-0.220600
0.867000	0.867000	0.152432	-0.152432	0.219700	-0.219700
0.868000	0.868000	0.151532	-0.151532	0.218800	-0.218800
0.869000	0.869000	0.150632	-0.150632	0.217900	-0.217900
0.870000	0.870000	0.149732	-0.149732	0.217000	-0.217000
0.871000	0.871000	0.148832	-0.148832	0.216100	-0.216100
0.872000	0.872000	0.147932	-0.147932	0.215200	-0.215200
0.873000	0.873000	0.147032	-0.147032	0.214300	-0.214300
0.874000	0.874000	0.146132	-0.146132	0.213400	-0.213400
0.875000	0.875000	0.145232	-0.145232	0.212500	-0.212500
0.876000	0.876000	0.144332	-0.144332	0.211600	-0.211600
0.877000	0.877000	0.143432	-0.143432	0.210700	-0.210700
0.878000	0.878000	0.142532	-0.142532	0.209800	-0.209800
0.879000	0.879000	0.141632	-0.141632	0.208900	-0.208900
0.880000	0.880000	0.140732	-0.140732	0.208000	-0.208000
0.881000	0.881000	0.139832	-0.139832	0.207100	-0.207100
0.882000	0.882000	0.138932	-0.138932	0.206200	-0.206200
0.883000	0.883000	0.138032	-0.138032	0.205300	-0.205300
0.884000	0.884000	0.137132	-0.137132	0.204400	-0.204400
0.885000	0.885000	0.136232	-0.136232	0.203500	-0.203500
0.886000	0.886000	0.135332	-0.135332	0.202600	-0.202600
0.887000	0.887000	0.134432	-0.134432	0.201700	-0.201700
0.888000	0.888000	0.133532	-0.133532	0.200800	-0.200800
0.889000	0.889000	0.132632	-0.132632	0.199900	-0.199900
0.890000	0.890000	0.131732	-0.131732	0.199000	-0.199000
0.891000	0.891000	0.130832	-0.130832	0.198100	-0.198100
0.892000	0.892000	0.129932	-0.129932	0.197200	-0.197200
0.893000	0.893000	0.129032	-0.129032	0.196300	-0.196300
0.894000	0.894000	0.128132	-0.128132	0.195400	-0.195400
0.895000	0.895000	0.127232	-0.127232	0.194500	-0.194500
0.896000	0.896000	0.126332	-0.126332	0.193600	-0.193600
0.897000	0.897000	0.125432	-0.125432	0.192700	-0.192700
0.898000	0.898000	0.124532	-0.124532	0.191800	-0.191800
0.899000	0.899000	0.123632	-0.123632	0.190900	-0.190900
0.900000	0.900000	0.122732	-0.122732	0.190000	-0.190000
0.901000	0.901000	0.121832	-0.121832	0.189100	-0.189100
0.902000	0.902000	0.120932	-0.120932	0.188200	-0.188200
0.903000	0.903000	0.120032	-0.120032	0.187300	-0.187300
0.904000	0.904000	0.119132	-0.119132	0.186400	-0.186400
0.905000	0.905000	0.118232	-0.118232	0.185500	-0.185500
0.906000	0.906000	0.117332	-0.117332	0.184600	-0.184600
0.907000	0.907000	0.116432	-0.116432	0.183700	-0.183700
0.908000	0.908000	0.115532	-0.115532	0.182800	-0.182800
0.909000	0.909000	0.114632	-0.114632	0.181900	-0.181900
0.910000	0.910000	0.113732	-0.113732	0.181000	-0.181000
0.911000	0.911000	0.112832	-0.112832	0.180100	-0.180100
0.912000	0.912000	0.111932	-0.111932	0.179200	-0.179200
0.913000	0.913000	0.111032	-0.111032	0.178300	-0.178300
0.914000	0.914000	0.110132	-0.110132	0.177400	-0.177400
0.915000	0.915000	0.109232	-0.109232	0.176500	-0.176500
0.916000	0.916000	0.108332	-0.108332	0.175600	-0.175600
0.917000	0.917000	0.107432	-0.107432	0.174700	-0.174700
0.918000	0.918000	0.106532	-0.106532	0.173800	-0.173800
0.919000	0.919000	0.105632	-0.105632	0.172900	-0.172900
0.920000	0.920000	0.104732	-0.104732	0.172000	-0.172000
0.921000	0.921000	0.103832	-0.103832	0.171100	-0.171100
0.922000	0.922000	0.102932	-0.102932	0.170200	-0.170200
0.923000	0.923000	0.102032	-0.102032	0.169300	-0.169300
0.924000	0.924000	0.101132	-0.101132	0.168400	-0.168400
0.925000	0.925000	0.100232	-0.100232	0.167500	-0.167500
0.926000	0.926000	0.099332	-0.099332	0.166600	-0.166600
0.927000	0.927000	0.098432	-0.098432	0.165700	-0.165700
0.928000	0.928000	0.097532	-0.097532	0.164800	-0.164800
0.929000	0.929000	0.096632	-0.096632	0.163900	-0.163900
0.930000	0.930000	0.095732	-0.095732	0.163000	-0.163000
0.931000	0.931000	0.094832	-0.094832	0.162100	-0.162100
0.932000	0.932000	0.093932	-0.093932	0.161200	-0.161200
0.933000	0.933000	0.093032	-0.093032	0.160300	-0.160300
0.934000	0.934000	0.092132	-0.092132	0.159400	-0.159400
0.935000	0.935000	0.091232	-0.091232	0.158500	-0.158500
0.936000	0.936000	0.090332	-0.090332	0.157600	-0.157600
0.937000	0.937000	0.089432	-0.089432	0.156700	-0.156700
0.938000	0.938000	0.088532	-0.088532	0.155800	-0.155800
0.939000	0.939000	0.087632	-0.087632	0.154900	-0.154900
0.940000	0.940000	0.086732	-0.086732	0.154000	-0.154000
0.941000	0.941000	0.085832	-0.085832	0.153100	-0.153100
0.942000	0.942000	0.084932	-0.084932	0.152200	-0.152200
0.943000	0.943000	0.084032	-0.084032	0.151300	-0.151300
0.944000	0.944000	0.083132	-0.083132	0.150400	-0.150400
0.945000	0.945000	0.082232	-0.082232	0.149500	-0.149500
0.946000	0.946000	0.081332	-0.081332	0.148600	-0.148600
0.947000	0.947000	0.080432	-0.080432	0.147700	-0.147700
0.948000	0.948000	0.079532	-0.079532	0.146800	-0.146800
0.949000	0.949000	0.078632	-0.078632	0.145900	-0.145900
0.950000	0.950000	0.077732	-0.077732	0.145000	-0.145000
0.951000	0.951000	0.076832	-0.076832	0.144100	-0.144100
0.952000	0.952000	0.075932	-0.075932	0.143200	-0.143200
0.953000	0.953000	0.075032	-0.075032	0.142300	-0.142300
0.954000	0.954000	0.074132	-0.074132	0.141400	-0.141400
0.955000	0.955000	0.073232	-0.073232	0.140500	-0.140500
0.956000	0.956000	0.072332	-0.072332	0.139600	-0.139600
0.957000	0.957000	0.071432	-0.071432	0.138700	-0.138700
0.958000	0.958000	0.070532	-0.070532	0.137800	-0.137800
0.959000	0.959000	0.069632	-0.069632	0.136900	-0.136900
0.960000	0.960000	0.068732	-0.068732	0.136000	-0.136000
0.961000	0.961000	0.067832	-0.067832	0.135100	-0.135100
0.962000	0.962000	0.066932	-0.066932	0.134200	-0.134200
0.963000	0.963000	0.066032	-0.066032	0.133300	-0.133300
0.964000	0.964000	0.065132	-0.065132	0.132400	-0.132400
0.965000	0.965000	0.064232	-0.064232	0.131500	-0.131500
0.966000	0.966000	0.063332	-0.063332	0.130600	-0.130600
0.967000	0.967000	0.062437	-0.062437	0.129700	-0.129700
0.968000	0.968000	0.061581	-0.061581	0.128800	-0.128800
0.969000	0.969000	0.060770	-0.060770	0.127900	-0.127900
0.970000	0.970000	0.060000	-0.060000	0.127000	-0.127000
0.971000	0.971000	0.059269	-0.059269	0.126100	-0.126100
0.972000	0.972000	0.058575	-0.058575	0.125200	-0.125200
0.973000	0.973000	0.057917	-0.057917	0.124300	-0.124300
0.974000	0.974000	0.057292	-0.057292	0.123400	-0.123400
0.975000	0.975000	0.056699	-0.056699	0.122500	-0.122500
0.976000	0.976000	0.056137	-0.056137	0.121600	-0.121600
0.977000	0.977000	0.055604	-0.055604	0.120700	-0.120700
0.978000	0.978000	0.055100	-0.055100	0.119800	-0.119800
0.979000	0.979000	0.054624	-0.054624	0.118900	-0.118900
0.980000	0.980000	0.054174	-0.054174	0.118000	-0.118000
0.981000	0.981000	0.053751	-0.053751	0.117100	-0.117100
0.982000	0.982000	0.053352	-0.053352	0.116200	-0.116200
0.983000	0.983000	0.052979	-0.052979	0.115300	-0.115300
0.984000	0.984000	0.052629	-0.052629	0.114400	-0.114400
0.985000	0.985000	0.052303	-0.052303	0.113500	-0.113500
0.986000	0.986000	0.052000	-0.052000	0.112600	-0.112600
0.987000	0.987000	0.051720	-0.051720	0.111700	-0.111700
0.988000	0.988000	0.051461	-0.051461	0.110800	-0.110800
0.989000	0.989000	0.051225	-0.051225	0.109900	-0.109900
0.990000	0.990000	0.051010	-0.051010	0.109000	-0.109000
0.991000	0.991000	0.050817	-0.050817	0.108100	-0.108100
0.992000	0.992000	0.050644	-0.050644	0.107200	-0.107200
0.993000	0.993000	0.050492	-0.050492	0.106300	-0.106300
0.994000	0.994000	0.050361	-0.050361	0.105400	-0.105400
0.995000	0.995000	0.050251	-0.050251	0.104500	-0.104500
0.996000	0.996000	0.050160	-0.050160	0.103600	-0.103600
0.997000	0.997000	0.050090	-0.050090	0.102700	-0.102700
0.998000	0.998000	0.050040	-0.050040	0.101800	-0.101800
0.999000	0.999000	0.050010	-0.050010	0.100900	-0.100900
1.000000	0.000000	0.050000	-0.050000	1.000000	-1.000000
1.001000	0.001000	0.050010	-0.050010	0.999100	-0.999100
1.002000	0.002000	0.050040	-0.050040	0.998200	-0.998200
1.003000	0.003000	0.050090	-0.050090	0.997300	-0.997300
1.004000	0.004000	0.050160	-0.050160	0.996400	-0.996400
1.005000	0.005000	0.050251	-0.050251	0.995500	-0.995500
1.006000	0.006000	0.050361	-0.050361	0.994600	-0.994600
1.007000	0.007000	0.050492	-0.050492	0.993700	-0.993700
1.008000	0.008000	0.050644	-0.050644	0.992800	-0.992800
1.009000	0.009000	0.050817	-0.050817	0.991900	-0.991900
1.010000	0.010000	0.051010	-0.051010	0.991000	-0.991000
1.011000	0.011000	0.051225	-0.051225	0.990100	-0.990100
1.012000	0.012000	0.051461	-0.051461	0.989200	-0.989200
1.013000	0.013000	0.051720	-0.051720	0.988300	-0.988300
1.014000	0.014000	0.052000	-0.052000	0.987400	-0.987400
1.015000	0.015000	0.052303	-0.052303	0.986500	-0.986500
1.016000	0.016000	0.052629	-0.052629	0.985600	-0.985600
1.017000	0.017000	0.052979	-0.052979	0.984700	-0.984700
1.018000	0.018000	0.053352	-0.053352	0.983800	-0.983800
1.019000	0.019000	0.053751	-0.053751	0.982900	-0.982900
1.020000	0.020000	0.054174	-0.054174	0.982000	-0.982000
1.021000	0.021000	0.054624	-0.054624	0.981100	-0.981100
1.022000	0.022000	0.055100	-0.055100	0.980200	-0.980200
1.023000	0.023000	0.055604	-0.055604	0.979300	-0.979300
1.024000	0.024000	0.056137	-0.056137	0.978400	-0.978400
1.025000	0.025000	0.056699	-0.056699	0.977500	-0.977500
1.026000	0.026000	0.057292	-0.057292	0.976600	-0.976600
1.027000	0.027000	0.057917	-0.057917	0.975700	-0.975700
1.028000	0.028000	0.058575	-0.058575	0.974800	-0.974800
1.029000	0.029000	0.059269	-0.059269	0.973900	-0.973900
1.030000	0.030000	0.060000	-0.060000	0.973000	-0.973000
1.031000	0.031000	0.060770	-0.060770	0.972100	-0.972100
1.032000	0.032000	0.061581	-0.061581	0.971200	-0.971200
1.033000	0.033000	0.062437	-0.062437	0.970300	-0.970300
1.034000	0.034000	0.063339	-0.063339	0.969400	-0.969400
1.035000	0.035000	0.064293	-0.064293	0.968500	-0.968500
1.036000	0.036000	0.065301	-0.065301	0.967600	-0.967600
1.037000	0.037000	0.066370	-0.066370	0.966700	-0.966700
1.038000	0.038000	0.067504	-0.067504	0.965800	-0.965800
1.039000	0.039000	0.068711	-0.068711	0.964900	-0.964900
1.040000	0.040000	0.070000	-0.070000	0.964000	-0.964000
1.041000	0.041000	0.071382	-0.071382	0.963100	-0.963100
1.042000	0.042000	0.072871	-0.072871	0.962200	-0.962200
1.043000	0.043000	0.074485	-0.074485	0.961300	-0.961300
1.044000	0.044000	0.076251	-0.076251	0.960400	-0.960400
1.045000	0.045000	0.078206	-0.078206	0.959500	-0.959500
1.046000	0.046000	0.080404	-0.080404	0.958600	-0.958600
1.047000	0.047000	0.082941	-0.082941	0.957700	-0.957700
1.048000	0.048000	0.086000	-0.086000	0.956800	-0.956800
1.049000	0.049000	0.090050	-0.090050	0.955900	-0.955900
1.050000	0.050000	0.887732	-0.887732	0.955000	-0.955000
1.051000	0.051000	0.886832	-0.886832	0.954100	-0.954100
1.052000	0.052000	0.885932	-0.885932	0.953200	-0.953200
1.053000	0.053000	0.885032	-0.885032	0.952300	-0.952300
1.054000	0.054000	0.884132	-0.884132	0.951400	-0.951400
1.055000	0.055000	0.883232	-0.883232	0.950500	-0.950500
1.056000	0.056000	0.882332	-0.882332	0.949600	-0.949600
1.057000	0.057000	0.881432	-0.881432	0.948700	-0.948700
1.058000	0.058000	0.880532	-0.880532	0.947800	-0.947800
1.059000	0.059000	0.879632	-0.879632	0.946900	-0.946900
1.060000	0.060000	0.878732	-0.878732	0.946000	-0.946000
1.061000	0.061000	0.877832	-0.877832	0.945100	-0.945100
1.062000	0.062000	0.876932	-0.876932	0.944200	-0.944200
1.063000	0.063000	0.876032	-0.876032	0.943300	-0.943300
1.064000	0.064000	0.875132	-0.875132	0.942400	-0.942400
1.065000	0.065000	0.874232	-0.874232	0.941500	-0.941500
1.066000	0.066000	0.873332	-0.873332	0.940600	-0.940600
1.067000	0.067000	0.872432	-0.872432	0.939700	-0.939700
1.068000	0.068000	0.871532	-0.871532	0.938800	-0.938800
1.069000	0.069000	0.870632	-0.870632	0.937900	-0.937900
1.070000	0.070000	0.869732	-0.869732	0.937000	-0.937000
1.071000	0.071000	0.868832	-0.868832	0.936100	-0.936100
1.072000	0.072000	0.867932	-0.867932	0.935200	-0.935200
1.073000	0.073000	0.867032	-0.867032	0.934300	-0.934300
1.074000	0.074000	0.866132	-0.866132	0.933400	-0.933400
1.075000	0.075000	0.865232	-0.865232	0.932500	-0.932500
1.076000	0.076000	0.864332	-0.864332	0.931600	-0.931600
1.077000	0.077000	0.863432	-0.863432	0.930700	-0.930700
1.078000	0.078000	0.862532	-0.862532	0.929800	-0.929800
1.079000	0.079000	0.861632	-0.861632	0.928900	-0.928900
1.080000	0.080000	0.860732	-0.860732	0.928000	-0.928000
1.081000	0.081000	0.859832	-0.859832	0.927100	-0.927100
1.082000	0.082000	0.858932	-0.858932	0.926200	-0.926200
1.083000	0.083000	0.858032	-0.858032	0.925300	-0.925300
1.084000	0.084000	0.857132	-0.857132	0.924400	-0.924400
1.085000	0.085000	0.856232	-0.856232	0.923500	-0.923500
1.086000	0.086000	0.855332	-0.855332	0.922600	-0.922600
1.087000	0.087000	0.854432	-0.854432	0.921700	-0.921700
1.088000	0.088000	0.853532	-0.853532	0.920800	-0.920800
1.089000	0.089000	0.852632	-0.852632	0.919900	-0.919900
1.090000	0.090000	0.851732	-0.851732	0.919000	-0.919000
1.091000	0.091000	0.850832	-0.850832	0.918100	-0.918100
1.092000	0.092000	0.849932	-0.849932	0.917200	-0.917200
1.093000	0.093000	0.849032	-0.849032	0.916300	-0.916300
1.094000	0.094000	0.848132	-0.848132	0.915400	-0.915400
1.095000	0.095000	0.847232	-0.847232	0.914500	-0.914500
1.096000	0.096000	0.846332	-0.846332	0.913600	-0.913600
1.097000	0.097000	0.845432	-0.845432	0.912700	-0.912700
1.098000	0.098000	0.844532	-0.844532	0.911800	-0.911800
1.099000	0.099000	0.843632	-0.843632	0.910900	-0.910900
1.100000	0.100000	0.842732	-0.842732	0.910000	-0.910000
1.101000	0.101000	0.841832	-0.841832	0.909100	-0.909100
1.102000	0.102000	0.840932	-0.840932	0.908200	-0.908200
1.103000	0.103000	0.840032	-0.840032	0.907300	-0.907300
1.104000	0.104000	0.839132	-0.839132	0.906400	-0.906400
1.105000	0.105000	0.838232	-0.838232	0.905500	-0.905500
1.106000	0.106000	0.837332	-0.837332	0.904600	-0.904600
1.107000	0.107000	0.836432	-0.836432	0.903700	-0.903700
1.108000	0.108000	0.835532	-0.835532	0.902800	-0.902800
1.109000	0.109000	0.834632	-0.834632	0.901900	-0.901900
1.110000	0.110000	0.833732	-0.833732	0.901000	-0.901000
1.111000	0.111000	0.832832	-0.832832	0.900100	-0.900100
1.112000	0.112000	0.831932	-0.831932	0.899200	-0.899200
1.113000	0.113000	0.831032	-0.831032	0.898300	-0.898300
1.114000	0.114000	0.830132	-0.830132	0.897400	-0.897400
1.115000	0.115000	0.829232	-0.829232	0.896500	-0.896500
1.116000	0.116000	0.828332	-0.828332	0.895600	-0.895600
1.117000	0.117000	0.827432	-0.827432	0.894700	-0.894700
1.118000	0.118000	0.826532	-0.826532	0.893800	-0.893800
1.119000	0.119000	0.825632	-0.825632	0.892900	-0.892900
1.120000	0.120000	0.824732	-0.824732	0.892000	-0.892000
1.121000	0.121000	0.823832	-0.823832	0.891100	-0.891100
1.122000	0.122000	0.822932	-0.822932	0.890200	-0.890200
1.123000	0.123000	0.822032	-0.822032	0.889300	-0.889300
1.124000	0.124000	0.821132	-0.821132	0.888400	-0.888400
1.125000	0.125000	0.820232	-0.820232	0.887500	-0.887500
1.126000	0.126000	0.819332	-0.819332	0.886600	-0.886600
1.127000	0.127000	0.818432	-0.818432	0.885700	-0.885700
1.128000	0.128000	0.817532	-0.817532	0.884800	-0.884800
1.129000	0.129000	0.816632	-0.816632	0.883900	-0.883900
1.130000	0.130000	0.815732	-0.815732	0.883000	-0.883000
1.131000	0.131000	0.814832	-0.814832	0.882100	-0.882100
1.132000	0.132000	0.813932	-0.813932	0.881200	-0.881200
1.133000	0.133000	0.813032	-0.813032	0.880300	-0.880300
1.134000	0.134000	0.812132	-0.812132	0.879400	-0.879400
1.135000	0.135000	0.811232	-0.811232	0.878500	-0.878500
1.136000	0.136000	0.810332	-0.810332	0.877600	-0.877600
1.137000	0.137000	0.809432	-0.809432	0.876700	-0.876700
1.138000	0.138000	0.808532	-0.808532	0.875800	-0.875800
1.139000	0.139000	0.807632	-0.807632	0.874900	-0.874900
1.140000	0.140000	0.806732	-0.806732	0.874000	-0.874000
1.141000	0.141000	0.805832	-0.805832	0.873100	-0.873100
1.142000	0.142000	0.804932	-0.804932	0.872200	-0.872200
1.143000	0.143000	0.804032	-0.804032	0.871300	-0.871300
1.144000	0.144000	0.803132	-0.803132	0.870400	-0.870400
1.145000	0.145000	0.802232	-0.802232	0.869500	-0.869500
1.146000	0.146000	0.801332	-0.801332	0.868600	-0.868600
1.147000	0.147000	0.800432	-0.800432	0.867700	-0.867700
1.148000	0.148000	0.799532	-0.799532	0.866800	-0.866800
1.149000	0.149000	0.798632	-0.798632	0.865900	-0.865900
1.150000	0.150000	0.797732	-0.797732	0.865000	-0.865000
1.151000	0.151000	0.796832	-0.796832	0.864100	-0.864100
1.152000	0.152000	0.795932	-0.795932	0.863200	-0.863200
1.153000	0.153000	0.795032	-0.795032	0.862300	-0.862300
1.154000	0.154000	0.794132	-0.794132	0.861400	-0.861400
1.155000	0.155000	0.793232	-0.793232	0.860500	-0.860500
1.156000	0.156000	0.792332	-0.792332	0.859600	-0.859600
1.157000	0.157000	0.791432	-0.791432	0.858700	-0.858700
1.158000	0.158000	0.790532	-0.790532	0.857800	-0.857800
1.159000	0.159000	0.789632	-0.789632	0.856900	-0.856900
1.160000	0.160000	0.788732	-0.788732	0.856000	-0.856000
1.161000	0.161000	0.787832	-0.787832	0.855100	-0.855100
1.162000	0.162000	0.786932	-0.786932	0.854200	-0.854200
1.163000	0.163000	0.786032	-0.786032	0.853300	-0.853300
1.164000	0.164000	0.785132	-0.785132	0.852400	-0.852400
1.165000	0.165000	0.784232	-0.784232	0.851500	-0.851500
1.166000	0.166000	0.783332	-0.783332	0.850600	-0.850600
1.167000	0.167000	0.782432	-0.782432	0.849700	-0.849700
1.168000	0.168000	0.781532	-0.781532	0.848800	-0.848800
1.169000	0.169000	0.780632	-0.780632	0.847900	-0.847900
1.170000	0.170000	0.779732	-0.779732	0.847000	-0.847000
1.171000	0.171000	0.778832	-0.778832	0.846100	-0.846100
1.172000	0.172000	0.777932	-0.777932	0.845200	-0.845200
1.173000	0.173000	0.777032	-0.777032	0.844300	-0.844300
1.174000	0.174000	0.776132	-0.776132	0.843400	-0.843400
1.175000	0.175000	0.775232	-0.775232	0.842500	-0.842500
1.176000	0.176000	0.774332	-0.774332	0.841600	-0.841600
1.177000	0.177000	0.773432	-0.773432	0.840700	-0.840700
1.178000	0.178000	0.772532	-0.772532	0.839800	-0.839800
1.179000	0.179000	0.771632	-0.771632	0.838900	-0.838900
1.180000	0.180000	0.770732	-0.770732	0.838000	-0.838000
1.181000	0.181000	0.769832	-0.769832	0.837100	-0.837100
1.182000	0.182000	0.768932	-0.768932	0.836200	-0.836200
1.183000	0.183000	0.768032	-0.768032	0.835300	-0.835300
1.184000	0.184000	0.767132	-0.767132	0.834400	-0.834400
1.185000	0.185000	0.766232	-0.766232	0.833500	-0.833500
1.186000	0.186000	0.765332	-0.765332	0.832600	-0.832600
1.187000	0.187000	0.764432	-0.764432	0.831700	-0.831700
1.188000	0.188000	0.763532	-0.763532	0.830800	-0.830800
1.189000	0.189000	0.762632	-0.762632	0.829900	-0.829900
1.190000	0.190000	0.761732	-0.761732	0.829000	-0.829000
1.191000	0.191000	0.760832	-0.760832	0.828100	-0.828100
1.192000	0.192000	0.759932	-0.759932	0.827200	-0.827200
1.193000	0.193000	0.759032	-0.759032	0.826300	-0.826300
1.194000	0.194000	0.758132	-0.758132	0.825400	-0.825400
1.195000	0.195000	0.757232	-0.757232	0.824500	-0.824500
1.196000	0.196000	0.756332	-0.756332	0.823600	-0.823600
1.197000	0.197000	0.755432	-0.755432	0.822700	-0.822700
1.198000	0.198000	0.754532	-0.754532	0.821800	-0.821800
1.199000	0.199000	0.753632	-0.753632	0.820900	-0.820900
1.200000	0.200000	0.752732	-0.752732	0.820000	-0.820000
1.201000	0.201000	0.751832	-0.751832	0.819100	-0.819100
1.202000	0.202000	0.750932	-0.750932	0.818200	-0.818200
1.203000	0.203000	0.750032	-0.750032	0.817300	-0.817300
1.204000	0.204000	0.749132	-0.749132	0.816400	-0.816400
1.205000	0.205000	0.748232	-0.748232	0.815500	-0.815500
1.206000	0.206000	0.747332	-0.747332	0.814600	-0.814600
1.207000	0.207000	0.746432	-0.746432	0.813700	-0.813700
1.208000	0.208000	0.745532	-0.745532	0.812800	-0.812800
1.209000	0.209000	0.744632	-0.744632	0.811900	-0.811900
1.210000	0.210000	0.743732	-0.743732	0.811000	-0.811000
1.211000	0.211000	0.742832	-0.742832	0.810100	-0.810100
1.212000	0.212000	0.741932	-0.741932	0.809200	-0.809200
1.213000	0.213000	0.741032	-0.741032	0.808300	-0.808300
1.214000	0.214000	0.740132	-0.740132	0.807400	-0.807400
1.215000	0.215000	0.739232	-0.739232	0.806500	-0.806500
1.216000	0.216000	0.738332	-0.738332	0.805600	-0.805600
1.217000	0.217000	0.737432	-0.737432	0.804700	-0.804700
1.218000	0.218000	0.736532	-0.736532	0.803800	-0.803800
1.219000	0.219000	0.735632	-0.735632	0.802900	-0.802900
1.220000	0.220000	0.734732	-0.734732	0.802000	-0.802000
1.221000	0.221000	0.733832	-0.733832	0.801100	-0.801100
1.222000	0.222000	0.732932	-0.732932	0.800200	-0.800200
1.223000	0.223000	0.732032	-0.732032	0.799300	-0.799300
1.224000	0.224000	0.731132	-0.731132	0.798400	-0.798400
1.225000	0.225000	0.730232	-0.730232	0.797500	-0.797500
1.226000	0.226000	0.729332	-0.729332	0.796600	-0.796600
1.227000	0.227000	0.728432	-0.728432	0.795700	-0.795700
1.228000	0.228000	0.727532	-0.727532	0.794800	-0.794800
1.229000	0.229000	0.726632	-0.726632	0.793900	-0.793900
1.230000	0.230000	0.725732	-0.725732	0.793000	-0.793000
1.231000	0.231000	0.724832	-0.724832	0.792100	-0.792100
1.232000	0.232000	0.723932	-0.723932	0.791200	-0.791200
1.233000	0.233000	0.723032	-0.723032	0.790300	-0.790300
1.234000	0.234000	0.722132	-0.722132	0.789400	-0.789400
1.235000	0.235000	0.721232	-0.721232	0.788500	-0.788500
1.236000	0.236000	0.720332	-0.720332	0.787600	-0.787600
1.237000	0.237000	0.719432	-0.719432	0.786700	-0.786700
1.238000	0.238000	0.718532	-0.718532	0.785800	-0.785800
1.239000	0.239000	0.717632	-0.717632	0.784900	-0.784900
1.240000	0.240000	0.716732	-0.716732	0.784000	-0.784000
1.241000	0.241000	0.715832	-0.715832	0.783100	-0.783100
1.242000	0.242000	0.714932	-0.714932	0.782200	-0.782200
1.243000	0.243000	0.714032	-0.714032	0.781300	-0.781300
1.244000	0.244000	0.713132	-0.713132	0.780400	-0.780400
1.245000	0.245000	0.712232	-0.712232	0.779500	-0.779500
1.246000	0.246000	0.711332	-0.711332	0.778600	-0.778600
1.247000	0.247000	0.710432	-0.710432	0.777700	-0.777700
1.248000	0.248000	0.709532	-0.709532	0.776800	-0.776800
1.249000	0.249000	0.708632	-0.708632	0.775900	-0.775900
1.250000	0.250000	0.707732	-0.707732	0.775000	-0.775000
1.251000	0.251000	0.706832	-0.706832	0.774100	-0.774100
1.252000	0.252000	0.705932	-0.705932	0.773200	-0.773200
1.253000	0.253000	0.705032	-0.705032	0.772300	-0.772300
1.254000	0.254000	0.704132	-0.704132	0.771400	-0.771400
1.255000	0.255000	0.703232	-0.703232	0.770500	-0.770500
1.256000	0.256000	0.702332	-0.702332	0.769600	-0.769600
1.257000	0.257000	0.701432	-0.701432	0.768700	-0.768700
1.258000	0.258000	0.700532	-0.700532	0.767800	-0.767800
1.259000	0.259000	0.699632	-0.699632	0.766900	-0.766900
1.260000	0.260000	0.698732	-0.698732	0.766000	-0.766000
1.261000	0.261000	0.697832	-0.697832	0.765100	-0.765100
1.262000	0.262000	0.696932	-0.696932	0.764200	-0.764200
1.263000	0.263000	0.696032	-0.696032	0.763300	-0.763300
1.264000	0.264000	0.695132	-0.695132	0.762400	-0.762400
1.265000	0.265000	0.694232	-0.694232	0.761500	-0.761500
1.266000	0.266000	0.693332	-0.693332	0.760600	-0.760600
1.267000	0.267000	0.692432	-0.692432	0.759700	-0.759700
1.268000	0.268000	0.691532	-0.691532	0.758800	-0.758800
1.269000	0.269000	0.690632	-0.690632	0.757900	-0.757900
1.270000	0.270000	0.689732	-0.689732	0.757000	-0.757000
1.271000	0.271000	0.688832	-0.688832	0.756100	-0.756100
1.272000	0.272000	0.687932	-0.687932	0.755200	-0.755200
1.273000	0.273000	0.687032	-0.687032	0.754300	-0.754300
1.274000	0.274000	0.686132	-0.686132	0.753400	-0.753400
1.275000	0.275000	0.685232	-0.685232	0.752500	-0.752500
1.276000	0.276000	0.684332	-0.684332	0.751600	-0.751600
1.277000	0.277000	0.683432	-0.683432	0.750700	-0.750700
1.278000	0.278000	0.682532	-0.682532	0.749800	-0.749800
1.279000	0.279000	0.681632	-0.681632	0.748900	-0.748900
1.280000	0.280000	0.680732	-0.680732	0.748000	-0.748000
1.281000	0.281000	0.679832	-0.679832	0.747100	-0.747100
1.282000	0.282000	0.678932	-0.678932	0.746200	-0.746200
1.283000	0.283000	0.678032	-0.678032	0.745300	-0.745300
1.284000	0.284000	0.677132	-0.677132	0.744400	-0.744400
1.285000	0.285000	0.676232	-0.676232	0.743500	-0.743500
1.286000	0.286000	0.675332	-0.675332	0.742600	-0.742600
1.287000	0.287000	0.674432	-0.674432	0.741700	-0.741700
1.288000	0.288000	0.673532	-0.673532	0.740800	-0.740800
1.289000	0.289000	0.672632	-0.672632	0.739900	-0.739900
1.290000	0.290000	0.671732	-0.671732	0.739000	-0.739000
1.291000	0.291000	0.670832	-0.670832	0.738100	-0.738100
1.292000	0.292000	0.669932	-0.669932	0.737200	-0.737200
1.293000	0.293000	0.669032	-0.669032	0.736300	-0.736300
1.294000	0.294000	0.668132	-0.668132	0.735400	-0.735400
1.295000	0.295000	0.667232	-0.667232	0.734500	-0.734500
1.296000	0.296000	0.666332	-0.666332	0.733600	-0.733600
1.297000	0.297000	0.665432	-0.665432	0.732700	-0.732700
1.298000	0.298000	0.664532	-0.664532	0.731800	-0.731800
1.299000	0.299000	0.663632	-0.663632	0.730900	-0.730900
1.300000	0.300000	0.662732	-0.662732	0.730000	-0.730000
1.301000	0.301000	0.661832	-0.661832	0.729100	-0.729100
1.302000	0.302000	0.660932	-0.660932	0.728200	-0.728200
1.303000	0.303000	0.660032	-0.660032	0.727300	-0.727300
1.304000	0.304000	0.659132	-0.659132	0.726400	-0.726400
1.305000	0.305000	0.658232	-0.658232	0.725500	-0.725500
1.306000	0.306000	0.657332	-0.657332	0.724600	-0.724600
1.307000	0.307000	0.656432	-0.656432	0.723700	-0.723700
1.308000	0.308000	0.655532	-0.655532	0.722800	-0.722800
1.309000	0.309000	0.654632	-0.654632	0.721900	-0.721900
1.310000	0.310000	0.653732	-0.653732	0.721000	-0.721000
1.311000	0.311000	0.652832	-0.652832	0.720100	-0.720100
1.312000	0.312000	0.651932	-0.651932	0.719200	-0.719200
1.313000	0.313000	0.651032	-0.651032	0.718300	-0.718300
1.314000	0.314000	0.650132	-0.650132	0.717400	-0.717400
1.315000	0.315000	0.649232	-0.649232	0.716500	-0.716500
1.316000	0.316000	0.648332	-0.648332	0.715600	-0.715600
1.317000	0.317000	0.647432	-0.647432	0.714700	-0.714700
1.318000	0.318000	0.646532	-0.646532	0.713800	-0.713800
1.319000	0.319000	0.645632	-0.645632	0.712900	-0.712900
1.320000	0.320000	0.644732	-0.644732	0.712000	-0.712000
1.321000	0.321000	0.643832	-0.643832	0.711100	-0.711100
1.322000	0.322000	0.642932	-0.642932	0.710200	-0.710200
1.323000	0.323000	0.642032	-0.642032	0.709300	-0.709300
1.324000	0.324000	0.641132	-0.641132	0.708400	-0.708400
1.325000	0.325000	0.640232	-0.640232	0.707500	-0.707500
1.326000	0.326000	0.639332	-0.639332	0.706600	-0.706600
1.327000	0.327000	0.638432	-0.638432	0.705700	-0.705700
1.328000	0.328000	0.637532	-0.637532	0.704800	-0.704800
1.329000	0.329000	0.636632	-0.636632	0.703900	-0.703900
1.330000	0.330000	0.635732	-0.635732	0.703000	-0.703000
1.331000	0.331000	0.634832	-0.634832	0.702100	-0.702100
1.332000	0.332000	0.633932	-0.633932	0.701200	-0.701200
1.333000	0.333000	0.633032	-0.633032	0.700300	-0.700300
1.334000	0.334000	0.632132	-0.632132	0.699400	-0.699400
1.335000	0.335000	0.631232	-0.631232	0.698500	-0.698500
1.336000	0.336000	0.630332	-0.630332	0.697600	-0.697600
1.337000	0.337000	0.629432	-0.629432	0.696700	-0.696700
1.338000	0.338000	0.628532	-0.628532	0.695800	-0.695800
1.339000	0.339000	0.627632	-0.627632	0.694900	-0.694900
1.340000	0.340000	0.626732	-0.626732	0.694000	-0.694000
1.341000	0.341000	0.625832	-0.625832	0.693100	-0.693100
1.342000	0.342000	0.624932	-0.624932	0.692200	-0.692200
1.343000	0.343000	0.624032	-0.624032	0.691300	-0.691300
1.344000	0.344000	0.623132	-0.623132	0.690400	-0.690400
1.345000	0.345000	0.622232	-0.622232	0.689500	-0.689500
1.346000	0.346000	0.621332	-0.621332	0.688600	-0.688600
1.347000	0.347000	0.620432	-0.620432	0.687700	-0.687700
1.348000	0.348000	0.619532	-0.619532	0.686800	-0.686800
1.349000	0.349000	0.618632	-0.618632	0.685900	-0.685900
1.350000	0.350000	0.617732	-0.617732	0.685000	-0.685000
1.351000	0.351000	0.616832	-0.616832	0.684100	-0.684100
1.352000	0.352000	0.615932	-0.615932	0.683200	-0.683200
1.353000	0.353000	0.615032	-0.615032	0.682300	-0.682300
1.354000	0.354000	0.614132	-0.614132	0.681400	-0.681400
1.355000	0.355000	0.613232	-0.613232	0.680500	-0.680500
1.356000	0.356000	0.612332	-0.612332	0.679600	-0.679600
1.357000	0.357000	0.611432	-0.611432	0.678700	-0.678700
1.358000	0.358000	0.610532	-0.610532	0.677800	-0.677800
1.359000	0.359000	0.609632	-0.609632	0.676900	-0.676900
1.360000	0.360000	0.608732	-0.608732	0.676000	-0.676000
1.361000	0.361000	0.607832	-0.607832	0.675100	-0.675100
1.362000	0.362000	0.606932	-0.606932	0.674200	-0.674200
1.363000	0.363000	0.606032	-0.606032	0.673300	-0.673300
1.364000	0.364000	0.605132	-0.605132	0.672400	-0.672400
1.365000	0.365000	0.604232	-0.604232	0.671500	-0.671500
1.366000	0.366000	0.603332	-0.603332	0.670600	-0.670600
1.367000	0.367000	0.602432	-0.602432	0.669700	-0.669700
1.368000	0.368000	0.601532	-0.601532	0.668800	-0.668800
1.369000	0.369000	0.600632	-0.600632	0.667900	-0.667900
1.370000	0.370000	0.599732	-0.599732	0.667000	-0.667000
1.371000	0.371000	0.598832	-0.598832	0.666100	-0.666100
1.372000	0.372000	0.597932	-0.597932	0.665200	-0.665200
1.373000	0.373000	0.597032	-0.597032	0.664300	-0.664300
1.374000	0.374000	0.596132	-0.596132	0.663400	-0.663400
1.375000	0.375000	0.595232	-0.595232	0.662500	-0.662500
1.376000	0.376000	0.594332	-0.594332	0.661600	-0.661600
1.377000	0.377000	0.593432	-0.593432	0.660700	-0.660700
1.378000	0.378000	0.592532	-0.592532	0.659800	-0.659800
1.379000	0.379000	0.591632	-0.591632	0.658900	-0.658900
1.380000	0.380000	0.590732	-0.590732	0.658000	-0.658000
1.381000	0.381000	0.589832	-0.589832	0.657100	-0.657100
1.382000	0.382000	0.588932	-0.588932	0.656200	-0.656200
1.383000	0.383000	0.588032	-0.588032	0.655300	-0.655300
1.384000	0.384000	0.587132	-0.587132	0.654400	-0.654400
1.385000	0.385000	0.586232	-0.586232	0.653500	-0.653500
1.386000	0.386000	0.585332	-0.585332	0.652600	-0.652600
1.387000	0.387000	0.584432	-0.584432	0.651700	-0.651700
1.388000	0.388000	0.583532	-0.583532	0.650800	-0.650800
1.389000	0.389000	0.582632	-0.582632	0.649900	-0.649900
1.390000	0.390000	0.581732	-0.581732	0.649000	-0.649000
1.391000	0.391000	0.580832	-0.580832	0.648100	-0.648100
1.392000	0.392000	0.579932	-0.579932	0.647200	-0.647200
1.393000	0.393000	0.579032	-0.579032	0.646300	-0.646300
1.394000	0.394000	0.578132	-0.578132	0.645400	-0.645400
1.395000	0.395000	0.577232	-0.577232	0.644500	-0.644500
1.396000	0.396000	0.576332	-0.576332	0.643600	-0.643600
1.397000	0.397000	0.575432	-0.575432	0.642700	-0.642700
1.398000	0.398000	0.574532	-0.574532	0.641800	-0.641800
1.399000	0.399000	0.573632	-0.573632	0.640900	-0.640900
1.400000	0.400000	0.572732	-0.572732	0.640000	-0.640000
1.401000	0.401000	0.571832	-0.571832	0.639100	-0.639100
1.402000	0.402000	0.570932	-0.570932	0.638200	-0.638200
1.403000	0.403000	0.570032	-0.570032	0.637300	-0.637300
1.404000	0.404000	0.569132	-0.569132	0.636400	-0.636400
1.405000	0.405000	0.568232	-0.568232	0.635500	-0.635500
1.406000	0.406000	0.567332	-0.567332	0.634600	-0.634600
1.407000	0.407000	0.566432	-0.566432	0.633700	-0.633700
1.408000	0.408000	0.565532	-0.565532	0.632800	-0.632800
1.409000	0.409000	0.564632	-0.564632	0.631900	-0.631900
1.410000	0.410000	0.563732	-0.563732	0.631000	-0.631000
1.411000	0.411000	0.562832	-0.562832	0.630100	-0.630100
1.412000	0.412000	0.561932	-0.561932	0.629200	-0.629200
1.413000	0.413000	0.561032	-0.561032	0.628300	-0.628300
1.414000	0.414000	0.560132	-0.560132	0.627400	-0.627400
1.415000	0.415000	0.559232	-0.559232	0.626500	-0.626500
1.416000	0.416000	0.558332	-0.558332	0.625600	-0.625600
1.417000	0.417000	0.557432	-0.557432	0.624700	-0.624700
1.418000	0.418000	0.556532	-0.556532	0.623800	-0.623800
1.419000	0.419000	0.555632	-0.555632	0.622900	-0.622900
1.420000	0.420000	0.554732	-0.554732	0.622000	-0.622000
1.421000	0.421000	0.553832	-0.553832	0.621100	-0.621100
1.422000	0.422000	0.552932	-0.552932	0.620200	-0.620200
1.423000	0.423000	0.552032	-0.552032	0.619300	-0.619300
1.424000	0.424000	0.551132	-0.551132	0.618400	-0.618400
1.425000	0.425000	0.550232	-0.550232	0.617500	-0.617500
1.426000	0.426000	0.549332	-0.549332	0.616600	-0.616600
1.427000	0.427000	0.548432	-0.548432	0.615700	-0.615700
1.428000	0.428000	0.547532	-0.547532	0.614800	-0.614800
1.429000	0.429000	0.546632	-0.546632	0.613900	-0.613900
1.430000	0.430000	0.545732	-0.545732	0.613000	-0.613000
1.431000	0.431000	0.544832	-0.544832	0.612100	-0.612100
1.432000	0.432000	0.543932	-0.543932	0.611200	-0.611200
1.433000	0.433000	0.543032	-0.543032	0.610300	-0.610300
1.434000	0.434000	0.542132	-0.542132	0.609400	-0.609400
1.435000	0.435000	0.541232	-0.541232	0.608500	-0.608500
1.436000	0.436000	0.540332	-0.540332	0.607600	-0.607600
1.437000	0.437000	0.539432	-0.539432	0.606700	-0.606700
1.438000	0.438000	0.538532	-0.538532	0.605800	-0.605800
1.439000	0.439000	0.537632	-0.537632	0.604900	-0.604900
1.440000	0.440000	0.536732	-0.536732	0.604000	-0.604000
1.441000	0.441000	0.535832	-0.535832	0.603100	-0.603100
1.442000	0.442000	0.534932	-0.534932	0.602200	-0.602200
1.443000	0.443000	0.534032	-0.534032	0.601300	-0.601300
1.444000	0.444000	0.533132	-0.533132	0.600400	-0.600400
1.445000	0.445000	0.532232	-0.532232	0.599500	-0.599500
1.446000	0.446000	0.531332	-0.531332	0.598600	-0.598600
1.447000	0.447000	0.530432	-0.530432	0.597700	-0.597700
1.448000	0.448000	0.529532	-0.529532	0.596800	-0.596800
1.449000	0.449000	0.528632	-0.528632	0.595900	-0.595900
1.450000	0.450000	0.527732	-0.527732	0.595000	-0.595000
1.451000	0.451000	0.526832	-0.526832	0.594100	-0.594100
1.452000	0.452000	0.525932	-0.525932	0.593200	-0.593200
1.453000	0.453000	0.525032	-0.525032	0.592300	-0.592300
1.454000	0.454000	0.524132	-0.524132	0.591400	-0.591400
1.455000	0.455000	0.523232	-0.523232	0.590500	-0.590500
1.456000	0.456000	0.522332	-0.522332	0.589600	-0.589600
1.457000	0.457000	0.521432	-0.521432	0.588700	-0.588700
1.458000	0.458000	0.520532	-0.520532	0.587800	-0.587800
1.459000	0.459000	0.519632	-0.519632	0.586900	-0.586900
1.460000	0.460000	0.518732	-0.518732	0.586000	-0.586000
1.461000	0.461000	0.517832	-0.517832	0.585100	-0.585100
1.462000	0.462000	0.516932	-0.516932	0.584200	-0.584200
1.463000	0.463000	0.516032	-0.516032	0.583300	-0.583300
1.464000	0.464000	0.515132	-0.515132	0.582400	-0.582400
1.465000	0.465000	0.514232	-0.514232	0.581500	-0.581500
1.466000	0.466000	0.513332	-0.513332	0.580600	-0.580600
1.467000	0.467000	0.512432	-0.512432	0.579700	-0.579700
1.468000	0.468000	0.511532	-0.511532	0.578800	-0.578800
1.469000	0.469000	0.510632	-0.510632	0.577900	-0.577900
1.470000	0.470000	0.509732	-0.509732	0.577000	-0.577000
1.471000	0.471000	0.508832	-0.508832	0.576100	-0.576100
1.472000	0.472000	0.507932	-0.507932	0.575200	-0.575200
1.473000	0.473000	0.507032	-0.507032	0.574300	-0.574300
1.474000	0.474000	0.506132	-0.506132	0.573400	-0.573400
1.475000	0.475000	0.505232	-0.505232	0.572500	-0.572500
1.476000	0.476000	0.504332	-0.504332	0.571600	-0.571600
1.477000	0.477000	0.503432	-0.503432	0.570700	-0.570700
1.478000	0.478000	0.502532	-0.502532	0.569800	-0.569800
1.479000	0.479000	0.501632	-0.501632	0.568900	-0.568900
1.480000	0.480000	0.500732	-0.500732	0.568000	-0.568000
1.481000	0.481000	0.499832	-0.499832	0.567100	-0.567100
1.482000	0.482000	0.498932	-0.498932	0.566200	-0.566200
1.483000	0.483000	0.498032	-0.498032	0.565300	-0.565300
1.484000	0.484000	0.497132	-0.497132	0.564400	-0.564400
1.485000	0.485000	0.496232	-0.496232	0.563500	-0.563500
1.486000	0.486000	0.495332	-0.495332	0.562600	-0.562600
1.487000	0.487000	0.494432	-0.494432	0.561700	-0.561700
1.488000	0.488000	0.493532	-0.493532	0.560800	-0.560800
1.489000	0.489000	0.492632	-0.492632	0.559900	-0.559900
1.490000	0.490000	0.491732	-0.491732	0.559000	-0.559000
1.491000	0.491000	0.490832	-0.490832	0.558100	-0.558100
1.492000	0.492000	0.489932	-0.489932	0.557200	-0.557200
1.493000	0.493000	0.489032	-0.489032	0.556300	-0.556300
1.494000	0.494000	0.488132	-0.488132	0.555400	-0.555400
1.495000	0.495000	0.487232	-0.487232	0.554500	-0.554500
1.496000	0.496000	0.486332	-0.486332	0.553600	-0.553600
1.497000	0.497000	0.485432	-0.485432	0.552700	-0.552700
1.498000	0.498000	0.484532	-0.484532	0.551800	-0.551800
1.499000	0.499000	0.483632	-0.483632	0.550900	-0.550900
1.500000	0.500000	0.482732	-0.482732	0.550000	-0.550000
1.501000	0.501000	0.481832	-0.481832	0.549100	-0.549100
1.502000	0.502000	0.480932	-0.480932	0.548200	-0.548200
1.503000	0.503000	0.480032	-0.480032	0.547300	-0.547300
1.504000	0.504000	0.479132	-0.479132	0.546400	-0.546400
1.505000	0.505000	0.478232	-0.478232	0.545500	-0.545500
1.506000	0.506000	0.477332	-0.477332	0.544600	-0.544600
1.507000	0.507000	0.476432	-0.476432	0.543700	-0.543700
1.508000	0.508000	0.475532	-0.475532	0.542800	-0.542800
1.509000	0.509000	0.474632	-0.474632	0.541900	-0.541900
1.510000	0.510000	0.473732	-0.473732	0.541000	-0.541000
1.511000	0.511000	0.472832	-0.472832	0.540100	-0.540100
1.512000	0.512000	0.471932	-0.471932	0.539200	-0.539200
1.513000	0.513000	0.471032	-0.471032	0.538300	-0.538300
1.514000	0.514000	0.470132	-0.470132	0.537400	-0.537400
1.515000	0.515000	0.469232	-0.469232	0.536500	-0.536500
1.516000	0.516000	0.468332	-0.468332	0.535600	-0.535600
1.517000	0.517000	0.467432	-0.467432	0.534700	-0.534700
1.518000	0.518000	0.466532	-0.466532	0.533800	-0.533800
1.519000	0.519000	0.465632	-0.465632	0.532900	-0.532900
1.520000	0.520000	0.464732	-0.464732	0.532000	-0.532000
1.521000	0.521000	0.463832	-0.463832	0.531100	-0.531100
1.522000	0.522000	0.462932	-0.462932	0.530200	-0.530200
1.523000	0.523000	0.462032	-0.462032	0.529300	-0.529300
1.524000	0.524000	0.461132	-0.461132	0.528400	-0.528400
1.525000	0.525000	0.460232	-0.460232	0.527500	-0.527500
1.526000	0.526000	0.459332	-0.459332	0.526600	-0.526600
1.527000	0.527000	0.458432	-0.458432	0.525700	-0.525700
1.528000	0.528000	0.457532	-0.457532	0.524800	-0.524800
1.529000	0.529000	0.456632	-0.456632	0.523900	-0.523900
1.530000	0.530000	0.455732	-0.455732	0.523000	-0.523000
1.531000	0.531000	0.454832	-0.454832	0.522100	-0.522100
1.532000	0.532000	0.453932	-0.453932	0.521200	-0.521200
1.533000	0.533000	0.453032	-0.453032	0.520300	-0.520300
1.534000	0.534000	0.452132	-0.452132	0.519400	-0.519400
1.535000	0.535000	0.451232	-0.451232	0.518500	-0.518500
1.536000	0.536000	0.450332	-0.450332	0.517600	-0.517600
1.537000	0.537000	0.449432	-0.449432	0.516700	-0.516700
1.538000	0.538000	0.448532	-0.448532	0.515800	-0.515800
1.539000	0.539000	0.447632	-0.447632	0.514900	-0.514900
1.540000	0.540000	0.446732	-0.446732	0.514000	-0.514000
1.541000	0.541000	0.445832	-0.445832	0.513100	-0.513100
1.542000	0.542000	0.444932	-0.444932	0.512200	-0.512200
1.543000	0.543000	0.444032	-0.444032	0.511300	-0.511300
1.544000	0.544000	0.443132	-0.443132	0.510400	-0.510400
1.545000	0.545000	0.442232	-0.442232	0.509500	-0.509500
1.546000	0.546000	0.441332	-0.441332	0.508600	-0.508600
1.547000	0.547000	0.440432	-0.440432	0.507700	-0.507700
1.548000	0.548000	0.439532	-0.439532	0.506800	-0.506800
1.549000	0.549000	0.438632	-0.438632	0.505900	-0.505900
1.550000	0.550000	0.437732	-0.437732	0.505000	-0.505000
1.551000	0.551000	0.436832	-0.436832	0.504100	-0.504100
1.552000	0.552000	0.435932	-0.435932	0.503200	-0.503200
1.553000	0.553000	0.435032	-0.435032	0.502300	-0.502300
1.554000	0.554000	0.434132	-0.434132	0.501400	-0.501400
1.555000	0.555000	0.433232	-0.433232	0.500500	-0.500500
1.556000	0.556000	0.432332	-0.432332	0.499600	-0.499600
1.557000	0.557000	0.431432	-0.431432	0.498700	-0.498700
1.558000	0.558000	0.430532	-0.430532	0.497800	-0.497800
1.559000	0.559000	0.429632	-0.429632	0.496900	-0.496900
1.560000	0.560000	0.428732	-0.428732	0.496000	-0.496000
1.561000	0.561000	0.427832	-0.427832	0.495100	-0.495100
1.562000	0.562000	0.426932	-0.426932	0.494200	-0.494200
1.563000	0.563000	0.426032	-0.426032	0.493300	-0.493300
1.564000	0.564000	0.425132	-0.425132	0.492400	-0.492400
1.565000	0.565000	0.424232	-0.424232	0.491500	-0.491500
1.566000	0.566000	0.423332	-0.423332	0.490600	-0.490600
1.567000	0.567000	0.422432	-0.422432	0.489700	-0.489700
1.568000	0.568000	0.421532	-0.421532	0.488800	-0.488800
1.569000	0.569000	0.420632	-0.420632	0.487900	-0.487900
1.570000	0.570000	0.419732	-0.419732	0.487000	-0.487000
1.571000	0.571000	0.418832	-0.418832	0.486100	-0.486100
1.572000	0.572000	0.417932	-0.417932	0.485200	-0.485200
1.573000	0.573000	0.417032	-0.417032	0.484300	-0.484300
1.574000	0.574000	0.416132	-0.416132	0.483400	-0.483400
1.575000	0.575000	0.415232	-0.415232	0.482500	-0.482500
1.576000	0.576000	0.414332	-0.414332	0.481600	-0.481600
1.577000	0.577000	0.413432	-0.413432	0.480700	-0.480700
1.578000	0.578000	0.412532	-0.412532	0.479800	-0.479800
1.579000	0.579000	0.411632	-0.411632	0.478900	-0.478900
1.580000	0.580000	0.410732	-0.410732	0.478000	-0.478000
1.581000	0.581000	0.409832	-0.409832	0.477100	-0.477100
1.582000	0.582000	0.408932	-0.408932	0.476200	-0.476200
1.583000	0.583000	0.408032	-0.408032	0.475300	-0.475300
1.584000	0.584000	0.407132	-0.407132	0.474400	-0.474400
1.585000	0.585000	0.406232	-0.406232	0.473500	-0.473500
1.586000	0.586000	0.405332	-0.405332	0.472600	-0.472600
1.587000	0.587000	0.404432	-0.404432	0.471700	-0.471700
1.588000	0.588000	0.403532	-0.403532	0.470800	-0.470800
1.589000	0.589000	0.402632	-0.402632	0.469900	-0.469900
1.590000	0.590000	0.401732	-0.401732	0.469000	-0.469000
1.591000	0.591000	0.400832	-0.400832	0.468100	-0.468100
1.592000	0.592000	0.399932	-0.399932	0.467200	-0.467200
1.593000	0.593000	0.399032	-0.399032	0.466300	-0.466300
1.594000	0.594000	0.398132	-0.398132	0.465400	-0.465400
1.595000	0.595000	0.397232	-0.397232	0.464500	-0.464500
1.596000	0.596000	0.396332	-0.396332	0.463600	-0.463600
1.597000	0.597000	0.395432	-0.395432	0.462700	-0.462700
1.598000	0.598000	0.394532	-0.394532	0.461800	-0.461800
1.599000	0.599000	0.393632	-0.393632	0.460900	-0.460900
1.600000	0.600000	0.392732	-0.392732	0.460000	-0.460000
1.601000	0.601000	0.391832	-0.391832	0.459100	-0.459100
1.602000	0.602000	0.390932	-0.390932	0.458200	-0.458200
1.603000	0.603000	0.390032	-0.390032	0.457300	-0.457300
1.604000	0.604000	0.389132	-0.389132	0.456400	-0.456400
1.605000	0.605000	0.388232	-0.388232	0.455500	-0.455500
1.606000	0.606000	0.387332	-0.387332	0.454600	-0.454600
1.607000	0.607000	0.386432	-0.386432	0.453700	-0.453700
1.608000	0.608000	0.385532	-0.385532	0.452800	-0.452800
1.609000	0.609000	0.384632	-0.384632	0.451900	-0.451900
1.610000	0.610000	0.383732	-0.383732	0.451000	-0.451000
1.611000	0.611000	0.382832	-0.382832	0.450100	-0.450100
1.612000	0.612000	0.381932	-0.381932	0.449200	-0.449200
1.613000	0.613000	0.381032	-0.381032	0.448300	-0.448300
1.614000	0.614000	0.380132	-0.380132	0.447400	-0.447400
1.615000	0.615000	0.379232	-0.379232	0.446500	-0.446500
1.616000	0.616000	0.378332	-0.378332	0.445600	-0.445600
1.617000	0.617000	0.377432	-0.377432	0.444700	-0.444700
1.618000	0.618000	0.376532	-0.376532	0.443800	-0.443800
1.619000	0.619000	0.375632	-0.375632	0.442900	-0.442900
1.620000	0.620000	0.374732	-0.374732	0.442000	-0.442000
1.621000	0.621000	0.373832	-0.373832	0.441100	-0.441100
1.622000	0.622000	0.372932	-0.372932	0.440200	-0.440200
1.623000	0.623000	0.372032	-0.372032	0.439300	-0.439300
1.624000	0.624000	0.371132	-0.371132	0.438400	-0.438400
1.625000	0.625000	0.370232	-0.370232	0.437500	-0.437500
1.626000	0.626000	0.369332	-0.369332	0.436600	-0.436600
1.627000	0.627000	0.368432	-0.368432	0.435700	-0.435700
1.628000	0.628000	0.367532	-0.367532	0.434800	-0.434800
1.629000	0.629000	0.366632	-0.366632	0.433900	-0.433900
1.630000	0.630000	0.365732	-0.365732	0.433000	-0.433000
1.631000	0.631000	0.364832	-0.364832	0.432100	-0.432100
1.632000	0.632000	0.363932	-0.363932	0.431200	-0.431200
1.633000	0.633000	0.363032	-0.363032	0.430300	-0.430300
1.634000	0.634000	0.362132	-0.362132	0.429400	-0.429400
1.635000	0.635000	0.361232	-0.361232	0.428500	-0.428500
1.636000	0.636000	0.360332	-0.360332	0.427600	-0.427600
1.637000	0.637000	0.359432	-0.359432	0.426700	-0.426700
1.638000	0.638000	0.358532	-0.358532	0.425800	-0.425800
1.639000	0.639000	0.357632	-0.357632	0.424900	-0.424900
1.640000	0.640000	0.356732	-0.356732	0.424000	-0.424000
1.641000	0.641000	0.355832	-0.355832	0.423100	-0.423100
1.642000	0.642000	0.354932	-0.354932	0.422200	-0.422200
1.643000	0.643000	0.354032	-0.354032	0.421300	-0.421300
1.644000	0.644000	0.353132	-0.353132	0.420400	-0.420400
1.645000	0.645000	0.352232	-0.352232	0.419500	-0.419500
1.646000	0.646000	0.351332	-0.351332	0.418600	-0.418600
1.647000	0.647000	0.350432	-0.350432	0.417700	-0.417700
1.648000	0.648000	0.349532	-0.349532	0.416800	-0.416800
1.649000	0.649000	0.348632	-0.348632	0.415900	-0.415900
1.650000	0.650000	0.347732	-0.347732	0.415000	-0.415000
1.651000	0.651000	0.346832	-0.346832	0.414100	-0.414100
1.652000	0.652000	0.345932	-0.345932	0.413200	-0.413200
1.653000	0.653000	0.345032	-0.345032	0.412300	-0.412300
1.654000	0.654000	0.344132	-0.344132	0.411400	-0.411400
1.655000	0.655000	0.343232	-0.343232	0.410500	-0.410500
1.656000	0.656000	0.342332	-0.342332	0.409600	-0.409600
1.657000	0.657000	0.341432	-0.341432	0.408700	-0.408700
1.658000	0.658000	0.340532	-0.340532	0.407800	-0.407800
1.659000	0.659000	0.339632	-0.339632	0.406900	-0.406900
1.660000	0.660000	0.338732	-0.338732	0.406000	-0.406000
1.661000	0.661000	0.337832	-0.337832	0.405100	-0.405100
1.662000	0.662000	0.336932	-0.336932	0.404200	-0.404200
1.663000	0.663000	0.336032	-0.336032	0.403300	-0.403300
1.664000	0.664000	0.335132	-0.335132	0.402400	-0.402400
1.665000	0.665000	0.334232	-0.334232	0.401500	-0.401500
1.666000	0.666000	0.333332	-0.333332	0.400600	-0.400600
1.667000	0.667000	0.332432	-0.332432	0.399700	-0.399700
1.668000	0.668000	0.331532	-0.331532	0.398800	-0.398800
1.669000	0.669000	0.330632	-0.330632	0.397900	-0.397900
1.670000	0.670000	0.329732	-0.329732	0.397000	-0.397000
1.671000	0.671000	0.328832	-0.328832	0.396100	-0.396100
1.672000	0.672000	0.327932	-0.327932	0.395200	-0.395200
1.673000	0.673000	0.327032	-0.327032	0.394300	-0.394300
1.674000	0.674000	0.326132	-0.326132	0.393400	-0.393400
1.675000	0.675000	0.325232	-0.325232	0.392500	-0.392500
1.676000	0.676000	0.324332	-0.324332	0.391600	-0.391600
1.677000	0.677000	0.323432	-0.323432	0.390700	-0.390700
1.678000	0.678000	0.322532	-0.322532	0.389800	-0.389800
1.679000	0.679000	0.321632	-0.321632	0.388900	-0.388900
1.680000	0.680000	0.320732	-0.320732	0.388000	-0.388000
1.681000	0.681000	0.319832	-0.319832	0.387100	-0.387100
1.682000	0.682000	0.318932	-0.318932	0.386200	-0.386200
1.683000	0.683000	0.318032	-0.318032	0.385300	-0.385300
1.684000	0.684000	0.317132	-0.317132	0.384400	-0.384400
1.685000	0.685000	0.316232	-0.316232	0.383500	-0.383500
1.686000	0.686000	0.315332	-0.315332	0.382600	-0.382600
1.687000	0.687000	0.314432	-0.314432	0.381700	-0.381700
1.688000	0.688000	0.313532	-0.313532	0.380800	-0.380800
1.689000	0.689000	0.312632	-0.312632	0.379900	-0.379900
1.690000	0.690000	0.311732	-0.311732	0.379000	-0.379000
1.691000	0.691000	0.310832	-0.310832	0.378100	-0.378100
1.692000	0.692000	0.309932	-0.309932	0.377200	-0.377200
1.693000	0.693000	0.309032	-0.309032	0.376300	-0.376300
1.694000	0.694000	0.308132	-0.308132	0.375400	-0.375400
1.695000	0.695000	0.307232	-0.307232	0.374500	-0.374500
1.696000	0.696000	0.306332	-0.306332	0.373600	-0.373600
1.697000	0.697000	0.305432	-0.305432	0.372700	-0.372700
1.698000	0.698000	0.304532	-0.304532	0.371800	-0.371800
1.699000	0.699000	0.303632	-0.303632	0.370900	-0.370900
1.700000	0.700000	0.302732	-0.302732	0.370000	-0.370000
1.701000	0.701000	0.301832	-0.301832	0.369100	-0.369100
1.702000	0.702000	0.300932	-0.300932	0.368200	-0.368200
1.703000	0.703000	0.300032	-0.300032	0.367300	-0.367300
1.704000	0.704000	0.299132	-0.299132	0.366400	-0.366400
1.705000	0.705000	0.298232	-0.298232	0.365500	-0.365500
1.706000	0.706000	0.297332	-0.297332	0.364600	-0.364600
1.707000	0.707000	0.296432	-0.296432	0.363700	-0.363700
1.708000	0.708000	0.295532	-0.295532	0.362800	-0.362800
1.709000	0.709000	0.294632	-0.294632	0.361900	-0.361900
1.710000	0.710000	0.293732	-0.293732	0.361000	-0.361000
1.711000	0.711000	0.292832	-0.292832	0.360100	-0.360100
1.712000	0.712000	0.291932	-0.291932	0.359200	-0.359200
1.713000	0.713000	0.291032	-0.291032	0.358300	-0.358300
1.714000	0.714000	0.290132	-0.290132	0.357400	-0.357400
1.715000	0.715000	0.289232	-0.289232	0.356500	-0.356500
1.716000	0.716000	0.288332	-0.288332	0.355600	-0.355600
1.717000	0.717000	0.287432	-0.287432	0.354700	-0.354700
1.718000	0.718000	0.286532	-0.286532	0.353800	-0.353800
1.719000	0.719000	0.285632	-0.285632	0.352900	-0.352900
1.720000	0.720000	0.284732	-0.284732	0.352000	-0.352000
1.721000	0.721000	0.283832	-0.283832	0.351100	-0.351100
1.722000	0.722000	0.282932	-0.282932	0.350200	-0.350200
1.723000	0.723000	0.282032	-0.282032	0.349300	-0.349300
1.724000	0.724000	0.281132	-0.281132	0.348400	-0.348400
1.725000	0.725000	0.280232	-0.280232	0.347500	-0.347500
1.726000	0.726000	0.279332	-0.279332	0.346600	-0.346600
1.727000	0.727000	0.278432	-0.278432	0.345700	-0.345700
1.728000	0.728000	0.277532	-0.277532	0.344800	-0.344800
1.729000	0.729000	0.276632	-0.276632	0.343900	-0.343900
1.730000	0.730000	0.275732	-0.275732	0.343000	-0.343000
1.731000	0.731000	0.274832	-0.274832	0.342100	-0.342100
1.732000	0.732000	0.273932	-0.273932	0.341200	-0.341200
1.733000	0.733000	0.273032	-0.273032	0.340300	-0.340300
1.734000	0.734000	0.272132	-0.272132	0.339400	-0.339400
1.735000	0.735000	0.271232	-0.271232	0.338500	-0.338500
1.736000	0.736000	0.270332	-0.270332	0.337600	-0.337600
1.737000	0.737000	0.269432	-0.269432	0.336700	-0.336700
1.738000	0.738000	0.268532	-0.268532	0.335800	-0.335800
1.739000	0.739000	0.267632	-0.267632	0.334900	-0.334900
1.740000	0.740000	0.266732	-0.266732	0.334000	-0.334000
1.741000	0.741000	0.265832	-0.265832	0.333100	-0.333100
1.742000	0.742000	0.264932	-0.264932	0.332200	-0.332200
1.743000	0.743000	0.264032	-0.264032	0.331300	-0.331300
1.744000	0.744000	0.263132	-0.263132	0.330400	-0.330400
1.745000	0.745000	0.262232	-0.262232	0.329500	-0.329500
1.746000	0.746000	0.261332	-0.261332	0.328600	-0.328600
1.747000	0.747000	0.260432	-0.260432	0.327700	-0.327700
1.748000	0.748000	0.259532	-0.259532	0.326800	-0.326800
1.749000	0.749000	0.258632	-0.258632	0.325900	-0.325900
1.750000	0.750000	0.257732	-0.257732	0.325000	-0.325000
1.751000	0.751000	0.256832	-0.256832	0.324100	-0.324100
1.752000	0.752000	0.255932	-0.255932	0.323200	-0.323200
1.753000	0.753000	0.255032	-0.255032	0.322300	-0.322300
1.754000	0.754000	0.254132	-0.254132	0.321400	-0.321400
1.755000	0.755000	0.253232	-0.253232	0.320500	-0.320500
1.756000	0.756000	0.252332	-0.252332	0.319600	-0.319600
1.757000	0.757000	0.251432	-0.251432	0.318700	-0.318700
1.758000	0.758000	0.250532	-0.250532	0.317800	-0.317800
1.759000	0.759000	0.249632	-0.249632	0.316900	-0.316900
1.760000	0.760000	0.248732	-0.248732	0.316000	-0.316000
1.761000	0.761000	0.247832	-0.247832	0.315100	-0.315100
1.762000	0.762000	0.246932	-0.246932	0.314200	-0.314200
1.763000	0.763000	0.246032	-0.246032	0.313300	-0.313300
1.764000	0.764000	0.245132	-0.245132	0.312400	-0.312400
1.765000	0.765000	0.244232	-0.244232	0.311500	-0.311500
1.766000	0.766000	0.243332	-0.243332	0.310600	-0.310600
1.767000	0.767000	0.242432	-0.242432	0.309700	-0.309700
1.768000	0.768000	0.241532	-0.241532	0.308800	-0.308800
1.769000	0.769000	0.240632	-0.240632	0.307900	-0.307900
1.770000	0.770000	0.239732	-0.239732	0.307000	-0.307000
1.771000	0.771000	0.238832	-0.238832	0.306100	-0.306100
1.772000	0.772000	0.237932	-0.237932	0.305200	-0.305200
1.773000	0.773000	0.237032	-0.237032	0.304300	-0.304300
1.774000	0.774000	0.236132	-0.236132	0.303400	-0.303400
1.775000	0.775000	0.235232	-0.235232	0.302500	-0.302500
1.776000	0.776000	0.234332	-0.234332	0.301600	-0.301600
1.777000	0.777000	0.233432	-0.233432	0.300700	-0.300700
1.778000	0.778000	0.232532	-0.232532	0.299800	-0.299800
1.779000	0.779000	0.231632	-0.231632	0.298900	-0.298900
1.780000	0.780000	0.230732	-0.230732	0.298000	-0.298000
1.781000	0.781000	0.229832	-0.229832	0.297100	-0.297100
1.782000	0.782000	0.228932	-0.228932	0.296200	-0.296200
1.783000	0.783000	0.228032	-0.228032	0.295300	-0.295300
1.784000	0.784000	0.227132	-0.227132	0.294400	-0.294400
1.785000	0.785000	0.226232	-0.226232	0.293500	-0.293500
1.786000	0.786000	0.225332	-0.225332	0.292600	-0.292600
1.787000	0.787000	0.224432	-0.224432	0.291700	-0.291700
1.788000	0.788000	0.223532	-0.223532	0.290800	-0.290800
1.789000	0.789000	0.222632	-0.222632	0.289900	-0.289900
1.790000	0.790000	0.221732	-0.221732	0.289000	-0.289000
1.791000	0.791000	0.220832	-0.220832	0.288100	-0.288100
1.792000	0.792000	0.219932	-0.219932	0.287200	-0.287200
1.793000	0.793000	0.219032	-0.219032	0.286300	-0.286300
1.794000	0.794000	0.218132	-0.218132	0.285400	-0.285400
1.795000	0.795000	0.217232	-0.217232	0.284500	-0.284500
1.796000	0.796000	0.216332	-0.216332	0.283600	-0.283600
1.797000	0.797000	0.215432	-0.215432	0.282700	-0.282700
1.798000	0.798000	0.214532	-0.214532	0.281800	-0.281800
1.799000	0.799000	0.213632	-0.213632	0.280900	-0.280900
1.800000	0.800000	0.212732	-0.212732	0.280000	-0.280000
1.801000	0.801000	0.211832	-0.211832	0.279100	-0.279100
1.802000	0.802000	0.210932	-0.210932	0.278200	-0.278200
1.803000	0.803000	0.210032	-0.210032	0.277300	-0.277300
1.804000	0.804000	0.209132	-0.209132	0.276400	-0.276400
1.805000	0.805000	0.208232	-0.208232	0.275500	-0.275500
1.806000	0.806000	0.207332	-0.207332	0.274600	-0.274600
1.807000	0.807000	0.206432	-0.206432	0.273700	-0.273700
1.808000	0.808000	0.205532	-0.205532	0.272800	-0.272800
1.809000	0.809000	0.204632	-0.204632	0.271900	-0.271900
1.810000	0.810000	0.203732	-0.203732	0.271000	-0.271000
1.811000	0.811000	0.202832	-0.202832	0.270100	-0.270100
1.812000	0.812000	0.201932	-0.201932	0.269200	-0.269200
1.813000	0.813000	0.201032	-0.201032	0.268300	-0.268300
1.814000	0.814000	0.200132	-0.200132	0.267400	-0.267400
1.815000	0.815000	0.199232	-0.199232	0.266500	-0.266500
1.816000	0.816000	0.198332	-0.198332	0.265600	-0.265600
1.817000	0.817000	0.197432	-0.197432	0.264700	-0.264700
1.818000	0.818000	0.196532	-0.196532	0.263800	-0.263800
1.819000	0.819000	0.195632	-0.195632	0.262900	-0.262900
1.820000	0.820000	0.194732	-0.194732	0.262000	-0.262000
1.821000	0.821000	0.193832	-0.193832	0.261100	-0.261100
1.822000	0.822000	0.192932	-0.192932	0.260200	-0.260200
1.823000	0.823000	0.192032	-0.192032	0.259300	-0.259300
1.824000	0.824000	0.191132	-0.191132	0.258400	-0.258400
1.825000	0.825000	0.190232	-0.190232	0.257500	-0.257500
1.826000	0.826000	0.189332	-0.189332	0.256600	-0.256600
1.827000	0.827000	0.188432	-0.188432	0.255700	-0.255700
1.828000	0.828000	0.187532	-0.187532	0.254800	-0.254800
1.829000	0.829000	0.186632	-0.186632	0.253900	-0.253900
1.830000	0.830000	0.185732	-0.185732	0.253000	-0.253000
1.831000	0.831000	0.184832	-0.184832	0.252100	-0.252100
1.832000	0.832000	0.183932	-0.183932	0.251200	-0.251200
1.833000	0.833000	0.183032	-0.183032	0.250300	-0.250300
1.834000	0.834000	0.182132	-0.182132	0.249400	-0.249400
1.835000	0.835000	0.181232	-0.181232	0.248500	-0.248500
1.836000	0.836000	0.180332	-0.180332	0.247600	-0.247600
1.837000	0.837000	0.179432	-0.179432	0.246700	-0.246700
1.838000	0.838000	0.178532	-0.178532	0.245800	-0.245800
1.839000	0.839000	0.177632	-0.177632	0.244900	-0.244900
1.840000	0.840000	0.176732	-0.176732	0.244000	-0.244000
1.841000	0.841000	0.175832	-0.175832	0.243100	-0.243100
1.842000	0.842000	0.174932	-0.174932	0.242200	-0.242200
1.843000	0.843000	0.174032	-0.174032	0.241300	-0.241300
1.844000	0.844000	0.173132	-0.173132	0.240400	-0.240400
1.845000	0.845000	0.172232	-0.172232	0.239500	-0.239500
1.846000	0.846000	0.171332	-0.171332	0.238600	-0.238600
1.847000	0.847000	0.170432	-0.170432	0.237700	-0.237700
1.848000	0.848000	0.169532	-0.169532	0.236800	-0.236800
1.849000	0.849000	0.168632	-0.168632	0.235900	-0.235900
1.850000	0.850000	0.167732	-0.167732	0.235000	-0.235000
1.851000	0.851000	0.166832	-0.166832	0.234100	-0.234100
1.852000	0.852000	0.165932	-0.165932	0.233200	-0.233200
1.853000	0.853000	0.165032	-0.165032	0.232300	-0.232300
1.854000	0.854000	0.164132	-0.164132	0.231400	-0.231400
1.855000	0.855000	0.163232	-0.163232	0.230500	-0.230500
1.856000	0.856000	0.162332	-0.162332	0.229600	-0.229600
1.857000	0.857000	0.161432	-0.161432	0.228700	-0.228700
1.858000	0.858000	0.160532	-0.160532	0.227800	-0.227800
1.859000	0.859000	0.159632	-0.159632	0.226900	-0.226900
1.860000	0.860000	0.158732	-0.158732	0.226000	-0.226000
1.861000	0.861000	0.157832	-0.157832	0.225100	-0.225100
1.862000	0.862000	0.156932	-0.156932	0.224200	-0.224200
1.863000	0.863000	0.156032	-0.156032	0.223300	-0.223300
1.864000	0.864000	0.155132	-0.155132	0.222400	-0.222400
1.865000	0.865000	0.154232	-0.154232	0.221500	-0.221500
1.866000	0.866000	0.153332	-0.153332	0.220600	-0.220600
1.867000	0.867000	0.152432	-0.152432	0.219700	-0.219700
1.868000	0.868000	0.151532	-0.151532	0.218800	-0.218800
1.869000	0.869000	0.150632	-0.150632	0.217900	-0.217900
1.870000	0.870000	0.149732	-0.149732	0.217000	-0.217000
1.871000	0.871000	0.148832	-0.148832	0.216100	-0.216100
1.872000	0.872000	0.147932	-0.147932	0.215200	-0.215200
1.873000	0.873000	0.147032	-0.147032	0.214300	-0.214300
1.874000	0.874000	0.146132	-0.146132	0.213400	-0.213400
1.875000	0.875000	0.145232	-0.145232	0.212500	-0.212500
1.876000	0.876000	0.144332	-0.144332	0.211600	-0.211600
1.877000	0.877000	0.143432	-0.143432	0.210700	-0.210700
1.878000	0.878000	0.142532	-0.142532	0.209800	-0.209800
1.879000	0.879000	0.141632	-0.141632	0.208900	-0.208900
1.880000	0.880000	0.140732	-0.140732	0.208000	-0.208000
1.881000	0.881000	0.139832	-0.139832	0.207100	-0.207100
1.882000	0.882000	0.138932	-0.138932	0.206200	-0.206200
1.883000	0.883000	0.138032	-0.138032	0.205300	-0.205300
1.884000	0.884000	0.137132	-0.137132	0.204400	-0.204400
1.885000	0.885000	0.136232	-0.136232	0.203500	-0.203500
1.886000	0.886000	0.135332	-0.135332	0.202600	-0.202600
1.887000	0.887000	0.134432	-0.134432	0.201700	-0.201700
1.888000	0.888000	0.133532	-0.133532	0.200800	-0.200800
1.889000	0.889000	0.132632	-0.132632	0.199900	-0.199900
1.890000	0.890000	0.131732	-0.131732	0.199000	-0.199000
1.891000	0.891000	0.130832	-0.130832	0.198100	-0.198100
1.892000	0.892000	0.129932	-0.129932	0.197200	-0.197200
1.893000	0.893000	0.129032	-0.129032	0.196300	-0.196300
1.894000	0.894000	0.128132	-0.128132	0.195400	-0.195400
1.895000	0.895000	0.127232	-0.127232	0.194500	-0.194500
1.896000	0.896000	0.126332	-0.126332	0.193600	-0.193600
1.897000	0.897000	0.125432	-0.125432	0.192700	-0.192700
1.898000	0.898000	0.124532	-0.124532	0.191800	-0.191800
1.899000	0.899000	0.123632	-0.123632	0.190900	-0.190900
1.900000	0.900000	0.122732	-0.122732	0.190000	-0.190000
1.901000	0.901000	0.121832	-0.121832	0.189100	-0.189100
1.902000	0.902000	0.120932	-0.120932	0.188200	-0.188200
1.903000	0.903000	0.120032	-0.120032	0.187300	-0.187300
1.904000	0.904000	0.119132	-0.119132	0.186400	-0.186400
1.905000	0.905000	0.118232	-0.118232	0.185500	-0.185500
1.906000	0.906000	0.117332	-0.117332	0.184600	-0.184600
1.907000	0.907000	0.116432	-0.116432	0.183700	-0.183700
1.908000	0.908000	0.115532	-0.115532	0.182800	-0.182800
1.909000	0.909000	0.114632	-0.114632	0.181900	-0.181900
1.910000	0.910000	0.113732	-0.113732	0.181000	-0.181000
1.911000	0.911000	0.112832	-0.112832	0.180100	-0.180100
1.912000	0.912000	0.111932	-0.111932	0.179200	-0.179200
1.913000	0.913000	0.111032	-0.111032	0.178300	-0.178300
1.914000	0.914000	0.110132	-0.110132	0.177400	-0.177400
1.915000	0.915000	0.109232	-0.109232	0.176500	-0.176500
1.916000	0.916000	0.108332	-0.108332	0.175600	-0.175600
1.917000	0.917000	0.107432	-0.107432	0.174700	-0.174700
1.918000	0.918000	0.106532	-0.106532	0.173800	-0.173800
1.919000	0.919000	0.105632	-0.105632	0.172900	-0.172900
1.920000	0.920000	0.104732	-0.104732	0.172000	-0.172000
1.921000	0.921000	0.103832	-0.103832	0.171100	-0.171100
1.922000	0.922000	0.102932	-0.102932	0.170200	-0.170200
1.923000	0.923000	0.102032	-0.102032	0.169300	-0.169300
1.924000	0.924000	0.101132	-0.101132	0.168400	-0.168400
1.925000	0.925000	0.100232	-0.100232	0.167500	-0.167500
1.926000	0.926000	0.099332	-0.099332	0.166600	-0.166600
1.927000	0.927000	0.098432	-0.098432	0.165700	-0.165700
1.928000	0.928000	0.097532	-0.097532	0.164800	-0.164800
1.929000	0.929000	0.096632	-0.096632	0.163900	-0.163900
1.930000	0.930000	0.095732	-0.095732	0.163000	-0.163000
1.931000	0.931000	0.094832	-0.094832	0.162100	-0.162100
1.932000	0.932000	0.093932	-0.093932	0.161200	-0.161200
1.933000	0.933000	0.093032	-0.093032	0.160300	-0.160300
1.934000	0.934000	0.092132	-0.092132	0.159400	-0.159400
1.935000	0.935000	0.091232	-0.091232	0.158500	-0.158500
1.936000	0.936000	0.090332	-0.090332	0.157600	-0.157600
1.937000	0.937000	0.089432	-0.089432	0.156700	-0.156700
1.938000	0.938000	0.088532	-0.088532	0.155800	-0.155800
1.939000	0.939000	0.087632	-0.087632	0.154900	-0.154900
1.940000	0.940000	0.086732	-0.086732	0.154000	-0.154000
1.941000	0.941000	0.085832	-0.085832	0.153100	-0.153100
1.942000	0.942000	0.084932	-0.084932	0.152200	-0.152200
1.943000	0.943000	0.084032	-0.084032	0.151300	-0.151300
1.944000	0.944000	0.083132	-0.083132	0.150400	-0.150400
1.945000	0.945000	0.082232	-0.082232	0.149500	-0.149500
1.946000	0.946000	0.081332	-0.081332	0.148600	-0.148600
1.947000	0.947000	0.080432	-0.080432	0.147700	-0.147700
1.948000	0.948000	0.079532	-0.079532	0.146800	-0.146800
1.949000	0.949000	0.078632	-0.078632	0.145900	-0.145900
1.950000	0.950000	0.077732	-0.077732	0.145000	-0.145000
1.951000	0.951000	0.076832	-0.076832	0.144100	-0.144100
1.952000	0.952000	0.075932	-0.075932	0.143200	-0.143200
1.953000	0.953000	0.075032	-0.075032	0.142300	-0.142300
1.954000	0.954000	0.074132	-0.074132	0.141400	-0.141400
1.955000	0.955000	0.073232	-0.073232	0.140500	-0.140500
1.956000	0.956000	0.072332	-0.072332	0.139600	-0.139600
1.957000	0.957000	0.071432	-0.071432	0.138700	-0.138700
1.958000	0.958000	0.070532	-0.070532	0.137800	-0.137800
1.959000	0.959000	0.069632	-0.069632	0.136900	-0.136900
1.960000	0.960000	0.068732	-0.068732	0.136000	-0.136000
1.961000	0.961000	0.067832	-0.067832	0.135100	-0.135100
1.962000	0.962000	0.066932	-0.066932	0.134200	-0.134200
1.963000	0.963000	0.066032	-0.066032	0.133300	-0.133300
1.964000	0.964000	0.065132	-0.065132	0.132400	-0.132400
1.965000	0.965000	0.064232	-0.064232	0.131500	-0.131500
1.966000	0.966000	0.063332	-0.063332	0.130600	-0.130600
1.967000	0.967000	0.062437	-0.062437	0.129700	-0.129700
1.968000	0.968000	0.061581	-0.061581	0.128800	-0.128800
1.969000	0.969000	0.060770	-0.060770	0.127900	-0.127900
1.970000	0.970000	0.060000	-0.060000	0.127000	-0.127000
1.971000	0.971000	0.059269	-0.059269	0.126100	-0.126100
1.972000	0.972000	0.058575	-0.058575	0.125200	-0.125200
1.973000	0.973000	0.057917	-0.057917	0.124300	-0.124300
1.974000	0.974000	0.057292	-0.057292	0.123400	-0.123400
1.975000	0.975000	0.056699	-0.056699	0.122500	-0.122500
1.976000	0.976000	0.056137	-0.056137	0.121600	-0.121600
1.977000	0.977000	0.055604	-0.055604	0.120700	-0.120700
1.978000	0.978000	0.055100	-0.055100	0.119800	-0.119800
1.979000	0.979000	0.054624	-0.054624	0.118900	-0.118900
1.980000	0.980000	0.054174	-0.054174	0.118000	-0.118000
1.981000	0.981000	0.053751	-0.053751	0.117100	-0.117100
1.982000	0.982000	0.053352	-0.053352	0.116200	-0.116200
1.983000	0.983000	0.052979	-0.052979	0.115300	-0.115300
1.984000	0.984000	0.052629	-0.052629	0.114400	-0.114400
1.985000	0.985000	0.052303	-0.052303	0.113500	-0.113500
1.986000	0.986000	0.052000	-0.052000	0.112600	-0.112600
1.987000	0.987000	0.051720	-0.051720	0.111700	-0.111700
1.988000	0.988000	0.051461	-0.051461	0.110800	-0.110800
1.989000	0.989000	0.051225	-0.051225	0.109900	-0.109900
1.990000	0.990000	0.051010	-0.051010	0.109000	-0.109000
1.991000	0.991000	0.050817	-0.050817	0.108100	-0.108100
1.992000	0.992000	0.050644	-0.050644	0.107200	-0.107200
1.993000	0.993000	0.050492	-0.050492	0.106300	-0.106300
1.994000	0.994000	0.050361	-0.050361	0.105400	-0.105400
1.995000	0.995000	0.050251	-0.050251	0.104500	-0.104500
1.996000	0.996000	0.050160	-0.050160	0.103600	-0.103600
1.997000	0.997000	0.050090	-0.050090	0.102700	-0.102700
1.998000	0.998000	0.050040	-0.050040	0.101800	-0.101800
1.999000	0.999000	0.050010	-0.050010	0.100900	-0.100900
2.000000	0.000000	0.050000	-0.050000	1.000000	-1.000000
2.001000	0.001000	0.050010	-0.050010	0.999100	-0.999100
2.002000	0.002000	0.050040	-0.050040	0.998200	-0.998200
2.003000	0.003000	0.050090	-0.050090	0.997300	-0.997300
2.004000	0.004000	0.050160	-0.050160	0.996400	-0.996400
2.005000	0.005000	0.050251	-0.050251	0.995500	-0.995500
2.006000	0.006000	0.050361	-0.050361	0.994600	-0.994600
2.007000	0.007000	0.050492	-0.050492	0.993700	-0.993700
2.008000	0.008000	0.050644	-0.050644	0.992800	-0.992800
2.009000	0.009000	0.050817	-0.050817	0.991900	-0.991900
2.010000	0.010000	0.051010	-0.051010	0.991000	-0.991000
2.011000	0.011000	0.051225	-0.051225	0.990100	-0.990100
2.012000	0.012000	0.051461	-0.051461	0.989200	-0.989200
2.013000	0.013000	0.051720	-0.051720	0.988300	-0.988300
2.014000	0.014000	0.052000	-0.052000	0.987400	-0.987400
2.015000	0.015000	0.052303	-0.052303	0.986500	-0.986500
2.016000	0.016000	0.052629	-0.052629	0.985600	-0.985600
2.017000	0.017000	0.052979	-0.052979	0.984700	-0.984700
2.018000	0.018000	0.053352	-0.053352	0.983800	-0.983800
2.019000	0.019000	0.053751	-0.053751	0.982900	-0.982900
2.020000	0.020000	0.054174	-0.054174	0.982000	-0.982000
2.021000	0.021000	0.054624	-0.054624	0.981100	-0.981100
2.022000	0.022000	0.055100	-0.055100	0.980200	-0.980200
2.023000	0.023000	0.055604	-0.055604	0.979300	-0.979300
2.024000	0.024000	0.056137	-0.056137	0.978400	-0.978400
2.025000	0.025000	0.056699	-0.056699	0.977500	-0.977500
2.026000	0.026000	0.057292	-0.057292	0.976600	-0.976600
2.027000	0.027000	0.057917	-0.057917	0.975700	-0.975700
2.028000	0.028000	0.058575	-0.058575	0.974800	-0.974800
2.029000	0.029000	0.059269	-0.059269	0.973900	-0.973900
2.030000	0.030000	0.060000	-0.060000	0.973000	-0.973000
2.031000	0.031000	0.060770	-0.060770	0.972100	-0.972100
2.032000	0.032000	0.061581	-0.061581	0.971200	-0.971200
2.033000	0.033000	0.062437	-0.062437	0.970300	-0.970300
2.034000	0.034000	0.063339	-0.063339	0.969400	-0.969400
2.035000	0.035000	0.064293	-0.064293	0.968500	-0.968500
2.036000	0.036000	0.065301	-0.065301	0.967600	-0.967600
2.037000	0.037000	0.066370	-0.066370	0.966700	-0.966700
2.038000	0.038000	0.067504	-0.067504	0.965800	-0.965800
2.039000	0.039000	0.068711	-0.068711	0.964900	-0.964900
2.040000	0.040000	0.070000	-0.070000	0.964000	-0.964000
2.041000	0.041000	0.071382	-0.071382	0.963100	-0.963100
2.042000	0.042000	0.072871	-0.072871	0.962200	-0.962200
2.043000	0.043000	0.074485	-0.074485	0.961300	-0.961300
2.044000	0.044000	0.076251	-0.076251	0.960400	-0.960400
2.045000	0.045000	0.078206	-0.078206	0.959500	-0.959500
2.046000	0.046000	0.080404	-0.080404	0.958600	-0.958600
2.047000	0.047000	0.082941	-0.082941	0.957700	-0.957700
2.048000	0.048000	0.086000	-0.086000	0.956800	-0.956800
2.049000	0.049000	0.090050	-0.090050	0.955900	-0.955900
2.050000	0.050000	0.100000	-0.100000	0.955000	-0.955000
2.051000	0.051000	0.886832	-0.886832	0.954100	-0.954100
2.052000	0.052000	0.885932	-0.885932	0.953200	-0.953200
2.053000	0.053000	0.885032	-0.885032	0.952300	-0.952300
2.054000	0.054000	0.884132	-0.884132	0.951400	-0.951400
2.055000	0.055000	0.883232	-0.883232	0.950500	-0.950500
2.056000	0.056000	0.882332	-0.882332	0.949600	-0.949600
2.057000	0.057000	0.881432	-0.881432	0.948700	-0.948700
2.058000	0.058000	0.880532	-0.880532	0.947800	-0.947800
2.059000	0.059000	0.879632	-0.879632	0.946900	-0.946900
2.060000	0.060000	0.878732	-0.878732	0.946000	-0.946000
2.061000	0.061000	0.877832	-0.877832	0.945100	-0.945100
2.062000	0.062000	0.876932	-0.876932	0.944200	-0.944200
2.063000	0.063000	0.876032	-0.876032	0.943300	-0.943300
2.064000	0.064000	0.875132	-0.875132	0.942400	-0.942400
2.065000	0.065000	0.874232	-0.874232	0.941500	-0.941500
2.066000	0.066000	0.873332	-0.873332	0.940600	-0.940600
2.067000	0.067000	0.872432	-0.872432	0.939700	-0.939700
2.068000	0.068000	0.871532	-0.871532	0.938800	-0.938800
2.069000	0.069000	0.870632	-0.870632	0.937900	-0.937900
2.070000	0.070000	0.869732	-0.869732	0.937000	-0.937000
2.071000	0.071000	0.868832	-0.868832	0.936100	-0.936100
2.072000	0.072000	0.867932	-0.867932	0.935200	-0.935200
2.073000	0.073000	0.867032	-0.867032	0.934300	-0.934300
2.074000	0.074000	0.866132	-0.866132	0.933400	-0.933400
2.075000	0.075000	0.865232	-0.865232	0.932500	-0.932500
2.076000	0.076000	0.864332	-0.864332	0.931600	-0.931600
2.077000	0.077000	0.863432	-0.863432	0.930700	-0.930700
2.078000	0.078000	0.862532	-0.862532	0.929800	-0.929800
2.079000	0.079000	0.861632	-0.861632	0.928900	-0.928900
2.080000	0.080000	0.860732	-0.860732	0.928000	-0.928000
2.081000	0.081000	0.859832	-0.859832	0.927100	-0.927100
2.082000	0.082000	0.858932	-0.858932	0.926200	-0.926200
2.083000	0.083000	0.858032	-0.858032	0.925300	-0.925300
2.084000	0.084000	0.857132	-0.857132	0.924400	-0.924400
2.085000	0.085000	0.856232	-0.856232	0.923500	-0.923500
2.086000	0.086000	0.855332	-0.855332	0.922600	-0.922600
2.087000	0.087000	0.854432	-0.854432	0.921700	-0.921700
2.088000	0.088000	0.853532	-0.853532	0.920800	-0.920800
2.089000	0.089000	0.852632	-0.852632	0.919900	-0.919900
2.090000	0.090000	0.851732	-0.851732	0.919000	-0.919000
2.091000	0.091000	0.850832	-0.850832	0.918100	-0.918100
2.092000	0.092000	0.849932	-0.849932	0.917200	-0.917200
2.093000	0.093000	0.849032	-0.849032	0.916300	-0.916300
2.094000	0.094000	0.848132	-0.848132	0.915400	-0.915400
2.095000	0.095000	0.847232	-0.847232	0.914500	-0.914500
2.096000	0.096000	0.846332	-0.846332	0.913600	-0.913600
2.097000	0.097000	0.845432	-0.845432	0.912700	-0.912700
2.098000	0.098000	0.844532	-0.844532	0.911800	-0.911800
2.099000	0.099000	0.843632	-0.843632	0.910900	-0.910900
2.100000	0.100000	0.842732	-0.842732	0.910000	-0.910000
2.101000	0.101000	0.841832	-0.841832	0.909100	-0.909100
2.102000	0.102000	0.840932	-0.840932	0.908200	-0.908200
2.103000	0.103000	0.840032	-0.840032	0.907300	-0.907300
2.104000	0.104000	0.839132	-0.839132	0.906400	-0.906400
2.105000	0.105000	0.838232	-0.838232	0.905500	-0.905500
2.106000	0.106000	0.837332	-0.837332	0.904600	-0.904600
2.107000	0.107000	0.836432	-0.836432	0.903700	-0.903700
2.108000	0.108000	0.835532	-0.835532	0.902800	-0.902800
2.109000	0.109000	0.834632	-0.834632	0.901900	-0.901900
2.110000	0.110000	0.833732	-0.833732	0.901000	-0.901000
2.111000	0.111000	0.832832	-0.832832	0.900100	-0.900100
2.112000	0.112000	0.831932	-0.831932	0.899200	-0.899200
2.113000	0.113000	0.831032	-0.831032	0.898300	-0.898300
2.114000	0.114000	0.830132	-0.830132	0.897400	-0.897400
2.115000	0.115000	0.829232	-0.829232	0.896500	-0.896500
2.116000	0.116000	0.828332	-0.828332	0.895600	-0.895600
2.117000	0.117000	0.827432	-0.827432	0.894700	-0.894700
2.118000	0.118000	0.826532	-0.826532	0.893800	-0.893800
2.119000	0.119000	0.825632	-0.825632	0.892900	-0.892900
2.120000	0.120000	0.824732	-0.824732	0.892000	-0.892000
2.121000	0.121000	0.823832	-0.823832	0.891100	-0.891100
2.122000	0.122000	0.822932	-0.822932	0.890200	-0.890200
2.123000	0.123000	0.822032	-0.822032	0.889300	-0.889300
2.124000	0.124000	0.821132	-0.821132	0.888400	-0.888400
2.125000	0.125000	0.820232	-0.820232	0.887500	-0.887500
2.126000	0.126000	0.819332	-0.819332	0.886600	-0.886600
2.127000	0.127000	0.818432	-0.818432	0.885700	-0.885700
2.128000	0.128000	0.817532	-0.817532	0.884800	-0.884800
2.129000	0.129000	0.816632	-0.816632	0.883900	-0.883900
2.130000	0.130000	0.815732	-0.815732	0.883000	-0.883000
2.131000	0.131000	0.814832	-0.814832	0.882100	-0.882100
2.132000	0.132000	0.813932	-0.813932	0.881200	-0.881200
2.133000	0.133000	0.813032	-0.813032	0.880300	-0.880300
2.134000	0.134000	0.812132	-0.812132	0.879400	-0.879400
2.135000	0.135000	0.811232	-0.811232	0.878500	-0.878500
2.136000	0.136000	0.810332	-0.810332	0.877600	-0.877600
2.137000	0.137000	0.809432	-0.809432	0.876700	-0.876700
2.138000	0.138000	0.808532	-0.808532	0.875800	-0.875800
2.139000	0.139000	0.807632	-0.807632	0.874900	-0.874900
2.140000	0.140000	0.806732	-0.806732	0.874000	-0.874000
2.141000	0.141000	0.805832	-0.805832	0.873100	-0.873100
2.142000	0.142000	0.804932	-0.804932	0.872200	-0.872200
2.143000	0.143000	0.804032	-0.804032	0.871300	-0.871300
2.144000	0.144000	0.803132	-0.803132	0.870400	-0.870400
2.145000	0.145000	0.802232	-0.802232	0.869500	-0.869500
2.146000	0.146000	0.801332	-0.801332	0.868600	-0.868600
2.147000	0.147000	0.800432	-0.800432	0.867700	-0.867700
2.148000	0.148000	0.799532	-0.799532	0.866800	-0.866800
2.149000	0.149000	0.798632	-0.798632	0.865900	-0.865900
2.150000	0.150000	0.797732	-0.797732	0.865000	-0.865000
2.151000	0.151000	0.796832	-0.796832	0.864100	-0.864100
2.152000	0.152000	0.795932	-0.795932	0.863200	-0.863200
2.153000	0.153000	0.795032	-0.795032	0.862300	-0.862300
2.154000	0.154000	0.794132	-0.794132	0.861400	-0.861400
2.155000	0.155000	0.793232	-0.793232	0.860500	-0.860500
2.156000	0.156000	0.792332	-0.792332	0.859600	-0.859600
2.157000	0.157000	0.791432	-0.791432	0.858700	-0.858700
2.158000	0.158000	0.790532	-0.790532	0.857800	-0.857800
2.159000	0.159000	0.789632	-0.789632	0.856900	-0.856900
2.160000	0.160000	0.788732	-0.788732	0.856000	-0.856000
2.161000	0.161000	0.787832	-0.787832	0.855100	-0.855100
2.162000	0.162000	0.786932	-0.786932	0.854200	-0.854200
2.163000	0.163000	0.786032	-0.786032	0.853300	-0.853300
2.164000	0.164000	0.785132	-0.785132	0.852400	-0.852400
2.165000	0.165000	0.784232	-0.784232	0.851500	-0.851500
2.166000	0.166000	0.783332	-0.783332	0.850600	-0.850600
2.167000	0.167000	0.782432	-0.782432	0.849700	-0.849700
2.168000	0.168000	0.781532	-0.781532	0.848800	-0.848800
2.169000	0.169000	0.780632	-0.780632	0.847900	-0.847900
2.170000	0.170000	0.779732	-0.779732	0.847000	-0.847000
2.171000	0.171000	0.778832	-0.778832	0.846100	-0.846100
2.172000	0.172000	0.777932	-0.777932	0.845200	-0.845200
2.173000	0.173000	0.777032	-0.777032	0.844300	-0.844300
2.174000	0.174000	0.776132	-0.776132	0.843400	-0.843400
2.175000	0.175000	0.775232	-0.775232	0.842500	-0.842500
2.176000	0.176000	0.774332	-0.774332	0.841600	-0.841600
2.177000	0.177000	0.773432	-0.773432	0.840700	-0.840700
2.178000	0.178000	0.772532	-0.772532	0.839800	-0.839800
2.179000	0.179000	0.771632	-0.771632	0.838900	-0.838900
2.180000	0.180000	0.770732	-0.770732	0.838000	-0.838000
2.181000	0.181000	0.769832	-0.769832	0.837100	-0.837100
2.182000	0.182000	0.768932	-0.768932	0.836200	-0.836200
2.183000	0.183000	0.768032	-0.768032	0.835300	-0.835300
2.184000	0.184000	0.767132	-0.767132	0.834400	-0.834400
2.185000	0.185000	0.766232	-0.766232	0.833500	-0.833500
2.186000	0.186000	0.765332	-0.765332	0.832600	-0.832600
2.187000	0.187000	0.764432	-0.764432	0.831700	-0.831700
2.188000	0.188000	0.763532	-0.763532	0.830800	-0.830800
2.189000	0.189000	0.762632	-0.762632	0.829900	-0.829900
2.190000	0.190000	0.761732	-0.761732	0.829000	-0.829000
2.191000	0.191000	0.760832	-0.760832	0.828100	-0.828100
2.192000	0.192000	0.759932	-0.759932	0.827200	-0.827200
2.193000	0.193000	0.759032	-0.759032	0.826300	-0.826300
2.194000	0.194000	0.758132	-0.758132	0.825400	-0.825400
2.195000	0.195000	0.757232	-0.757232	0.824500	-0.824500
2.196000	0.196000	0.756332	-0.756332	0.823600	-0.823600
2.197000	0.197000	0.755432	-0.755432	0.822700	-0.822700
2.198000	0.198000	0.754532	-0.754532	0.821800	-0.821800
2.199000	0.199000	0.753632	-0.753632	0.820900	-0.820900
2.200000	0.200000	0.752732	-0.752732	0.820000	-0.820000
2.201000	0.201000	0.751832	-0.751832	0.819100	-0.819100
2.202000	0.202000	0.750932	-0.750932	0.818200	-0.818200
2.203000	0.203000	0.750032	-0.750032	0.817300	-0.817300
2.204000	0.204000	0.749132	-0.749132	0.816400	-0.816400
2.205000	0.205000	0.748232	-0.748232	0.815500	-0.815500
2.206000	0.206000	0.747332	-0.747332	0.814600	-0.814600
2.207000	0.207000	0.746432	-0.746432	0.813700	-0.813700
2.208000	0.208000	0.745532	-0.745532	0.812800	-0.812800
2.209000	0.209000	0.744632	-0.744632	0.811900	-0.811900
2.210000	0.210000	0.743732	-0.743732	0.811000	-0.811000
2.211000	0.211000	0.742832	-0.742832	0.810100	-0.810100
2.212000	0.212000	0.741932	-0.741932	0.809200	-0.809200
2.213000	0.213000	0.741032	-0.741032	0.808300	-0.808300
2.214000	0.214000	0.740132	-0.740132	0.807400	-0.807400
2.215000	0.215000	0.739232	-0.739232	0.806500	-0.806500
2.216000	0.216000	0.738332	-0.738332	0.805600	-0.805600
2.217000	0.217000	0.737432	-0.737432	0.804700	-0.804700
2.218000	0.218000	0.736532	-0.736532	0.803800	-0.803800
2.219000	0.219000	0.735632	-0.735632	0.802900	-0.802900
2.220000	0.220000	0.734732	-0.734732	0.802000	-0.802000
2.221000	0.221000	0.733832	-0.733832	0.801100	-0.801100
2.222000	0.222000	0.732932	-0.732932	0.800200	-0.800200
2.223000	0.223000	0.732032	-0.732032	0.799300	-0.799300
2.224000	0.224000	0.731132	-0.731132	0.798400	-0.798400
2.225000	0.225000	0.730232	-0.730232	0.797500	-0.797500
2.226000	0.226000	0.729332	-0.729332	0.796600	-0.796600
2.227000	0.227000	0.728432	-0.728432	0.795700	-0.795700
2.228000	0.228000	0.727532	-0.727532	0.794800	-0.794800
2.229000	0.229000	0.726632	-0.726632	0.793900	-0.793900
2.230000	0.230000	0.725732	-0.725732	0.793000	-0.793000
2.231000	0.231000	0.724832	-0.724832	0.792100	-0.792100
2.232000	0.232000	0.723932	-0.723932	0.791200	-0.791200
2.233000	0.233000	0.723032	-0.723032	0.790300	-0.790300
2.234000	0.234000	0.722132	-0.722132	0.789400	-0.789400
2.235000	0.235000	0.721232	-0.721232	0.788500	-0.788500
2.236000	0.236000	0.720332	-0.720332	0.787600	-0.787600
2.237000	0.237000	0.719432	-0.719432	0.786700	-0.786700
2.238000	0.238000	0.718532	-0.718532	0.785800	-0.785800
2.239000	0.239000	0.717632	-0.717632	0.784900	-0.784900
2.240000	0.240000	0.716732	-0.716732	0.784000	-0.784000
2.241000	0.241000	0.715832	-0.715832	0.783100	-0.783100
2.242000	0.242000	0.714932	-0.714932	0.782200	-0.782200
2.243000	0.243000	0.714032	-0.714032	0.781300	-0.781300
2.244000	0.244000	0.713132	-0.713132	0.780400	-0.780400
2.245000	0.245000	0.712232	-0.712232	0.779500	-0.779500
2.246000	0.246000	0.711332	-0.711332	0.778600	-0.778600
2.247000	0.247000	0.710432	-0.710432	0.777700	-0.777700
2.248000	0.248000	0.709532	-0.709532	0.776800	-0.776800
2.249000	0.249000	0.708632	-0.708632	0.775900	-0.775900
2.250000	0.250000	0.707732	-0.707732	0.775000	-0.775000
2.251000	0.251000	0.706832	-0.706832	0.774100	-0.774100
2.252000	0.252000	0.705932	-0.705932	0.773200	-0.773200
2.253000	0.253000	0.705032	-0.705032	0.772300	-0.772300
2.254000	0.254000	0.704132	-0.704132	0.771400	-0.771400
2.255000	0.255000	0.703232	-0.703232	0.770500	-0.770500
2.256000	0.256000	0.702332	-0.702332	0.769600	-0.769600
2.257000	0.257000	0.701432	-0.701432	0.768700	-0.768700
2.258000	0.258000	0.700532	-0.700532	0.767800	-0.767800
2.259000	0.259000	0.699632	-0.699632	0.766900	-0.766900
2.260000	0.260000	0.698732	-0.698732	0.766000	-0.766000
2.261000	0.261000	0.697832	-0.697832	0.765100	-0.765100
2.262000	0.262000	0.696932	-0.696932	0.764200	-0.764200
2.263000	0.263000	0.696032	-0.696032	0.763300	-0.763300
2.264000	0.264000	0.695132	-0.695132	0.762400	-0.762400
2.265000	0.265000	0.694232	-0.694232	0.761500	-0.761500
2.266000	0.266000	0.693332	-0.693332	0.760600	-0.760600
2.267000	0.267000	0.692432	-0.692432	0.759700	-0.759700
2.268000	0.268000	0.691532	-0.691532	0.758800	-0.758800
2.269000	0.269000	0.690632	-0.690632	0.757900	-0.757900
2.270000	0.270000	0.689732	-0.689732	0.757000	-0.757000
2.271000	0.271000	0.688832	-0.688832	0.756100	-0.756100
2.272000	0.272000	0.687932	-0.687932	0.755200	-0.755200
2.273000	0.273000	0.687032	-0.687032	0.754300	-0.754300
2.274000	0.274000	0.686132	-0.686132	0.753400	-0.753400
2.275000	0.275000	0.685232	-0.685232	0.752500	-0.752500
2.276000	0.276000	0.684332	-0.684332	0.751600	-0.751600
2.277000	0.277000	0.683432	-0.683432	0.750700	-0.750700
2.278000	0.278000	0.682532	-0.682532	0.749800	-0.749800
2.279000	0.279000	0.681632	-0.681632	0.748900	-0.748900
2.280000	0.280000	0.680732	-0.680732	0.748000	-0.748000
2.281000	0.281000	0.679832	-0.679832	0.747100	-0.747100
2.282000	0.282000	0.678932	-0.678932	0.746200	-0.746200
2.283000	0.283000	0.678032	-0.678032	0.745300	-0.745300
2.284000	0.284000	0.677132	-0.677132	0.744400	-0.744400
2.285000	0.285000	0.676232	-0.676232	0.743500	-0.743500
2.286000	0.286000	0.675332	-0.675332	0.742600	-0.742600
2.287000	0.287000	0.674432	-0.674432	0.741700	-0.741700
2.288000	0.288000	0.673532	-0.673532	0.740800	-0.740800
2.289000	0.289000	0.672632	-0.672632	0.739900	-0.739900
2.290000	0.290000	0.671732	-0.671732	0.739000	-0.739000
2.291000	0.291000	0.670832	-0.670832	0.738100	-0.738100
2.292000	0.292000	0.669932	-0.669932	0.737200	-0.737200
2.293000	0.293000	0.669032	-0.669032	0.736300	-0.736300
2.294000	0.294000	0.668132	-0.668132	0.735400	-0.735400
2.295000	0.295000	0.667232	-0.667232	0.734500	-0.734500
2.296000	0.296000	0.666332	-0.666332	0.733600	-0.733600
2.297000	0.297000	0.665432	-0.665432	0.732700	-0.732700
2.298000	0.298000	0.664532	-0.664532	0.731800	-0.731800
2.299000	0.299000	0.663632	-0.663632	0.730900	-0.730900
2.300000	0.300000	0.662732	-0.662732	0.730000	-0.730000
2.301000	0.301000	0.661832	-0.661832	0.729100	-0.729100
2.302000	0.302000	0.660932	-0.660932	0.728200	-0.728200
2.303000	0.303000	0.660032	-0.660032	0.727300	-0.727300
2.304000	0.304000	0.659132	-0.659132	0.726400	-0.726400
2.305000	0.305000	0.658232	-0.658232	0.725500	-0.725500
2.306000	0.306000	0.657332	-0.657332	0.724600	-0.724600
2.307000	0.307000	0.656432	-0.656432	0.723700	-0.723700
2.308000	0.308000	0.655532	-0.655532	0.722800	-0.722800
2.309000	0.309000	0.654632	-0.654632	0.721900	-0.721900
2.310000	0.310000	0.653732	-0.653732	0.721000	-0.721000
2.311000	0.311000	0.652832	-0.652832	0.720100	-0.720100
2.312000	0.312000	0.651932	-0.651932	0.719200	-0.719200
2.313000	0.313000	0.651032	-0.651032	0.718300	-0.718300
2.314000	0.314000	0.650132	-0.650132	0.717400	-0.717400
2.315000	0.315000	0.649232	-0.649232	0.716500	-0.716500
2.316000	0.316000	0.648332	-0.648332	0.715600	-0.715600
2.317000	0.317000	0.647432	-0.647432	0.714700	-0.714700
2.318000	0.318000	0.646532	-0.646532	0.713800	-0.713800
2.319000	0.319000	0.645632	-0.645632	0.712900	-0.712900
2.320000	0.320000	0.644732	-0.644732	0.712000	-0.712000
2.321000	0.321000	0.643832	-0.643832	0.711100	-0.711100
2.322000	0.322000	0.642932	-0.642932	0.710200	-0.710200
2.323000	0.323000	0.642032	-0.642032	0.709300	-0.709300
2.324000	0.324000	0.641132	-0.641132	0.708400	-0.708400
2.325000	0.325000	0.640232	-0.640232	0.707500	-0.707500
2.326000	0.326000	0.639332	-0.639332	0.706600	-0.706600
2.327000	0.327000	0.638432	-0.638432	0.705700	-0.705700
2.328000	0.328000	0.637532	-0.637532	0.704800	-0.704800
2.329000	0.329000	0.636632	-0.636632	0.703900	-0.703900
2.330000	0.330000	0.635732	-0.635732	0.703000	-0.703000
2.331000	0.331000	0.634832	-0.634832	0.702100	-0.702100
2.332000	0.332000	0.633932	-0.633932	0.701200	-0.701200
2.333000	0.333000	0.633032	-0.633032	0.700300	-0.700300
2.334000	0.334000	0.632132	-0.632132	0.699400	-0.699400
2.335000	0.335000	0.631232	-0.631232	0.698500	-0.698500
2.336000	0.336000	0.630332	-0.630332	0.697600	-0.697600
2.337000	0.337000	0.629432	-0.629432	0.696700	-0.696700
2.338000	0.338000	0.628532	-0.628532	0.695800	-0.695800
2.339000	0.339000	0.627632	-0.627632	0.694900	-0.694900
2.340000	0.340000	0.626732	-0.626732	0.694000	-0.694000
2.341000	0.341000	0.625832	-0.625832	0.693100	-0.693100
2.342000	0.342000	0.624932	-0.624932	0.692200	-0.692200
2.343000	0.343000	0.624032	-0.624032	0.691300	-0.691300
2.344000	0.344000	0.623132	-0.623132	0.690400	-0.690400
2.345000	0.345000	0.622232	-0.622232	0.689500	-0.689500
2.346000	0.346000	0.621332	-0.621332	0.688600	-0.688600
2.347000	0.347000	0.620432	-0.620432	0.687700	-0.687700
2.348000	0.348000	0.619532	-0.619532	0.686800	-0.686800
2.349000	0.349000	0.618632	-0.618632	0.685900	-0.685900
2.350000	0.350000	0.617732	-0.617732	0.685000	-0.685000
2.351000	0.351000	0.616832	-0.616832	0.684100	-0.684100
2.352000	0.352000	0.615932	-0.615932	0.683200	-0.683200
2.353000	0.353000	0.615032	-0.615032	0.682300	-0.682300
2.354000	0.354000	0.614132	-0.614132	0.681400	-0.681400
2.355000	0.355000	0.613232	-0.613232	0.680500	-0.680500
2.356000	0.356000	0.612332	-0.612332	0.679600	-0.679600
2.357000	0.357000	0.611432	-0.611432	0.678700	-0.678700
2.358000	0.358000	0.610532	-0.610532	0.677800	-0.677800
2.359000	0.359000	0.609632	-0.609632	0.676900	-0.676900
2.360000	0.360000	0.608732	-0.608732	0.676000	-0.676000
2.361000	0.361000	0.607832	-0.607832	0.675100	-0.675100
2.362000	0.362000	0.606932	-0.606932	0.674200	-0.674200
2.363000	0.363000	0.606032	-0.606032	0.673300	-0.673300
2.364000	0.364000	0.605132	-0.605132	0.672400	-0.672400
2.365000	0.365000	0.604232	-0.604232	0.671500	-0.671500
2.366000	0.366000	0.603332	-0.603332	0.670600	-0.670600
2.367000	0.367000	0.602432	-0.602432	0.669700	-0.669700
2.368000	0.368000	0.601532	-0.601532	0.668800	-0.668800
2.369000	0.369000	0.600632	-0.600632	0.667900	-0.667900
2.370000	0.370000	0.599732	-0.599732	0.667000	-0.667000
2.371000	0.371000	0.598832	-0.598832	0.666100	-0.666100
2.372000	0.372000	0.597932	-0.597932	0.665200	-0.665200
2.373000	0.373000	0.597032	-0.597032	0.664300	-0.664300
2.374000	0.374000	0.596132	-0.596132	0.663400	-0.663400
2.375000	0.375000	0.595232	-0.595232	0.662500	-0.662500
2.376000	0.376000	0.594332	-0.594332	0.661600	-0.661600
2.377000	0.377000	0.593432	-0.593432	0.660700	-0.660700
2.378000	0.378000	0.592532	-0.592532	0.659800	-0.659800
2.379000	0.379000	0.591632	-0.591632	0.658900	-0.658900
2.380000	0.380000	0.590732	-0.590732	0.658000	-0.658000
2.381000	0.381000	0.589832	-0.589832	0.657100	-0.657100
2.382000	0.382000	0.588932	-0.588932	0.656200	-0.656200
2.383000	0.383000	0.588032	-0.588032	0.655300	-0.655300
2.384000	0.384000	0.587132	-0.587132	0.654400	-0.654400
2.385000	0.385000	0.586232	-0.586232	0.653500	-0.653500
2.386000	0.386000	0.585332	-0.585332	0.652600	-0.652600
2.387000	0.387000	0.584432	-0.584432	0.651700	-0.651700
2.388000	0.388000	0.583532	-0.583532	0.650800	-0.650800
2.389000	0.389000	0.582632	-0.582632	0.649900	-0.649900
2.390000	0.390000	0.581732	-0.581732	0.649000	-0.649000
2.391000	0.391000	0.580832	-0.580832	0.648100	-0.648100
2.392000	0.392000	0.579932	-0.579932	0.647200	-0.647200
2.393000	0.393000	0.579032	-0.579032	0.646300	-0.646300
2.394000	0.394000	0.578132	-0.578132	0.645400	-0.645400
2.395000	0.395000	0.577232	-0.577232	0.644500	-0.644500
2.396000	0.396000	0.576332	-0.576332	0.643600	-0.643600
2.397000	0.397000	0.575432	-0.575432	0.642700	-0.642700
2.398000	0.398000	0.574532	-0.574532	0.641800	-0.641800
2.399000	0.399000	0.573632	-0.573632	0.640900	-0.640900
2.400000	0.400000	0.572732	-0.572732	0.640000	-0.640000
2.401000	0.401000	0.571832	-0.571832	0.639100	-0.639100
2.402000	0.402000	0.570932	-0.570932	0.638200	-0.638200
2.403000	0.403000	0.570032	-0.570032	0.637300	-0.637300
2.404000	0.404000	0.569132	-0.569132	0.636400	-0.636400
2.405000	0.405000	0.568232	-0.568232	0.635500	-0.635500
2.406000	0.406000	0.567332	-0.567332	0.634600	-0.634600
2.407000	0.407000	0.566432	-0.566432	0.633700	-0.633700
2.408000	0.408000	0.565532	-0.565532	0.632800	-0.632800
2.409000	0.409000	0.564632	-0.564632	0.631900	-0.631900
2.410000	0.410000	0.563732	-0.563732	0.631000	-0.631000
2.411000	0.411000	0.562832	-0.562832	0.630100	-0.630100
2.412000	0.412000	0.561932	-0.561932	0.629200	-0.629200
2.413000	0.413000	0.561032	-0.561032	0.628300	-0.628300
2.414000	0.414000	0.560132	-0.560132	0.627400	-0.627400
2.415000	0.415000	0.559232	-0.559232	0.626500	-0.626500
2.416000	0.416000	0.558332	-0.558332	0.625600	-0.625600
2.417000	0.417000	0.557432	-0.557432	0.624700	-0.624700
2.418000	0.418000	0.556532	-0.556532	0.623800	-0.623800
2.419000	0.419000	0.555632	-0.555632	0.622900	-0.622900
2.420000	0.420000	0.554732	-0.554732	0.622000	-0.622000
2.421000	0.421000	0.553832	-0.553832	0.621100	-0.621100
2.422000	0.422000	0.552932	-0.552932	0.620200	-0.620200
2.423000	0.423000	0.552032	-0.552032	0.619300	-0.619300
2.424000	0.424000	0.551132	-0.551132	0.618400	-0.618400
2.425000	0.425000	0.550232	-0.550232	0.617500	-0.617500
2.426000	0.426000	0.549332	-0.549332	0.616600	-0.616600
2.427000	0.427000	0.548432	-0.548432	0.615700	-0.615700
2.428000	0.428000	0.547532	-0.547532	0.614800	-0.614800
2.429000	0.429000	0.546632	-0.546632	0.613900	-0.613900
2.430000	0.430000	0.545732	-0.545732	0.613000	-0.613000
2.431000	0.431000	0.544832	-0.544832	0.612100	-0.612100
2.432000	0.432000	0.543932	-0.543932	0.611200	-0.611200
2.433000	0.433000	0.543032	-0.543032	0.610300	-0.610300
2.434000	0.434000	0.542132	-0.542132	0.609400	-0.609400
2.435000	0.435000	0.541232	-0.541232	0.608500	-0.608500
2.436000	0.436000	0.540332	-0.540332	0.607600	-0.607600
2.437000	0.437000	0.539432	-0.539432	0.606700	-0.606700
2.438000	0.438000	0.538532	-0.538532	0.605800	-0.605800
2.439000	0.439000	0.537632	-0.537632	0.604900	-0.604900
2.440000	0.440000	0.536732	-0.536732	0.604000	-0.604000
2.441000	0.441000	0.535832	-0.535832	0.603100	-0.603100
2.442000	0.442000	0.534932	-0.534932	0.602200	-0.602200
2.443000	0.443000	0.534032	-0.534032	0.601300	-0.601300
2.444000	0.444000	0.533132	-0.533132	0.600400	-0.600400
2.445000	0.445000	0.532232	-0.532232	0.599500	-0.599500
2.446000	0.446000	0.531332	-0.531332	0.598600	-0.598600
2.447000	0.447000	0.530432	-0.530432	0.597700	-0.597700
2.448000	0.448000	0.529532	-0.529532	0.596800	-0.596800
2.449000	0.449000	0.528632	-0.528632	0.595900	-0.595900
2.450000	0.450000	0.527732	-0.527732	0.595000	-0.595000
2.451000	0.451000	0.526832	-0.526832	0.594100	-0.594100
2.452000	0.452000	0.525932	-0.525932	0.593200	-0.593200
2.453000	0.453000	0.525032	-0.525032	0.592300	-0.592300
2.454000	0.454000	0.524132	-0.524132	0.591400	-0.591400
2.455000	0.455000	0.523232	-0.523232	0.590500	-0.590500
2.456000	0.456000	0.522332	-0.522332	0.589600	-0.589600
2.457000	0.457000	0.521432	-0.521432	0.588700	-0.588700
2.458000	0.458000	0.520532	-0.520532	0.587800	-0.587800
2.459000	0.459000	0.519632	-0.519632	0.586900	-0.586900
2.460000	0.460000	0.518732	-0.518732	0.586000	-0.586000
2.461000	0.461000	0.517832	-0.517832	0.585100	-0.585100
2.462000	0.462000	0.516932	-0.516932	0.584200	-0.584200
2.463000	0.463000	0.516032	-0.516032	0.583300	-0.583300
2.464000	0.464000	0.515132	-0.515132	0.582400	-0.582400
2.465000	0.465000	0.514232	-0.514232	0.581500	-0.581500
2.466000	0.466000	0.513332	-0.513332	0.580600	-0.580600
2.467000	0.467000	0.512432	-0.512432	0.579700	-0.579700
2.468000	0.468000	0.511532	-0.511532	0.578800	-0.578800
2.469000	0.469000	0.510632	-0.510632	0.577900	-0.577900
2.470000	0.470000	0.509732	-0.509732	0.577000	-0.577000
2.471000	0.471000	0.508832	-0.508832	0.576100	-0.576100
2.472000	0.472000	0.507932	-0.507932	0.575200	-0.575200
2.473000	0.473000	0.507032	-0.507032	0.574300	-0.574300
2.474000	0.474000	0.506132	-0.506132	0.573400	-0.573400
2.475000	0.475000	0.505232	-0.505232	0.572500	-0.572500
2.476000	0.476000	0.504332	-0.504332	0.571600	-0.571600
2.477000	0.477000	0.503432	-0.503432	0.570700	-0.570700
2.478000	0.478000	0.502532	-0.502532	0.569800	-0.569800
2.479000	0.479000	0.501632	-0.501632	0.568900	-0.568900
2.480000	0.480000	0.500732	-0.500732	0.568000	-0.568000
2.481000	0.481000	0.499832	-0.499832	0.567100	-0.567100
2.482000	0.482000	0.498932	-0.498932	0.566200	-0.566200
2.483000	0.483000	0.498032	-0.498032	0.565300	-0.565300
2.484000	0.484000	0.497132	-0.497132	0.564400	-0.564400
2.485000	0.485000	0.496232	-0.496232	0.563500	-0.563500
2.486000	0.486000	0.495332	-0.495332	0.562600	-0.562600
2.487000	0.487000	0.494432	-0.494432	0.561700	-0.561700
2.488000	0.488000	0.493532	-0.493532	0.560800	-0.560800
2.489000	0.489000	0.492632	-0.492632	0.559900	-0.559900
2.490000	0.490000	0.491732	-0.491732	0.559000	-0.559000
2.491000	0.491000	0.490832	-0.490832	0.558100	-0.558100
2.492000	0.492000	0.489932	-0.489932	0.557200	-0.557200
2.493000	0.493000	0.489032	-0.489032	0.556300	-0.556300
2.494000	0.494000	0.488132	-0.488132	0.555400	-0.555400
2.495000	0.495000	0.487232	-0.487232	0.554500	-0.554500
2.496000	0.496000	0.486332	-0.486332	0.553600	-0.553600
2.497000	0.497000	0.485432	-0.485432	0.552700	-0.552700
2.498000	0.498000	0.484532	-0.484532	0.551800	-0.551800
2.499000	0.499000	0.483632	-0.483632	0.550900	-0.550900
2.500000	0.500000	0.482732	-0.482732	0.550000	-0.550000
2.501000	0.501000	0.481832	-0.481832	0.549100	-0.549100
2.502000	0.502000	0.480932	-0.480932	0.548200	-0.548200
2.503000	0.503000	0.480032	-0.480032	0.547300	-0.547300
2.504000	0.504000	0.479132	-0.479132	0.546400	-0.546400
2.505000	0.505000	0.478232	-0.478232	0.545500	-0.545500
2.506000	0.506000	0.477332	-0.477332	0.544600	-0.544600
2.507000	0.507000	0.476432	-0.476432	0.543700	-0.543700
2.508000	0.508000	0.475532	-0.475532	0.542800	-0.542800
2.509000	0.509000	0.474632	-0.474632	0.541900	-0.541900
2.510000	0.510000	0.473732	-0.473732	0.541000	-0.541000
2.511000	0.511000	0.472832	-0.472832	0.540100	-0.540100
2.512000	0.512000	0.471932	-0.471932	0.539200	-0.539200
2.513000	0.513000	0.471032	-0.471032	0.538300	-0.538300
2.514000	0.514000	0.470132	-0.470132	0.537400	-0.537400
2.515000	0.515000	0.469232	-0.469232	0.536500	-0.536500
2.516000	0.516000	0.468332	-0.468332	0.535600	-0.535600
2.517000	0.517000	0.467432	-0.467432	0.534700	-0.534700
2.518000	0.518000	0.466532	-0.466532	0.533800	-0.533800
2.519000	0.519000	0.465632	-0.465632	0.532900	-0.532900
2.520000	0.520000	0.464732	-0.464732	0.532000	-0.532000
2.521000	0.521000	0.463832	-0.463832	0.531100	-0.531100
2.522000	0.522000	0.462932	-0.462932	0.530200	-0.530200
2.523000	0.523000	0.462032	-0.462032	0.529300	-0.529300
2.524000	0.524000	0.461132	-0.461132	0.528400	-0.528400
2.525000	0.525000	0.460232	-0.460232	0.527500	-0.527500
2.526000	0.526000	0.459332	-0.459332	0.526600	-0.526600
2.527000	0.527000	0.458432	-0.458432	0.525700	-0.525700
2.528000	0.528000	0.457532	-0.457532	0.524800	-0.524800
2.529000	0.529000	0.456632	-0.456632	0.523900	-0.523900
2.530000	0.530000	0.455732	-0.455732	0.523000	-0.523000
2.531000	0.531000	0.454832	-0.454832	0.522100	-0.522100
2.532000	0.532000	0.453932	-0.453932	0.521200	-0.521200
2.533000	0.533000	0.453032	-0.453032	0.520300	-0.520300
2.534000	0.534000	0.452132	-0.452132	0.519400	-0.519400
2.535000	0.535000	0.451232	-0.451232	0.518500	-0.518500
2.536000	0.536000	0.450332	-0.450332	0.517600	-0.517600
2.537000	0.537000	0.449432	-0.449432	0.516700	-0.516700
2.538000	0.538000	0.448532	-0.448532	0.515800	-0.515800
2.539000	0.539000	0.447632	-0.447632	0.514900	-0.514900
2.540000	0.540000	0.446732	-0.446732	0.514000	-0.514000
2.541000	0.541000	0.445832	-0.445832	0.513100	-0.513100
2.542000	0.542000	0.444932	-0.444932	0.512200	-0.512200
2.543000	0.543000	0.444032	-0.444032	0.511300	-0.511300
2.544000	0.544000	0.443132	-0.443132	0.510400	-0.510400
2.545000	0.545000	0.442232	-0.442232	0.509500	-0.509500
2.546000	0.546000	0.441332	-0.441332	0.508600	-0.508600
2.547000	0.547000	0.440432	-0.440432	0.507700	-0.507700
2.548000	0.548000	0.439532	-0.439532	0.506800	-0.506800
2.549000	0.549000	0.438632	-0.438632	0.505900	-0.505900
2.550000	0.550000	0.437732	-0.437732	0.505000	-0.505000
2.551000	0.551000	0.436832	-0.436832	0.504100	-0.504100
2.552000	0.552000	0.435932	-0.435932	0.503200	-0.503200
2.553000	0.553000	0.435032	-0.435032	0.502300	-0.502300
2.554000	0.554000	0.434132	-0.434132	0.501400	-0.501400
2.555000	0.555000	0.433232	-0.433232	0.500500	-0.500500
2.556000	0.556000	0.432332	-0.432332	0.499600	-0.499600
2.557000	0.557000	0.431432	-0.431432	0.498700	-0.498700
2.558000	0.558000	0.430532	-0.430532	0.497800	-0.497800
2.559000	0.559000	0.429632	-0.429632	0.496900	-0.496900
2.560000	0.560000	0.428732	-0.428732	0.496000	-0.496000
2.561000	0.561000	0.427832	-0.427832	0.495100	-0.495100
2.562000	0.562000	0.426932	-0.426932	0.494200	-0.494200
2.563000	0.563000	0.426032	-0.426032	0.493300	-0.493300
2.564000	0.564000	0.425132	-0.425132	0.492400	-0.492400
2.565000	0.565000	0.424232	-0.424232	0.491500	-0.491500
2.566000	0.566000	0.423332	-0.423332	0.490600	-0.490600
2.567000	0.567000	0.422432	-0.422432	0.489700	-0.489700
2.568000	0.568000	0.421532	-0.421532	0.488800	-0.488800
2.569000	0.569000	0.420632	-0.420632	0.487900	-0.487900
2.570000	0.570000	0.419732	-0.419732	0.487000	-0.487000
2.571000	0.571000	0.418832	-0.418832	0.486100	-0.486100
2.572000	0.572000	0.417932	-0.417932	0.485200	-0.485200
2.573000	0.573000	0.417032	-0.417032	0.484300	-0.484300
2.574000	0.574000	0.416132	-0.416132	0.483400	-0.483400
2.575000	0.575000	0.415232	-0.415232	0.482500	-0.482500
2.576000	0.576000	0.414332	-0.414332	0.481600	-0.481600
2.577000	0.577000	0.413432	-0.413432	0.480700	-0.480700
2.578000	0.578000	0.412532	-0.412532	0.479800	-0.479800
2.579000	0.579000	0.411632	-0.411632	0.478900	-0.478900
2.580000	0.580000	0.410732	-0.410732	0.478000	-0.478000
2.581000	0.581000	0.409832	-0.409832	0.477100	-0.477100
2.582000	0.582000	0.408932	-0.408932	0.476200	-0.476200
2.583000	0.583000	0.408032	-0.408032	0.475300	-0.475300
2.584000	0.584000	0.407132	-0.407132	0.474400	-0.474400
2.585000	0.585000	0.406232	-0.406232	0.473500	-0.473500
2.586000	0.586000	0.405332	-0.405332	0.472600	-0.472600
2.587000	0.587000	0.404432	-0.404432	0.471700	-0.471700
2.588000	0.588000	0.403532	-0.403532	0.470800	-0.470800
2.589000	0.589000	0.402632	-0.402632	0.469900	-0.469900
2.590000	0.590000	0.401732	-0.401732	0.469000	-0.469000
2.591000	0.591000	0.400832	-0.400832	0.468100	-0.468100
2.592000	0.592000	0.399932	-0.399932	0.467200	-0.467200
2.593000	0.593000	0.399032	-0.399032	0.466300	-0.466300
2.594000	0.594000	0.398132	-0.398132	0.465400	-0.465400
2.595000	0.595000	0.397232	-0.397232	0.464500	-0.464500
2.596000	0.596000	0.396332	-0.396332	0.463600	-0.463600
2.597000	0.597000	0.395432	-0.395432	0.462700	-0.462700
2.598000	0.598000	0.394532	-0.394532	0.461800	-0.461800
2.599000	0.599000	0.393632	-0.393632	0.460900	-0.460900
2.600000	0.600000	0.392732	-0.392732	0.460000	-0.460000
2.601000	0.601000	0.391832	-0.391832	0.459100	-0.459100
2.602000	0.602000	0.390932	-0.390932	0.458200	-0.458200
2.603000	0.603000	0.390032	-0.390032	0.457300	-0.457300
2.604000	0.604000	0.389132	-0.389132	0.456400	-0.456400
2.605000	0.605000	0.388232	-0.388232	0.455500	-0.455500
2.606000	0.606000	0.387332	-0.387332	0.454600	-0.454600
2.607000	0.607000	0.386432	-0.386432	0.453700	-0.453700
2.608000	0.608000	0.385532	-0.385532	0.452800	-0.452800
2.609000	0.609000	0.384632	-0.384632	0.451900	-0.451900
2.610000	0.610000	0.383732	-0.383732	0.451000	-0.451000
2.611000	0.611000	0.382832	-0.382832	0.450100	-0.450100
2.612000	0.612000	0.381932	-0.381932	0.449200	-0.449200
2.613000	0.613000	0.381032	-0.381032	0.448300	-0.448300
2.614000	0.614000	0.380132	-0.380132	0.447400	-0.447400
2.615000	0.615000	0.379232	-0.379232	0.446500	-0.446500
2.616000	0.616000	0.378332	-0.378332	0.445600	-0.445600
2.617000	0.617000	0.377432	-0.377432	0.444700	-0.444700
2.618000	0.618000	0.376532	-0.376532	0.443800	-0.443800
2.619000	0.619000	0.375632	-0.375632	0.442900	-0.442900
2.620000	0.620000	0.374732	-0.374732	0.442000	-0.442000
2.621000	0.621000	0.373832	-0.373832	0.441100	-0.441100
2.622000	0.622000	0.372932	-0.372932	0.440200	-0.440200
2.623000	0.623000	0.372032	-0.372032	0.439300	-0.439300
2.624000	0.624000	0.371132	-0.371132	0.438400	-0.438400
2.625000	0.625000	0.370232	-0.370232	0.437500	-0.437500
2.626000	0.626000	0.369332	-0.369332	0.436600	-0.436600
2.627000	0.627000	0.368432	-0.368432	0.435700	-0.435700
2.628000	0.628000	0.367532	-0.367532	0.434800	-0.434800
2.629000	0.629000	0.366632	-0.366632	0.433900	-0.433900
2.630000	0.630000	0.365732	-0.365732	0.433000	-0.433000
2.631000	0.631000	0.364832	-0.364832	0.432100	-0.432100
2.632000	0.632000	0.363932	-0.363932	0.431200	-0.431200
2.633000	0.633000	0.363032	-0.363032	0.430300	-0.430300
2.634000	0.634000	0.362132	-0.362132	0.429400	-0.429400
2.635000	0.635000	0.361232	-0.361232	0.428500	-0.428500
2.636000	0.636000	0.360332	-0.360332	0.427600	-0.427600
2.637000	0.637000	0.359432	-0.359432	0.426700	-0.426700
2.638000	0.638000	0.358532	-0.358532	0.425800	-0.425800
2.639000	0.639000	0.357632	-0.357632	0.424900	-0.424900
2.640000	0.640000	0.356732	-0.356732	0.424000	-0.424000
2.641000	0.641000	0.355832	-0.355832	0.423100	-0.423100
2.642000	0.642000	0.354932	-0.354932	0.422200	-0.422200
2.643000	0.643000	0.354032	-0.354032	0.421300	-0.421300
2.644000	0.644000	0.353132	-0.353132	0.420400	-0.420400
2.645000	0.645000	0.352232	-0.352232	0.419500	-0.419500
2.646000	0.646000	0.351332	-0.351332	0.418600	-0.418600
2.647000	0.647000	0.350432	-0.350432	0.417700	-0.417700
2.648000	0.648000	0.349532	-0.349532	0.416800	-0.416800
2.649000	0.649000	0.348632	-0.348632	0.415900	-0.415900
2.650000	0.650000	0.347732	-0.347732	0.415000	-0.415000
2.651000	0.651000	0.346832	-0.346832	0.414100	-0.414100
2.652000	0.652000	0.345932	-0.345932	0.413200	-0.413200
2.653000	0.653000	0.345032	-0.345032	0.412300	-0.412300
2.654000	0.654000	0.344132	-0.344132	0.411400	-0.411400
2.655000	0.655000	0.343232	-0.343232	0.410500	-0.410500
2.656000	0.656000	0.342332	-0.342332	0.409600	-0.409600
2.657000	0.657000	0.341432	-0.341432	0.408700	-0.408700
2.658000	0.658000	0.340532	-0.340532	0.407800	-0.407800
2.659000	0.659000	0.339632	-0.339632	0.406900	-0.406900
2.660000	0.660000	0.338732	-0.338732	0.406000	-0.406000
2.661000	0.661000	0.337832	-0.337832	0.405100	-0.405100
2.662000	0.662000	0.336932	-0.336932	0.404200	-0.404200
2.663000	0.663000	0.336032	-0.336032	0.403300	-0.403300
2.664000	0.664000	0.335132	-0.335132	0.402400	-0.402400
2.665000	0.665000	0.334232	-0.334232	0.401500	-0.401500
2.666000	0.666000	0.333332	-0.333332	0.400600	-0.400600
2.667000	0.667000	0.332432	-0.332432	0.399700	-0.399700
2.668000	0.668000	0.331532	-0.331532	0.398800	-0.398800
2.669000	0.669000	0.330632	-0.330632	0.397900	-0.397900
2.670000	0.670000	0.329732	-0.329732	0.397000	-0.397000
2.671000	0.671000	0.328832	-0.328832	0.396100	-0.396100
2.672000	0.672000	0.327932	-0.327932	0.395200	-0.395200
2.673000	0.673000	0.327032	-0.327032	0.394300	-0.394300
2.674000	0.674000	0.326132	-0.326132	0.393400	-0.393400
2.675000	0.675000	0.325232	-0.325232	0.392500	-0.392500
2.676000	0.676000	0.324332	-0.324332	0.391600	-0.391600
2.677000	0.677000	0.323432	-0.323432	0.390700	-0.390700
2.678000	0.678000	0.322532	-0.322532	0.389800	-0.389800
2.679000	0.679000	0.321632	-0.321632	0.388900	-0.388900
2.680000	0.680000	0.320732	-0.320732	0.388000	-0.388000
2.681000	0.681000	0.319832	-0.319832	0.387100	-0.387100
2.682000	0.682000	0.318932	-0.318932	0.386200	-0.386200
2.683000	0.683000	0.318032	-0.318032	0.385300	-0.385300
2.684000	0.684000	0.317132	-0.317132	0.384400	-0.384400
2.685000	0.685000	0.316232	-0.316232	0.383500	-0.383500
2.686000	0.686000	0.315332	-0.315332	0.382600	-0.382600
2.687000	0.687000	0.314432	-0.314432	0.381700	-0.381700
2.688000	0.688000	0.313532	-0.313532	0.380800	-0.380800
2.689000	0.689000	0.312632	-0.312632	0.379900	-0.379900
2.690000	0.690000	0.311732	-0.311732	0.379000	-0.379000
2.691000	0.691000	0.310832	-0.310832	0.378100	-0.378100
2.692000	0.692000	0.309932	-0.309932	0.377200	-0.377200
2.693000	0.693000	0.309032	-0.309032	0.376300	-0.376300
2.694000	0.694000	0.308132	-0.308132	0.375400	-0.375400
2.695000	0.695000	0.307232	-0.307232	0.374500	-0.374500
2.696000	0.696000	0.306332	-0.306332	0.373600	-0.373600
2.697000	0.697000	0.305432	-0.305432	0.372700	-0.372700
2.698000	0.698000	0.304532	-0.304532	0.371800	-0.371800
2.699000	0.699000	0.303632	-0.303632	0.370900	-0.370900
2.700000	0.700000	0.302732	-0.302732	0.370000	-0.370000
2.701000	0.701000	0.301832	-0.301832	0.369100	-0.369100
2.702000	0.702000	0.300932	-0.300932	0.368200	-0.368200
2.703000	0.703000	0.300032	-0.300032	0.367300	-0.367300
2.704000	0.704000	0.299132	-0.299132	0.366400	-0.366400
2.705000	0.705000	0.298232	-0.298232	0.365500	-0.365500
2.706000	0.706000	0.297332	-0.297332	0.364600	-0.364600
2.707000	0.707000	0.296432	-0.296432	0.363700	-0.363700
2.708000	0.708000	0.295532	-0.295532	0.362800	-0.362800
2.709000	0.709000	0.294632	-0.294632	0.361900	-0.361900
2.710000	0.710000	0.293732	-0.293732	0.361000	-0.361000
2.711000	0.711000	0.292832	-0.292832	0.360100	-0.360100
2.712000	0.712000	0.291932	-0.291932	0.359200	-0.359200
2.713000	0.713000	0.291032	-0.291032	0.358300	-0.358300
2.714000	0.714000	0.290132	-0.290132	0.357400	-0.357400
2.715000	0.715000	0.289232	-0.289232	0.356500	-0.356500
2.716000	0.716000	0.288332	-0.288332	0.355600	-0.355600
2.717000	0.717000	0.287432	-0.287432	0.354700	-0.354700
2.718000	0.718000	0.286532	-0.286532	0.353800	-0.353800
2.719000	0.719000	0.285632	-0.285632	0.352900	-0.352900
2.720000	0.720000	0.284732	-0.284732	0.352000	-0.352000
2.721000	0.721000	0.283832	-0.283832	0.351100	-0.351100
2.722000	0.722000	0.282932	-0.282932	0.350200	-0.350200
2.723000	0.723000	0.282032	-0.282032	0.349300	-0.349300
2.724000	0.724000	0.281132	-0.281132	0.348400	-0.348400
2.725000	0.725000	0.280232	-0.280232	0.347500	-0.347500
2.726000	0.726000	0.279332	-0.279332	0.346600	-0.346600
2.727000	0.727000	0.278432	-0.278432	0.345700	-0.345700
2.728000	0.728000	0.277532	-0.277532	0.344800	-0.344800
2.729000	0.729000	0.276632	-0.276632	0.343900	-0.343900
2.730000	0.730000	0.275732	-0.275732	0.343000	-0.343000
2.731000	0.731000	0.274832	-0.274832	0.342100	-0.342100
2.732000	0.732000	0.273932	-0.273932	0.341200	-0.341200
2.733000	0.733000	0.273032	-0.273032	0.340300	-0.340300
2.734000	0.734000	0.272132	-0.272132	0.339400	-0.339400
2.735000	0.735000	0.271232	-0.271232	0.338500	-0.338500
2.736000	0.736000	0.270332	-0.270332	0.337600	-0.337600
2.737000	0.737000	0.269432	-0.269432	0.336700	-0.336700
2.738000	0.738000	0.268532	-0.268532	0.335800	-0.335800
2.739000	0.739000	0.267632	-0.267632	0.334900	-0.334900
2.740000	0.740000	0.266732	-0.266732	0.334000	-0.334000
2.741000	0.741000	0.265832	-0.265832	0.333100	-0.333100
2.742000	0.742000	0.264932	-0.264932	0.332200	-0.332200
2.743000	0.743000	0.264032	-0.264032	0.331300	-0.331300
2.744000	0.744000	0.263132	-0.263132	0.330400	-0.330400
2.745000	0.745000	0.262232	-0.262232	0.329500	-0.329500
2.746000	0.746000	0.261332	-0.261332	0.328600	-0.328600
2.747000	0.747000	0.260432	-0.260432	0.327700	-0.327700
2.748000	0.748000	0.259532	-0.259532	0.326800	-0.326800
2.749000	0.749000	0.258632	-0.258632	0.325900	-0.325900
2.750000	0.750000	0.257732	-0.257732	0.325000	-0.325000
2.751000	0.751000	0.256832	-0.256832	0.324100	-0.324100
2.752000	0.752000	0.255932	-0.255932	0.323200	-0.323200
2.753000	0.753000	0.255032	-0.255032	0.322300	-0.322300
2.754000	0.754000	0.254132	-0.254132	0.321400	-0.321400
2.755000	0.755000	0.253232	-0.253232	0.320500	-0.320500
2.756000	0.756000	0.252332	-0.252332	0.319600	-0.319600
2.757000	0.757000	0.251432	-0.251432	0.318700	-0.318700
2.758000	0.758000	0.250532	-0.250532	0.317800	-0.317800
2.759000	0.759000	0.249632	-0.249632	0.316900	-0.316900
2.760000	0.760000	0.248732	-0.248732	0.316000	-0.316000
2.761000	0.761000	0.247832	-0.247832	0.315100	-0.315100
2.762000	0.762000	0.246932	-0.246932	0.314200	-0.314200
2.763000	0.763000	0.246032	-0.246032	0.313300	-0.313300
2.764000	0.764000	0.245132	-0.245132	0.312400	-0.312400
2.765000	0.765000	0.244232	-0.244232	0.311500	-0.311500
2.766000	0.766000	0.243332	-0.243332	0.310600	-0.310600
2.767000	0.767000	0.242432	-0.242432	0.309700	-0.309700
2.768000	0.768000	0.241532	-0.241532	0.308800	-0.308800
2.769000	0.769000	0.240632	-0.240632	0.307900	-0.307900
2.770000	0.770000	0.239732	-0.239732	0.307000	-0.307000
2.771000	0.771000	0.238832	-0.238832	0.306100	-0.306100
2.772000	0.772000	0.237932	-0.237932	0.305200	-0.305200
2.773000	0.773000	0.237032	-0.237032	0.304300	-0.304300
2.774000	0.774000	0.236132	-0.236132	0.303400	-0.303400
2.775000	0.775000	0.235232	-0.235232	0.302500	-0.302500
2.776000	0.776000	0.234332	-0.234332	0.301600	-0.301600
2.777000	0.777000	0.233432	-0.233432	0.300700	-0.300700
2.778000	0.778000	0.232532	-0.232532	0.299800	-0.299800
2.779000	0.779000	0.231632	-0.231632	0.298900	-0.298900
2.780000	0.780000	0.230732	-0.230732	0.298000	-0.298000
2.781000	0.781000	0.229832	-0.229832	0.297100	-0.297100
2.782000	0.782000	0.228932	-0.228932	0.296200	-0.296200
2.783000	0.783000	0.228032	-0.228032	0.295300	-0.295300
2.784000	0.784000	0.227132	-0.227132	0.294400	-0.294400
2.785000	0.785000	0.226232	-0.226232	0.293500	-0.293500
2.786000	0.786000	0.225332	-0.225332	0.292600	-0.292600
2.787000	0.787000	0.224432	-0.224432	0.291700	-0.291700
2.788000	0.788000	0.223532	-0.223532	0.290800	-0.290800
2.789000	0.789000	0.222632	-0.222632	0.289900	-0.289900
2.790000	0.790000	0.221732	-0.221732	0.289000	-0.289000
2.791000	0.791000	0.220832	-0.220832	0.288100	-0.288100
2.792000	0.792000	0.219932	-0.219932	0.287200	-0.287200
2.793000	0.793000	0.219032	-0.219032	0.286300	-0.286300
2.794000	0.794000	0.218132	-0.218132	0.285400	-0.285400
2.795000	0.795000	0.217232	-0.217232	0.284500	-0.284500
2.796000	0.796000	0.216332	-0.216332	0.283600	-0.283600
2.797000	0.797000	0.215432	-0.215432	0.282700	-0.282700
2.798000	0.798000	0.214532	-0.214532	0.281800	-0.281800
2.799000	0.799000	0.213632	-0.213632	0.280900	-0.280900
2.800000	0.800000	0.212732	-0.212732	0.280000	-0.280000
2.801000	0.801000	0.211832	-0.211832	0.279100	-0.279100
2.802000	0.802000	0.210932	-0.210932	0.278200	-0.278200
2.803000	0.803000	0.210032	-0.210032	0.277300	-0.277300
2.804000	0.804000	0.209132	-0.209132	0.276400	-0.276400
2.805000	0.805000	0.208232	-0.208232	0.275500	-0.275500
2.806000	0.806000	0.207332	-0.207332	0.274600	-0.274600
2.807000	0.807000	0.206432	-0.206432	0.273700	-0.273700
2.808000	0.808000	0.205532	-0.205532	0.272800	-0.272800
2.809000	0.809000	0.204632	-0.204632	0.271900	-0.271900
2.810000	0.810000	0.203732	-0.203732	0.271000	-0.271000
2.811000	0.811000	0.202832	-0.202832	0.270100	-0.270100
2.812000	0.812000	0.201932	-0.201932	0.269200	-0.269200
2.813000	0.813000	0.201032	-0.201032	0.268300	-0.268300
2.814000	0.814000	0.200132	-0.200132	0.267400	-0.267400
2.815000	0.815000	0.199232	-0.199232	0.266500	-0.266500
2.816000	0.816000	0.198332	-0.198332	0.265600	-0.265600
2.817000	0.817000	0.197432	-0.197432	0.264700	-0.264700
2.818000	0.818000	0.196532	-0.196532	0.263800	-0.263800
2.819000	0.819000	0.195632	-0.195632	0.262900	-0.262900
2.820000	0.820000	0.194732	-0.194732	0.262000	-0.262000
2.821000	0.821000	0.193832	-0.193832	0.261100	-0.261100
2.822000	0.822000	0.192932	-0.192932	0.260200	-0.260200
2.823000	0.823000	0.192032	-0.192032	0.259300	-0.259300
2.824000	0.824000	0.191132	-0.191132	0.258400	-0.258400
2.825000	0.825000	0.190232	-0.190232	0.257500	-0.257500
2.826000	0.826000	0.189332	-0.189332	0.256600	-0.256600
2.827000	0.827000	0.188432	-0.188432	0.255700	-0.255700
2.828000	0.828000	0.187532	-0.187532	0.254800	-0.254800
2.829000	0.829000	0.186632	-0.186632	0.253900	-0.253900
2.830000	0.830000	0.185732	-0.185732	0.253000	-0.253000
2.831000	0.831000	0.184832	-0.184832	0.252100	-0.252100
2.832000	0.832000	0.183932	-0.183932	0.251200	-0.251200
2.833000	0.833000	0.183032	-0.183032	0.250300	-0.250300
2.834000	0.834000	0.182132	-0.182132	0.249400	-0.249400
2.835000	0.835000	0.181232	-0.181232	0.248500	-0.248500
2.836000	0.836000	0.180332	-0.180332	0.247600	-0.247600
2.837000	0.837000	0.179432	-0.179432	0.246700	-0.246700
2.838000	0.838000	0.178532	-0.178532	0.245800	-0.245800
2.839000	0.839000	0.177632	-0.177632	0.244900	-0.244900
2.840000	0.840000	0.176732	-0.176732	0.244000	-0.244000
2.841000	0.841000	0.175832	-0.175832	0.243100	-0.243100
2.842000	0.842000	0.174932	-0.174932	0.242200	-0.242200
2.843000	0.843000	0.174032	-0.174032	0.241300	-0.241300
2.844000	0.844000	0.173132	-0.173132	0.240400	-0.240400
2.845000	0.845000	0.172232	-0.172232	0.239500	-0.239500
2.846000	0.846000	0.171332	-0.171332	0.238600	-0.238600
2.847000	0.847000	0.170432	-0.170432	0.237700	-0.237700
2.848000	0.848000	0.169532	-0.169532	0.236800	-0.236800
2.849000	0.849000	0.168632	-0.168632	0.235900	-0.235900
2.850000	0.850000	0.167732	-0.167732	0.235000	-0.235000
2.851000	0.851000	0.166832	-0.166832	0.234100	-0.234100
2.852000	0.852000	0.165932	-0.165932	0.233200	-0.233200
2.853000	0.853000	0.165032	-0.165032	0.232300	-0.232300
2.854000	0.854000	0.164132	-0.164132	0.231400	-0.231400
2.855000	0.855000	0.163232	-0.163232	0.230500	-0.230500
2.856000	0.856000	0.162332	-0.162332	0.229600	-0.229600
2.857000	0.857000	0.161432	-0.161432	0.228700	-0.228700
2.858000	0.858000	0.160532	-0.160532	0.227800	-0.227800
2.859000	0.859000	0.159632	-0.159632	0.226900	-0.226900
2.860000	0.860000	0.158732	-0.158732	0.226000	-0.226000
2.861000	0.861000	0.157832	-0.157832	0.225100	-0.225100
2.862000	0.862000	0.156932	-0.156932	0.224200	-0.224200
2.863000	0.863000	0.156032	-0.156032	0.223300	-0.223300
2.864000	0.864000	0.155132	-0.155132	0.222400	-0.222400
2.865000	0.865000	0.154232	-0.154232	0.221500	-0.221500
2.866000	0.866000	0.153332	-0.153332	0.220600	-0.220600
2.867000	0.867000	0.152432	-0.152432	0.219700	-0.219700
2.868000	0.868000	0.151532	-0.151532	0.218800	-0.218800
2.869000	0.869000	0.150632	-0.150632	0.217900	-0.217900
2.870000	0.870000	0.149732	-0.149732	0.217000	-0.217000
2.871000	0.871000	0.148832	-0.148832	0.216100	-0.216100
2.872000	0.872000	0.147932	-0.147932	0.215200	-0.215200
2.873000	0.873000	0.147032	-0.147032	0.214300	-0.214300
2.874000	0.874000	0.146132	-0.146132	0.213400	-0.213400
2.875000	0.875000	0.145232	-0.145232	0.212500	-0.212500
2.876000	0.876000	0.144332	-0.144332	0.211600	-0.211600
2.877000	0.877000	0.143432	-0.143432	0.210700	-0.210700
2.878000	0.878000	0.142532	-0.142532	0.209800	-0.209800
2.879000	0.879000	0.141632	-0.141632	0.208900	-0.208900
2.880000	0.880000	0.140732	-0.140732	0.208000	-0.208000
2.881000	0.881000	0.139832	-0.139832	0.207100	-0.207100
2.882000	0.882000	0.138932	-0.138932	0.206200	-0.206200
2.883000	0.883000	0.138032	-0.138032	0.205300	-0.205300
2.884000	0.884000	0.137132	-0.137132	0.204400	-0.204400
2.885000	0.885000	0.136232	-0.136232	0.203500	-0.203500
2.886000	0.886000	0.135332	-0.135332	0.202600	-0.202600
2.887000	0.887000	0.134432	-0.134432	0.201700	-0.201700
2.888000	0.888000	0.133532	-0.133532	0.200800	-0.200800
2.889000	0.889000	0.132632	-0.132632	0.199900	-0.199900
2.890000	0.890000	0.131732	-0.131732	0.199000	-0.199000
2.891000	0.891000	0.130832	-0.130832	0.198100	-0.198100
2.892000	0.892000	0.129932	-0.129932	0.197200	-0.197200
2.893000	0.893000	0.129032	-0.129032	0.196300	-0.196300
2.894000	0.894000	0.128132	-0.128132	0.195400	-0.195400
2.895000	0.895000	0.127232	-0.127232	0.194500	-0.194500
2.896000	0.896000	0.126332	-0.126332	0.193600	-0.193600
2.897000	0.897000	0.125432	-0.125432	0.192700	-0.192700
2.898000	0.898000	0.124532	-0.124532	0.191800	-0.191800
2.899000	0.899000	0.123632	-0.123632	0.190900	-0.190900
2.900000	0.900000	0.122732	-0.122732	0.190000	-0.190000
2.901000	0.901000	0.121832	-0.121832	0.189100	-0.189100
2.902000	0.902000	0.120932	-0.120932	0.188200	-0.188200
2.903000	0.903000	0.120032	-0.120032	0.187300	-0.187300
2.904000	0.904000	0.119132	-0.119132	0.186400	-0.186400
2.905000	0.905000	0.118232	-0.118232	0.185500	-0.185500
2.906000	0.906000	0.117332	-0.117332	0.184600	-0.184600
2.907000	0.907000	0.116432	-0.116432	0.183700	-0.183700
2.908000	0.908000	0.115532	-0.115532	0.182800	-0.182800
2.909000	0.909000	0.114632	-0.114632	0.181900	-0.181900
2.910000	0.910000	0.113732	-0.113732	0.181000	-0.181000
2.911000	0.911000	0.112832	-0.112832	0.180100	-0.180100
2.912000	0.912000	0.111932	-0.111932	0.179200	-0.179200
2.913000	0.913000	0.111032	-0.111032	0.178300	-0.178300
2.914000	0.914000	0.110132	-0.110132	0.177400	-0.177400
2.915000	0.915000	0.109232	-0.109232	0.176500	-0.176500
2.916000	0.916000	0.108332	-0.108332	0.175600	-0.175600
2.917000	0.917000	0.107432	-0.107432	0.174700	-0.174700
2.918000	0.918000	0.106532	-0.106532	0.173800	-0.173800
2.919000	0.919000	0.105632	-0.105632	0.172900	-0.172900
2.920000	0.920000	0.104732	-0.104732	0.172000	-0.172000
2.921000	0.921000	0.103832	-0.103832	0.171100	-0.171100
2.922000	0.922000	0.102932	-0.102932	0.170200	-0.170200
2.923000	0.923000	0.102032	-0.102032	0.169300	-0.169300
2.924000	0.924000	0.101132	-0.101132	0.168400	-0.168400
2.925000	0.925000	0.100232	-0.100232	0.167500	-0.167500
2.926000	0.926000	0.099332	-0.099332	0.166600	-0.166600
2.927000	0.927000	0.098432	-0.098432	0.165700	-0.165700
2.928000	0.928000	0.097532	-0.097532	0.164800	-0.164800
2.929000	0.929000	0.096632	-0.096632	0.163900	-0.163900
2.930000	0.930000	0.095732	-0.095732	0.163000	-0.163000
2.931000	0.931000	0.094832	-0.094832	0.162100	-0.162100
2.932000	0.932000	0.093932	-0.093932	0.161200	-0.161200
2.933000	0.933000	0.093032	-0.093032	0.160300	-0.160300
2.934000	0.934000	0.092132	-0.092132	0.159400	-0.159400
2.935000	0.935000	0.091232	-0.091232	0.158500	-0.158500
2.936000	0.936000	0.090332	-0.090332	0.157600	-0.157600
2.937000	0.937000	0.089432	-0.089432	0.156700	-0.156700
2.938000	0.938000	0.088532	-0.088532	0.155800	-0.155800
2.939000	0.939000	0.087632	-0.087632	0.154900	-0.154900
2.940000	0.940000	0.086732	-0.086732	0.154000	-0.154000
2.941000	0.941000	0.085832	-0.085832	0.153100	-0.153100
2.942000	0.942000	0.084932	-0.084932	0.152200	-0.152200
2.943000	0.943000	0.084032	-0.084032	0.151300	-0.151300
2.944000	0.944000	0.083132	-0.083132	0.150400	-0.150400
2.945000	0.945000	0.082232	-0.082232	0.149500	-0.149500
2.946000	0.946000	0.081332	-0.081332	0.148600	-0.148600
2.947000	0.947000	0.080432	-0.080432	0.147700	-0.147700
2.948000	0.948000	0.079532	-0.079532	0.146800	-0.146800
2.949000	0.949000	0.078632	-0.078632	0.145900	-0.145900
2.950000	0.950000	0.077732	-0.077732	0.145000	-0.145000
2.951000	0.951000	0.076832	-0.076832	0.144100	-0.144100
2.952000	0.952000	0.075932	-0.075932	0.143200	-0.143200
2.953000	0.953000	0.075032	-0.075032	0.142300	-0.142300
2.954000	0.954000	0.074132	-0.074132	0.141400	-0.141400
2.955000	0.955000	0.073232	-0.073232	0.140500	-0.140500
2.956000	0.956000	0.072332	-0.072332	0.139600	-0.139600
2.957000	0.957000	0.071432	-0.071432	0.138700	-0.138700
2.958000	0.958000	0.070532	-0.070532	0.137800	-0.137800
2.959000	0.959000	0.069632	-0.069632	0.136900	-0.136900
2.960000	0.960000	0.068732	-0.068732	0.136000	-0.136000
2.961000	0.961000	0.067832	-0.067832	0.135100	-0.135100
2.962000	0.962000	0.066932	-0.066932	0.134200	-0.134200
2.963000	0.963000	0.066032	-0.066032	0.133300	-0.133300
2.964000	0.964000	0.065132	-0.065132	0.132400	-0.132400
2.965000	0.965000	0.064232	-0.064232	0.131500	-0.131500
2.966000	0.966000	0.063332	-0.063332	0.130600	-0.130600
2.967000	0.967000	0.062437	-0.062437	0.129700	-0.129700
2.968000	0.968000	0.061581	-0.061581	0.128800	-0.128800
2.969000	0.969000	0.060770	-0.060770	0.127900	-0.127900
2.970000	0.970000	0.060000	-0.060000	0.127000	-0.127000
2.971000	0.971000	0.059269	-0.059269	0.126100	-0.126100
2.972000	0.972000	0.058575	-0.058575	0.125200	-0.125200
2.973000	0.973000	0.057917	-0.057917	0.124300	-0.124300
2.974000	0.974000	0.057292	-0.057292	0.123400	-0.123400
2.975000	0.975000	0.056699	-0.056699	0.122500	-0.122500
2.976000	0.976000	0.056137	-0.056137	0.121600	-0.121600
2.977000	0.977000	0.055604	-0.055604	0.120700	-0.120700
2.978000	0.978000	0.055100	-0.055100	0.119800	-0.119800
2.979000	0.979000	0.054624	-0.054624	0.118900	-0.118900
2.980000	0.980000	0.054174	-0.054174	0.118000	-0.118000
2.981000	0.981000	0.053751	-0.053751	0.117100	-0.117100
2.982000	0.982000	0.053352	-0.053352	0.116200	-0.116200
2.983000	0.983000	0.052979	-0.052979	0.115300	-0.115300
2.984000	0.984000	0.052629	-0.052629	0.114400	-0.114400
2.985000	0.985000	0.052303	-0.052303	0.113500	-0.113500
2.986000	0.986000	0.052000	-0.052000	0.112600	-0.112600
2.987000	0.987000	0.051720	-0.051720	0.111700	-0.111700
2.988000	0.988000	0.051461	-0.051461	0.110800	-0.110800
2.989000	0.989000	0.051225	-0.051225	0.109900	-0.109900
2.990000	0.990000	0.051010	-0.051010	0.109000	-0.109000
2.991000	0.991000	0.050817	-0.050817	0.108100	-0.108100
2.992000	0.992000	0.050644	-0.050644	0.107200	-0.107200
2.993000	0.993000	0.050492	-0.050492	0.106300	-0.106300
2.994000	0.994000	0.050361	-0.050361	0.105400	-0.105400
2.995000	0.995000	0.050251	-0.050251	0.104500	-0.104500
2.996000	0.996000	0.050160	-0.050160	0.103600	-0.103600
2.997000	0.997000	0.050090	-0.050090	0.102700	-0.102700
2.998000	0.998000	0.050040	-0.050040	0.101800	-0.101800
2.999000	0.999000	0.050010	-0.050010	0.100900	-0.100900
3.000000	0.000000	0.050000	-0.050000	1.000000	-1.000000
3.001000	0.001000	0.050010	-0.050010	0.999100	-0.999100
3.002000	0.002000	0.050040	-0.050040	0.998200	-0.998200
3.003000	0.003000	0.050090	-0.050090	0.997300	-0.997300
3.004000	0.004000	0.050160	-0.050160	0.996400	-0.996400
3.005000	0.005000	0.050251	-0.050251	0.995500	-0.995500
3.006000	0.006000	0.050361	-0.050361	0.994600	-0.994600
3.007000	0.007000	0.050492	-0.050492	0.993700	-0.993700
3.008000	0.008000	0.050644	-0.050644	0.992800	-0.992800
3.009000	0.009000	0.050817	-0.050817	0.991900	-0.991900
3.010000	0.010000	0.051010	-0.051010	0.991000	-0.991000
3.011000	0.011000	0.051225	-0.051225	0.990100	-0.990100
3.012000	0.012000	0.051461	-0.051461	0.989200	-0.989200
3.013000	0.013000	0.051720	-0.051720	0.988300	-0.988300
3.014000	0.014000	0.052000	-0.052000	0.987400	-0.987400
3.015000	0.015000	0.052303	-0.052303	0.986500	-0.986500
3.016000	0.016000	0.052629	-0.052629	0.985600	-0.985600
3.017000	0.017000	0.052979	-0.052979	0.984700	-0.984700
3.018000	0.018000	0.053352	-0.053352	0.983800	-0.983800
3.019000	0.019000	0.053751	-0.053751	0.982900	-0.982900
3.020000	0.020000	0.054174	-0.054174	0.982000	-0.982000
3.021000	0.021000	0.054624	-0.054624	0.981100	-0.981100
3.022000	0.022000	0.055100	-0.055100	0.980200	-0.980200
3.023000	0.023000	0.055604	-0.055604	0.979300	-0.979300
3.024000	0.024000	0.056137	-0.056137	0.978400	-0.978400
3.025000	0.025000	0.056699	-0.056699	0.977500	-0.977500
3.026000	0.026000	0.057292	-0.057292	0.976600	-0.976600
3.027000	0.027000	0.057917	-0.057917	0.975700	-0.975700
3.028000	0.028000	0.058575	-0.058575	0.974800	-0.974800
3.029000	0.029000	0.059269	-0.059269	0.973900	-0.973900
3.030000	0.030000	0.060000	-0.060000	0.973000	-0.973000
3.031000	0.031000	0.060770	-0.060770	0.972100	-0.972100
3.032000	0.032000	0.061581	-0.061581	0.971200	-0.971200
3.033000	0.033000	0.062437	-0.062437	0.970300	-0.970300
3.034000	0.034000	0.063339	-0.063339	0.969400	-0.969400
3.035000	0.035000	0.064293	-0.064293	0.968500	-0.968500
3.036000	0.036000	0.065301	-0.065301	0.967600	-0.967600
3.037000	0.037000	0.066370	-0.066370	0.966700	-0.966700
3.038000	0.038000	0.067504	-0.067504	0.965800	-0.965800
3.039000	0.039000	0.068711	-0.068711	0.964900	-0.964900
3.040000	0.040000	0.070000	-0.070000	0.964000	-0.964000
3.041000	0.041000	0.071382	-0.071382	0.963100	-0.963100
3.042000	0.042000	0.072871	-0.072871	0.962200	-0.962200
3.043000	0.043000	0.074485	-0.074485	0.961300	-0.961300
3.044000	0.044000	0.076251	-0.076251	0.960400	-0.960400
3.045000	0.045000	0.078206	-0.078206	0.959500	-0.959500
3.046000	0.046000	0.080404	-0.080404	0.958600	-0.958600
3.047000	0.047000	0.082941	-0.082941	0.957700	-0.957700
3.048000	0.048000	0.086000	-0.086000	0.956800	-0.956800
3.049000	0.049000	0.090050	-0.090050	0.955900	-0.955900
3.050000	0.050000	0.887732	-0.887732	0.955000	-0.955000
3.051000	0.051000	0.886832	-0.886832	0.954100	-0.954100
3.052000	0.052000	0.885932	-0.885932	0.953200	-0.953200
3.053000	0.053000	0.885032	-0.885032	0.952300	-0.952300
3.054000	0.054000	0.884132	-0.884132	0.951400	-0.951400
3.055000	0.055000	0.883232	-0.883232	0.950500	-0.950500
3.056000	0.056000	0.882332	-0.882332	0.949600	-0.949600
3.057000	0.057000	0.881432	-0.881432	0.948700	-0.948700
3.058000	0.058000	0.880532	-0.880532	0.947800	-0.947800
3.059000	0.059000	0.879632	-0.879632	0.946900	-0.946900
3.060000	0.060000	0.878732	-0.878732	0.946000	-0.946000
3.061000	0.061000	0.877832	-0.877832	0.945100	-0.945100
3.062000	0.062000	0.876932	-0.876932	0.944200	-0.944200
3.063000	0.063000	0.876032	-0.876032	0.943300	-0.943300
3.064000	0.064000	0.875132	-0.875132	0.942400	-0.942400
3.065000	0.065000	0.874232	-0.874232	0.941500	-0.941500
3.066000	0.066000	0.873332	-0.873332	0.940600	-0.940600
3.067000	0.067000	0.872432	-0.872432	0.939700	-0.939700
3.068000	0.068000	0.871532	-0.871532	0.938800	-0.938800
3.069000	0.069000	0.870632	-0.870632	0.937900	-0.937900
3.070000	0.070000	0.869732	-0.869732	0.937000	-0.937000
3.071000	0.071000	0.868832	-0.868832	0.936100	-0.936100
3.072000	0.072000	0.867932	-0.867932	0.935200	-0.935200
3.073000	0.073000	0.867032	-0.867032	0.934300	-0.934300
3.074000	0.074000	0.866132	-0.866132	0.933400	-0.933400
3.075000	0.075000	0.865232	-0.865232	0.932500	-0.932500
3.076000	0.076000	0.864332	-0.864332	0.931600	-0.931600
3.077000	0.077000	0.863432	-0.863432	0.930700	-0.930700
3.078000	0.078000	0.862532	-0.862532	0.929800	-0.929800
3.079000	0.079000	0.861632	-0.861632	0.928900	-0.928900
3.080000	0.080000	0.860732	-0.860732	0.928000	-0.928000
3.081000	0.081000	0.859832	-0.859832	0.927100	-0.927100
3.082000	0.082000	0.858932	-0.858932	0.926200	-0.926200
3.083000	0.083000	0.858032	-0.858032	0.925300	-0.925300
3.084000	0.084000	0.857132	-0.857132	0.924400	-0.924400
3.085000	0.085000	0.856232	-0.856232	0.923500	-0.923500
3.086000	0.086000	0.855332	-0.855332	0.922600	-0.922600
3.087000	0.087000	0.854432	-0.854432	0.921700	-0.921700
3.088000	0.088000	0.853532	-0.853532	0.920800	-0.920800
3.089000	0.089000	0.852632	-0.852632	0.919900	-0.919900
3.090000	0.090000	0.851732	-0.851732	0.919000	-0.919000
3.091000	0.091000	0.850832	-0.850832	0.918100	-0.918100
3.092000	0.092000	0.849932	-0.849932	0.917200	-0.917200
3.093000	0.093000	0.849032	-0.849032	0.916300	-0.916300
3.094000	0.094000	0.848132	-0.848132	0.915400	-0.915400
3.095000	0.095000	0.847232	-0.847232	0.914500	-0.914500
3.096000	0.096000	0.846332	-0.846332	0.913600	-0.913600
3.097000	0.097000	0.845432	-0.845432	0.912700	-0.912700
3.098000	0.098000	0.844532	-0.844532	0.911800	-0.911800
3.099000	0.099000	0.843632	-0.843632	0.910900	-0.910900
3.100000	0.100000	0.842732	-0.842732	0.910000	-0.910000
3.101000	0.101000	0.841832	-0.841832	0.909100	-0.909100
3.102000	0.102000	0.840932	-0.840932	0.908200	-0.908200
3.103000	0.103000	0.840032	-0.840032	0.907300	-0.907300
3.104000	0.104000	0.839132	-0.839132	0.906400	-0.906400
3.105000	0.105000	0.838232	-0.838232	0.905500	-0.905500
3.106000	0.106000	0.837332	-0.837332	0.904600	-0.904600
3.107000	0.107000	0.836432	-0.836432	0.903700	-0.903700
3.108000	0.108000	0.835532	-0.835532	0.902800	-0.902800
3.109000	0.109000	0.834632	-0.834632	0.901900	-0.901900
3.110000	0.110000	0.833732	-0.833732	0.901000	-0.901000
3.111000	0.111000	0.832832	-0.832832	0.900100	-0.900100
3.112000	0.112000	0.831932	-0.831932	0.899200	-0.899200
3.113000	0.113000	0.831032	-0.831032	0.898300	-0.898300
3.114000	0.114000	0.830132	-0.830132	0.897400	-0.897400
3.115000	0.115000	0.829232	-0.829232	0.896500	-0.896500
3.116000	0.116000	0.828332	-0.828332	0.895600	-0.895600
3.117000	0.117000	0.827432	-0.827432	0.894700	-0.894700
3.118000	0.118000	0.826532	-0.826532	0.893800	-0.893800
3.119000	0.119000	0.825632	-0.825632	0.892900	-0.892900
3.120000	0.120000	0.824732	-0.824732	0.892000	-0.892000
3.121000	0.121000	0.823832	-0.823832	0.891100	-0.891100
3.122000	0.122000	0.822932	-0.822932	0.890200	-0.890200
3.123000	0.123000	0.822032	-0.822032	0.889300	-0.889300
3.124000	0.124000	0.821132	-0.821132	0.888400	-0.888400
3.125000	0.125000	0.820232	-0.820232	0.887500	-0.887500
3.126000	0.126000	0.819332	-0.819332	0.886600	-0.886600
3.127000	0.127000	0.818432	-0.818432	0.885700	-0.885700
3.128000	0.128000	0.817532	-0.817532	0.884800	-0.884800
3.129000	0.129000	0.816632	-0.816632	0.883900	-0.883900
3.130000	0.130000	0.815732	-0.815732	0.883000	-0.883000
3.131000	0.131000	0.814832	-0.814832	0.882100	-0.882100
3.132000	0.132000	0.813932	-0.813932	0.881200	-0.881200
3.133000	0.133000	0.813032	-0.813032	0.880300	-0.880300
3.134000	0.134000	0.812132	-0.812132	0.879400	-0.879400
3.135000	0.135000	0.811232	-0.811232	0.878500	-0.878500
3.136000	0.136000	0.810332	-0.810332	0.877600	-0.877600
3.137000	0.137000	0.809432	-0.809432	0.876700	-0.876700
3.138000	0.138000	0.808532	-0.808532	0.875800	-0.875800
3.139000	0.139000	0.807632	-0.807632	0.874900	-0.874900
3.140000	0.140000	0.806732	-0.806732	0.874000	-0.874000
3.141000	0.141000	0.805832	-0.805832	0.873100	-0.873100
3.142000	0.142000	0.804932	-0.804932	0.872200	-0.872200
3.143000	0.143000	0.804032	-0.804032	0.871300	-0.871300
3.144000	0.144000	0.803132	-0.803132	0.870400	-0.870400
3.145000	0.145000	0.802232	-0.802232	0.869500	-0.869500
3.146000	0.146000	0.801332	-0.801332	0.868600	-0.868600
3.147000	0.147000	0.800432	-0.800432	0.867700	-0.867700
3.148000	0.148000	0.799532	-0.799532	0.866800	-0.866800
3.149000	0.149000	0.798632	-0.798632	0.865900	-0.865900
3.150000	0.150000	0.797732	-0.797732	0.865000	-0.865000
3.151000	0.151000	0.796832	-0.796832	0.864100	-0.864100
3.152000	0.152000	0.795932	-0.795932	0.863200	-0.863200
3.153000	0.153000	0.795032	-0.795032	0.862300	-0.862300
3.154000	0.154000	0.794132	-0.794132	0.861400	-0.861400
3.155000	0.155000	0.793232	-0.793232	0.860500	-0.860500
3.156000	0.156000	0.792332	-0.792332	0.859600	-0.859600
3.157000	0.157000	0.791432	-0.791432	0.858700	-0.858700
3.158000	0.158000	0.790532	-0.790532	0.857800	-0.857800
3.159000	0.159000	0.789632	-0.789632	0.856900	-0.856900
3.160000	0.160000	0.788732	-0.788732	0.856000	-0.856000
3.161000	0.161000	0.787832	-0.787832	0.855100	-0.855100
3.162000	0.162000	0.786932	-0.786932	0.854200	-0.854200
3.163000	0.163000	0.786032	-0.786032	0.853300	-0.853300
3.164000	0.164000	0.785132	-0.785132	0.852400	-0.852400
3.165000	0.165000	0.784232	-0.784232	0.851500	-0.851500
3.166000	0.166000	0.783332	-0.783332	0.850600	-0.850600
3.167000	0.167000	0.782432	-0.782432	0.849700	-0.849700
3.168000	0.168000	0.781532	-0.781532	0.848800	-0.848800
3.169000	0.169000	0.780632	-0.780632	0.847900	-0.847900
3.170000	0.170000	0.779732	-0.779732	0.847000	-0.847000
3.171000	0.171000	0.778832	-0.778832	0.846100	-0.846100
3.172000	0.172000	0.777932	-0.777932	0.845200	-0.845200
3.173000	0.173000	0.777032	-0.777032	0.844300	-0.844300
3.174000	0.174000	0.776132	-0.776132	0.843400	-0.843400
3.175000	0.175000	0.775232	-0.775232	0.842500	-0.842500
3.176000	0.176000	0.774332	-0.774332	0.841600	-0.841600
3.177000	0.177000	0.773432	-0.773432	0.840700	-0.840700
3.178000	0.178000	0.772532	-0.772532	0.839800	-0.839800
3.179000	0.179000	0.771632	-0.771632	0.838900	-0.838900
3.180000	0.180000	0.770732	-0.770732	0.838000	-0.838000
3.181000	0.181000	0.769832	-0.769832	0.837100	-0.837100
3.182000	0.182000	0.768932	-0.768932	0.836200	-0.836200
3.183000	0.183000	0.768032	-0.768032	0.835300	-0.835300
3.184000	0.184000	0.767132	-0.767132	0.834400	-0.834400
3.185000	0.185000	0.766232	-0.766232	0.833500	-0.833500
3.186000	0.186000	0.765332	-0.765332	0.832600	-0.832600
3.187000	0.187000	0.764432	-0.764432	0.831700	-0.831700
3.188000	0.188000	0.763532	-0.763532	0.830800	-0.830800
3.189000	0.189000	0.762632	-0.762632	0.829900	-0.829900
3.190000	0.190000	0.761732	-0.761732	0.829000	-0.829000
3.191000	0.191000	0.760832	-0.760832	0.828100	-0.828100
3.192000	0.192000	0.759932	-0.759932	0.827200	-0.827200
3.193000	0.193000	0.759032	-0.759032	0.826300	-0.826300
3.194000	0.194000	0.758132	-0.758132	0.825400	-0.825400
3.195000	0.195000	0.757232	-0.757232	0.824500	-0.824500
3.196000	0.196000	0.756332	-0.756332	0.823600	-0.823600
3.197000	0.197000	0.755432	-0.755432	0.822700	-0.822700
3.198000	0.198000	0.754532	-0.754532	0.821800	-0.821800
3.199000	0.199000	0.753632	-0.753632	0.820900	-0.820900
3.200000	0.200000	0.752732	-0.752732	0.820000	-0.820000
3.201000	0.201000	0.751832	-0.751832	0.819100	-0.819100
3.202000	0.202000	0.750932	-0.750932	0.818200	-0.818200
3.203000	0.203000	0.750032	-0.750032	0.817300	-0.817300
3.204000	0.204000	0.749132	-0.749132	0.816400	-0.816400
3.205000	0.205000	0.748232	-0.748232	0.815500	-0.815500
3.206000	0.206000	0.747332	-0.747332	0.814600	-0.814600
3.207000	0.207000	0.746432	-0.746432	0.813700	-0.813700
3.208000	0.208000	0.745532	-0.745532	0.812800	-0.812800
3.209000	0.209000	0.744632	-0.744632	0.811900	-0.811900
3.210000	0.210000	0.743732	-0.743732	0.811000	-0.811000
3.211000	0.211000	0.742832	-0.742832	0.810100	-0.810100
3.212000	0.212000	0.741932	-0.741932	0.809200	-0.809200
3.213000	0.213000	0.741032	-0.741032	0.808300	-0.808300
3.214000	0.214000	0.740132	-0.740132	0.807400	-0.807400
3.215000	0.215000	0.739232	-0.739232	0.806500	-0.806500
3.216000	0.216000	0.738332	-0.738332	0.805600	-0.805600
3.217000	0.217000	0.737432	-0.737432	0.804700	-0.804700
3.218000	0.218000	0.736532	-0.736532	0.803800	-0.803800
3.219000	0.219000	0.735632	-0.735632	0.802900	-0.802900
3.220000	0.220000	0.734732	-0.734732	0.802000	-0.802000
3.221000	0.221000	0.733832	-0.733832	0.801100	-0.801100
3.222000	0.222000	0.732932	-0.732932	0.800200	-0.800200
3.223000	0.223000	0.732032	-0.732032	0.799300	-0.799300
3.224000	0.224000	0.731132	-0.731132	0.798400	-0.798400
3.225000	0.225000	0.730232	-0.730232	0.797500	-0.797500
3.226000	0.226000	0.729332	-0.729332	0.796600	-0.796600
3.227000	0.227000	0.728432	-0.728432	0.795700	-0.795700
3.228000	0.228000	0.727532	-0.727532	0.794800	-0.794800
3.229000	0.229000	0.726632	-0.726632	0.793900	-0.793900
3.230000	0.230000	0.725732	-0.725732	0.793000	-0.793000
3.231000	0.231000	0.724832	-0.724832	0.792100	-0.792100
3.232000	0.232000	0.723932	-0.723932	0.791200	-0.791200
3.233000	0.233000	0.723032	-0.723032	0.790300	-0.790300
3.234000	0.234000	0.722132	-0.722132	0.789400	-0.789400
3.235000	0.235000	0.721232	-0.721232	0.788500	-0.788500
3.236000	0.236000	0.720332	-0.720332	0.787600	-0.787600
3.237000	0.237000	0.719432	-0.719432	0.786700	-0.786700
3.238000	0.238000	0.718532	-0.718532	0.785800	-0.785800
3.239000	0.239000	0.717632	-0.717632	0.784900	-0.784900
3.240000	0.240000	0.716732	-0.716732	0.784000	-0.784000
3.241000	0.241000	0.715832	-0.715832	0.783100	-0.783100
3.242000	0.242000	0.714932	-0.714932	0.782200	-0.782200
3.243000	0.243000	0.714032	-0.714032	0.781300	-0.781300
3.244000	0.244000	0.713132	-0.713132	0.780400	-0.780400
3.245000	0.245000	0.712232	-0.712232	0.779500	-0.779500
3.246000	0.246000	0.711332	-0.711332	0.778600	-0.778600
3.247000	0.247000	0.710432	-0.710432	0.777700	-0.777700
3.248000	0.248000	0.709532	-0.709532	0.776800	-0.776800
3.249000	0.249000	0.708632	-0.708632	0.775900	-0.775900
3.250000	0.250000	0.707732	-0.707732	0.775000	-0.775000
3.251000	0.251000	0.706832	-0.706832	0.774100	-0.774100
3.252000	0.252000	0.705932	-0.705932	0.773200	-0.773200
3.253000	0.253000	0.705032	-0.705032	0.772300	-0.772300
3.254000	0.254000	0.704132	-0.704132	0.771400	-0.771400
3.255000	0.255000	0.703232	-0.703232	0.770500	-0.770500
3.256000	0.256000	0.702332	-0.702332	0.769600	-0.769600
3.257000	0.257000	0.701432	-0.701432	0.768700	-0.768700
3.258000	0.258000	0.700532	-0.700532	0.767800	-0.767800
3.259000	0.259000	0.699632	-0.699632	0.766900	-0.766900
3.260000	0.260000	0.698732	-0.698732	0.766000	-0.766000
3.261000	0.261000	0.697832	-0.697832	0.765100	-0.765100
3.262000	0.262000	0.696932	-0.696932	0.764200	-0.764200
3.263000	0.263000	0.696032	-0.696032	0.763300	-0.763300
3.264000	0.264000	0.695132	-0.695132	0.762400	-0.762400
3.265000	0.265000	0.694232	-0.694232	0.761500	-0.761500
3.266000	0.266000	0.693332	-0.693332	0.760600	-0.760600
3.267000	0.267000	0.692432	-0.692432	0.759700	-0.759700
3.268000	0.268000	0.691532	-0.691532	0.758800	-0.758800
3.269000	0.269000	0.690632	-0.690632	0.757900	-0.757900
3.270000	0.270000	0.689732	-0.689732	0.757000	-0.757000
3.271000	0.271000	0.688832	-0.688832	0.756100	-0.756100
3.272000	0.272000	0.687932	-0.687932	0.755200	-0.755200
3.273000	0.273000	0.687032	-0.687032	0.754300	-0.754300
3.274000	0.274000	0.686132	-0.686132	0.753400	-0.753400
3.275000	0.275000	0.685232	-0.685232	0.752500	-0.752500
3.276000	0.276000	0.684332	-0.684332	0.751600	-0.751600
3.277000	0.277000	0.683432	-0.683432	0.750700	-0.750700
3.278000	0.278000	0.682532	-0.682532	0.749800	-0.749800
3.279000	0.279000	0.681632	-0.681632	0.748900	-0.748900
3.280000	0.280000	0.680732	-0.680732	0.748000	-0.748000
3.281000	0.281000	0.679832	-0.679832	0.747100	-0.747100
3.282000	0.282000	0.678932	-0.678932	0.746200	-0.746200
3.283000	0.283000	0.678032	-0.678032	0.745300	-0.745300
3.284000	0.284000	0.677132	-0.677132	0.744400	-0.744400
3.285000	0.285000	0.676232	-0.676232	0.743500	-0.743500
3.286000	0.286000	0.675332	-0.675332	0.742600	-0.742600
3.287000	0.287000	0.674432	-0.674432	0.741700	-0.741700
3.288000	0.288000	0.673532	-0.673532	0.740800	-0.740800
3.289000	0.289000	0.672632	-0.672632	0.739900	-0.739900
3.290000	0.290000	0.671732	-0.671732	0.739000	-0.739000
3.291000	0.291000	0.670832	-0.670832	0.738100	-0.738100
3.292000	0.292000	0.669932	-0.669932	0.737200	-0.737200
3.293000	0.293000	0.669032	-0.669032	0.736300	-0.736300
3.294000	0.294000	0.668132	-0.668132	0.735400	-0.735400
3.295000	0.295000	0.667232	-0.667232	0.734500	-0.734500
3.296000	0.296000	0.666332	-0.666332	0.733600	-0.733600
3.297000	0.297000	0.665432	-0.665432	0.732700	-0.732700
3.298000	0.298000	0.664532	-0.664532	0.731800	-0.731800
3.299000	0.299000	0.663632	-0.663632	0.730900	-0.730900
3.300000	0.300000	0.662732	-0.662732	0.730000	-0.730000
3.301000	0.301000	0.661832	-0.661832	0.729100	-0.729100
3.302000	0.302000	0.660932	-0.660932	0.728200	-0.728200
3.303000	0.303000	0.660032	-0.660032	0.727300	-0.727300
3.304000	0.304000	0.659132	-0.659132	0.726400	-0.726400
3.305000	0.305000	0.658232	-0.658232	0.725500	-0.725500
3.306000	0.306000	0.657332	-0.657332	0.724600	-0.724600
3.307000	0.307000	0.656432	-0.656432	0.723700	-0.723700
3.308000	0.308000	0.655532	-0.655532	0.722800	-0.722800
3.309000	0.309000	0.654632	-0.654632	0.721900	-0.721900
3.310000	0.310000	0.653732	-0.653732	0.721000	-0.721000
3.311000	0.311000	0.652832	-0.652832	0.720100	-0.720100
3.312000	0.312000	0.651932	-0.651932	0.719200	-0.719200
3.313000	0.313000	0.651032	-0.651032	0.718300	-0.718300
3.314000	0.314000	0.650132	-0.650132	0.717400	-0.717400
3.315000	0.315000	0.649232	-0.649232	0.716500	-0.716500
3.316000	0.316000	0.648332	-0.648332	0.715600	-0.715600
3.317000	0.317000	0.647432	-0.647432	0.714700	-0.714700
3.318000	0.318000	0.646532	-0.646532	0.713800	-0.713800
3.319000	0.319000	0.645632	-0.645632	0.712900	-0.712900
3.320000	0.320000	0.644732	-0.644732	0.712000	-0.712000
3.321000	0.321000	0.643832	-0.643832	0.711100	-0.711100
3.322000	0.322000	0.642932	-0.642932	0.710200	-0.710200
3.323000	0.323000	0.642032	-0.642032	0.709300	-0.709300
3.324000	0.324000	0.641132	-0.641132	0.708400	-0.708400
3.325000	0.325000	0.640232	-0.640232	0.707500	-0.707500
3.326000	0.326000	0.639332	-0.639332	0.706600	-0.706600
3.327000	0.327000	0.638432	-0.638432	0.705700	-0.705700
3.328000	0.328000	0.637532	-0.637532	0.704800	-0.704800
3.329000	0.329000	0.636632	-0.636632	0.703900	-0.703900
3.330000	0.330000	0.635732	-0.635732	0.703000	-0.703000
3.331000	0.331000	0.634832	-0.634832	0.702100	-0.702100
3.332000	0.332000	0.633932	-0.633932	0.701200	-0.701200
3.333000	0.333000	0.633032	-0.633032	0.700300	-0.700300
3.334000	0.334000	0.632132	-0.632132	0.699400	-0.699400
3.335000	0.335000	0.631232	-0.631232	0.698500	-0.698500
3.336000	0.336000	0.630332	-0.630332	0.697600	-0.697600
3.337000	0.337000	0.629432	-0.629432	0.696700	-0.696700
3.338000	0.338000	0.628532	-0.628532	0.695800	-0.695800
3.339000	0.339000	0.627632	-0.627632	0.694900	-0.694900
3.340000	0.340000	0.626732	-0.626732	0.694000	-0.694000
3.341000	0.341000	0.625832	-0.625832	0.693100	-0.693100
3.342000	0.342000	0.624932	-0.624932	0.692200	-0.692200
3.343000	0.343000	0.624032	-0.624032	0.691300	-0.691300
3.344000	0.344000	0.623132	-0.623132	0.690400	-0.690400
3.345000	0.345000	0.622232	-0.622232	0.689500	-0.689500
3.346000	0.346000	0.621332	-0.621332	0.688600	-0.688600
3.347000	0.347000	0.620432	-0.620432	0.687700	-0.687700
3.348000	0.348000	0.619532	-0.619532	0.686800	-0.686800
3.349000	0.349000	0.618632	-0.618632	0.685900	-0.685900
3.350000	0.350000	0.617732	-0.617732	0.685000	-0.685000
3.351000	0.351000	0.616832	-0.616832	0.684100	-0.684100
3.352000	0.352000	0.615932	-0.615932	0.683200	-0.683200
3.353000	0.353000	0.615032	-0.615032	0.682300	-0.682300
3.354000	0.354000	0.614132	-0.614132	0.681400	-0.681400
3.355000	0.355000	0.613232	-0.613232	0.680500	-0.680500
3.356000	0.356000	0.612332	-0.612332	0.679600	-0.679600
3.357000	0.357000	0.611432	-0.611432	0.678700	-0.678700
3.358000	0.358000	0.610532	-0.610532	0.677800	-0.677800
3.359000	0.359000	0.609632	-0.609632	0.676900	-0.676900
3.360000	0.360000	0.608732	-0.608732	0.676000	-0.676000
3.361000	0.361000	0.607832	-0.607832	0.675100	-0.675100
3.362000	0.362000	0.606932	-0.606932	0.674200	-0.674200
3.363000	0.363000	0.606032	-0.606032	0.673300	-0.673300
3.364000	0.364000	0.605132	-0.605132	0.672400	-0.672400
3.365000	0.365000	0.604232	-0.604232	0.671500	-0.671500
3.366000	0.366000	0.603332	-0.603332	0.670600	-0.670600
3.367000	0.367000	0.602432	-0.602432	0.669700	-0.669700
3.368000	0.368000	0.601532	-0.601532	0.668800	-0.668800
3.369000	0.369000	0.600632	-0.600632	0.667900	-0.667900
3.370000	0.370000	0.599732	-0.599732	0.667000	-0.667000
3.371000	0.371000	0.598832	-0.598832	0.666100	-0.666100
3.372000	0.372000	0.597932	-0.597932	0.665200	-0.665200
3.373000	0.373000	0.597032	-0.597032	0.664300	-0.664300
3.374000	0.374000	0.596132	-0.596132	0.663400	-0.663400
3.375000	0.375000	0.595232	-0.595232	0.662500	-0.662500
3.376000	0.376000	0.594332	-0.594332	0.661600	-0.661600
3.377000	0.377000	0.593432	-0.593432	0.660700	-0.660700
3.378000	0.378000	0.592532	-0.592532	0.659800	-0.659800
3.379000	0.379000	0.591632	-0.591632	0.658900	-0.658900
3.380000	0.380000	0.590732	-0.590732	0.658000	-0.658000
3.381000	0.381000	0.589832	-0.589832	0.657100	-0.657100
3.382000	0.382000	0.588932	-0.588932	0.656200	-0.656200
3.383000	0.383000	0.588032	-0.588032	0.655300	-0.655300
3.384000	0.384000	0.587132	-0.587132	0.654400	-0.654400
3.385000	0.385000	0.586232	-0.586232	0.653500	-0.653500
3.386000	0.386000	0.585332	-0.585332	0.652600	-0.652600
3.387000	0.387000	0.584432	-0.584432	0.651700	-0.651700
3.388000	0.388000	0.583532	-0.583532	0.650800	-0.650800
3.389000	0.389000	0.582632	-0.582632	0.649900	-0.649900
3.390000	0.390000	0.581732	-0.581732	0.649000	-0.649000
3.391000	0.391000	0.580832	-0.580832	0.648100	-0.648100
3.392000	0.392000	0.579932	-0.579932	0.647200	-0.647200
3.393000	0.393000	0.579032	-0.579032	0.646300	-0.646300
3.394000	0.394000	0.578132	-0.578132	0.645400	-0.645400
3.395000	0.395000	0.577232	-0.577232	0.644500	-0.644500
3.396000	0.396000	0.576332	-0.576332	0.643600	-0.643600
3.397000	0.397000	0.575432	-0.575432	0.642700	-0.642700
3.398000	0.398000	0.574532	-0.574532	0.641800	-0.641800
3.399000	0.399000	0.573632	-0.573632	0.640900	-0.640900
3.400000	0.400000	0.572732	-0.572732	0.640000	-0.640000
3.401000	0.401000	0.571832	-0.571832	0.639100	-0.639100
3.402000	0.402000	0.570932	-0.570932	0.638200	-0.638200
3.403000	0.403000	0.570032	-0.570032	0.637300	-0.637300
3.404000	0.404000	0.569132	-0.569132	0.636400	-0.636400
3.405000	0.405000	0.568232	-0.568232	0.635500	-0.635500
3.406000	0.406000	0.567332	-0.567332	0.634600	-0.634600
3.407000	0.407000	0.566432	-0.566432	0.633700	-0.633700
3.408000	0.408000	0.565532	-0.565532	0.632800	-0.632800
3.409000	0.409000	0.564632	-0.564632	0.631900	-0.631900
3.410000	0.410000	0.563732	-0.563732	0.631000	-0.631000
3.411000	0.411000	0.562832	-0.562832	0.630100	-0.630100
3.412000	0.412000	0.561932	-0.561932	0.629200	-0.629200
3.413000	0.413000	0.561032	-0.561032	0.628300	-0.628300
3.414000	0.414000	0.560132	-0.560132	0.627400	-0.627400
3.415000	0.415000	0.559232	-0.559232	0.626500	-0.626500
3.416000	0.416000	0.558332	-0.558332	0.625600	-0.625600
3.417000	0.417000	0.557432	-0.557432	0.624700	-0.624700
3.418000	0.418000	0.556532	-0.556532	0.623800	-0.623800
3.419000	0.419000	0.555632	-0.555632	0.622900	-0.622900
3.420000	0.420000	0.554732	-0.554732	0.622000	-0.622000
3.421000	0.421000	0.553832	-0.553832	0.621100	-0.621100
3.422000	0.422000	0.552932	-0.552932	0.620200	-0.620200
3.423000	0.423000	0.552032	-0.552032	0.619300	-0.619300
3.424000	0.424000	0.551132	-0.551132	0.618400	-0.618400
3.425000	0.425000	0.550232	-0.550232	0.617500	-0.617500
3.426000	0.426000	0.549332	-0.549332	0.616600	-0.616600
3.427000	0.427000	0.548432	-0.548432	0.615700	-0.615700
3.428000	0.428000	0.547532	-0.547532	0.614800	-0.614800
3.429000	0.429000	0.546632	-0.546632	0.613900	-0.613900
3.430000	0.430000	0.545732	-0.545732	0.613000	-0.613000
3.431000	0.431000	0.544832	-0.544832	0.612100	-0.612100
3.432000	0.432000	0.543932	-0.543932	0.611200	-0.611200
3.433000	0.433000	0.543032	-0.543032	0.610300	-0.610300
3.434000	0.434000	0.542132	-0.542132	0.609400	-0.609400
3.435000	0.435000	0.541232	-0.541232	0.608500	-0.608500
3.436000	0.436000	0.540332	-0.540332	0.607600	-0.607600
3.437000	0.437000	0.539432	-0.539432	0.606700	-0.606700
3.438000	0.438000	0.538532	-0.538532	0.605800	-0.605800
3.439000	0.439000	0.537632	-0.537632	0.604900	-0.604900
3.440000	0.440000	0.536732	-0.536732	0.604000	-0.604000
3.441000	0.441000	0.535832	-0.535832	0.603100	-0.603100
3.442000	0.442000	0.534932	-0.534932	0.602200	-0.602200
3.443000	0.443000	0.534032	-0.534032	0.601300	-0.601300
3.444000	0.444000	0.533132	-0.533132	0.600400	-0.600400
3.445000	0.445000	0.532232	-0.532232	0.599500	-0.599500
3.446000	0.446000	0.531332	-0.531332	0.598600	-0.598600
3.447000	0.447000	0.530432	-0.530432	0.597700	-0.597700
3.448000	0.448000	0.529532	-0.529532	0.596800	-0.596800
3.449000	0.449000	0.528632	-0.528632	0.595900	-0.595900
3.450000	0.450000	0.527732	-0.527732	0.595000	-0.595000
3.451000	0.451000	0.526832	-0.526832	0.594100	-0.594100
3.452000	0.452000	0.525932	-0.525932	0.593200	-0.593200
3.453000	0.453000	0.525032	-0.525032	0.592300	-0.592300
3.454000	0.454000	0.524132	-0.524132	0.591400	-0.591400
3.455000	0.455000	0.523232	-0.523232	0.590500	-0.590500
3.456000	0.456000	0.522332	-0.522332	0.589600	-0.589600
3.457000	0.457000	0.521432	-0.521432	0.588700	-0.588700
3.458000	0.458000	0.520532	-0.520532	0.587800	-0.587800
3.459000	0.459000	0.519632	-0.519632	0.586900	-0.586900
3.460000	0.460000	0.518732	-0.518732	0.586000	-0.586000
3.461000	0.461000	0.517832	-0.517832	0.585100	-0.585100
3.462000	0.462000	0.516932	-0.516932	0.584200	-0.584200
3.463000	0.463000	0.516032	-0.516032	0.583300	-0.583300
3.464000	0.464000	0.515132	-0.515132	0.582400	-0.582400
3.465000	0.465000	0.514232	-0.514232	0.581500	-0.581500
3.466000	0.466000	0.513332	-0.513332	0.580600	-0.580600
3.467000	0.467000	0.512432	-0.512432	0.579700	-0.579700
3.468000	0.468000	0.511532	-0.511532	0.578800	-0.578800
3.469000	0.469000	0.510632	-0.510632	0.577900	-0.577900
3.470000	0.470000	0.509732	-0.509732	0.577000	-0.577000
3.471000	0.471000	0.508832	-0.508832	0.576100	-0.576100
3.472000	0.472000	0.507932	-0.507932	0.575200	-0.575200
3.473000	0.473000	0.507032	-0.507032	0.574300	-0.574300
3.474000	0.474000	0.506132	-0.506132	0.573400	-0.573400
3.475000	0.475000	0.505232	-0.505232	0.572500	-0.572500
3.476000	0.476000	0.504332	-0.504332	0.571600	-0.571600
3.477000	0.477000	0.503432	-0.503432	0.570700	-0.570700
3.478000	0.478000	0.502532	-0.502532	0.569800	-0.569800
3.479000	0.479000	0.501632	-0.501632	0.568900	-0.568900
3.480000	0.480000	0.500732	-0.500732	0.568000	-0.568000
3.481000	0.481000	0.499832	-0.499832	0.567100	-0.567100
3.482000	0.482000	0.498932	-0.498932	0.566200	-0.566200
3.483000	0.483000	0.498032	-0.498032	0.565300	-0.565300
3.484000	0.484000	0.497132	-0.497132	0.564400	-0.564400
3.485000	0.485000	0.496232	-0.496232	0.563500	-0.563500
3.486000	0.486000	0.495332	-0.495332	0.562600	-0.562600
3.487000	0.487000	0.494432	-0.494432	0.561700	-0.561700
3.488000	0.488000	0.493532	-0.493532	0.560800	-0.560800
3.489000	0.489000	0.492632	-0.492632	0.559900	-0.559900
3.490000	0.490000	0.491732	-0.491732	0.559000	-0.559000
3.491000	0.491000	0.490832	-0.490832	0.558100	-0.558100
3.492000	0.492000	0.489932	-0.489932	0.557200	-0.557200
3.493000	0.493000	0.489032	-0.489032	0.556300	-0.556300
3.494000	0.494000	0.488132	-0.488132	0.555400	-0.555400
3.495000	0.495000	0.487232	-0.487232	0.554500	-0.554500
3.496000	0.496000	0.486332	-0.486332	0.553600	-0.553600
3.497000	0.497000	0.485432	-0.485432	0.552700	-0.552700
3.498000	0.498000	0.484532	-0.484532	0.551800	-0.551800
3.499000	0.499000	0.483632	-0.483632	0.550900	-0.550900
3.500000	0.500000	0.482732	-0.482732	0.550000	-0.550000
3.501000	0.501000	0.481832	-0.481832	0.549100	-0.549100
3.502000	0.502000	0.480932	-0.480932	0.548200	-0.548200
3.503000	0.503000	0.480032	-0.480032	0.547300	-0.547300
3.504000	0.504000	0.479132	-0.479132	0.546400	-0.546400
3.505000	0.505000	0.478232	-0.478232	0.545500	-0.545500
3.506000	0.506000	0.477332	-0.477332	0.544600	-0.544600
3.507000	0.507000	0.476432	-0.476432	0.543700	-0.543700
3.508000	0.508000	0.475532	-0.475532	0.542800	-0.542800
3.509000	0.509000	0.474632	-0.474632	0.541900	-0.541900
3.510000	0.510000	0.473732	-0.473732	0.541000	-0.541000
3.511000	0.511000	0.472832	-0.472832	0.540100	-0.540100
3.512000	0.512000	0.471932	-0.471932	0.539200	-0.539200
3.513000	0.513000	0.471032	-0.471032	0.538300	-0.538300
3.514000	0.514000	0.470132	-0.470132	0.537400	-0.537400
3.515000	0.515000	0.469232	-0.469232	0.536500	-0.536500
3.516000	0.516000	0.468332	-0.468332	0.535600	-0.535600
3.517000	0.517000	0.467432	-0.467432	0.534700	-0.534700
3.518000	0.518000	0.466532	-0.466532	0.533800	-0.533800
3.519000	0.519000	0.465632	-0.465632	0.532900	-0.532900
3.520000	0.520000	0.464732	-0.464732	0.532000	-0.532000
3.521000	0.521000	0.463832	-0.463832	0.531100	-0.531100
3.522000	0.522000	0.462932	-0.462932	0.530200	-0.530200
3.523000	0.523000	0.462032	-0.462032	0.529300	-0.529300
3.524000	0.524000	0.461132	-0.461132	0.528400	-0.528400
3.525000	0.525000	0.460232	-0.460232	0.527500	-0.527500
3.526000	0.526000	0.459332	-0.459332	0.526600	-0.526600
3.527000	0.527000	0.458432	-0.458432	0.525700	-0.525700
3.528000	0.528000	0.457532	-0.457532	0.524800	-0.524800
3.529000	0.529000	0.456632	-0.456632	0.523900	-0.523900
3.530000	0.530000	0.455732	-0.455732	0.523000	-0.523000
3.531000	0.531000	0.454832	-0.454832	0.522100	-0.522100
3.532000	0.532000	0.453932	-0.453932	0.521200	-0.521200
3.533000	0.533000	0.453032	-0.453032	0.520300	-0.520300
3.534000	0.534000	0.452132	-0.452132	0.519400	-0.519400
3.535000	0.535000	0.451232	-0.451232	0.518500	-0.518500
3.536000	0.536000	0.450332	-0.450332	0.517600	-0.517600
3.537000	0.537000	0.449432	-0.449432	0.516700	-0.516700
3.538000	0.538000	0.448532	-0.448532	0.515800	-0.515800
3.539000	0.539000	0.447632	-0.447632	0.514900	-0.514900
3.540000	0.540000	0.446732	-0.446732	0.514000	-0.514000
3.541000	0.541000	0.445832	-0.445832	0.513100	-0.513100
3.542000	0.542000	0.444932	-0.444932	0.512200	-0.512200
3.543000	0.543000	0.444032	-0.444032	0.511300	-0.511300
3.544000	0.544000	0.443132	-0.443132	0.510400	-0.510400
3.545000	0.545000	0.442232	-0.442232	0.509500	-0.509500
3.546000	0.546000	0.441332	-0.441332	0.508600	-0.508600
3.547000	0.547000	0.440432	-0.440432	0.507700	-0.507700
3.548000	0.548000	0.439532	-0.439532	0.506800	-0.506800
3.549000	0.549000	0.438632	-0.438632	0.505900	-0.505900
3.550000	0.550000	0.437732	-0.437732	0.505000	-0.505000
3.551000	0.551000	0.436832	-0.436832	0.504100	-0.504100
3.552000	0.552000	0.435932	-0.435932	0.503200	-0.503200
3.553000	0.553000	0.435032	-0.435032	0.502300	-0.502300
3.554000	0.554000	0.434132	-0.434132	0.501400	-0.501400
3.555000	0.555000	0.433232	-0.433232	0.500500	-0.500500
3.556000	0.556000	0.432332	-0.432332	0.499600	-0.499600
3.557000	0.557000	0.431432	-0.431432	0.498700	-0.498700
3.558000	0.558000	0.430532	-0.430532	0.497800	-0.497800
3.559000	0.559000	0.429632	-0.429632	0.496900	-0.496900
3.560000	0.560000	0.428732	-0.428732	0.496000	-0.496000
3.561000	0.561000	0.427832	-0.427832	0.495100	-0.495100
3.562000	0.562000	0.426932	-0.426932	0.494200	-0.494200
3.563000	0.563000	0.426032	-0.426032	0.493300	-0.493300
3.564000	0.564000	0.425132	-0.425132	0.492400	-0.492400
3.565000	0.565000	0.424232	-0.424232	0.491500	-0.491500
3.566000	0.566000	0.423332	-0.423332	0.490600	-0.490600
3.567000	0.567000	0.422432	-0.422432	0.489700	-0.489700
3.568000	0.568000	0.421532	-0.421532	0.488800	-0.488800
3.569000	0.569000	0.420632	-0.420632	0.487900	-0.487900
3.570000	0.570000	0.419732	-0.419732	0.487000	-0.487000
3.571000	0.571000	0.418832	-0.418832	0.486100	-0.486100
3.572000	0.572000	0.417932	-0.417932	0.485200	-0.485200
3.573000	0.573000	0.417032	-0.417032	0.484300	-0.484300
3.574000	0.574000	0.416132	-0.416132	0.483400	-0.483400
3.575000	0.575000	0.415232	-0.415232	0.482500	-0.482500
3.576000	0.576000	0.414332	-0.414332	0.481600	-0.481600
3.577000	0.577000	0.413432	-0.413432	0.480700	-0.480700
3.578000	0.578000	0.412532	-0.412532	0.479800	-0.479800
3.579000	0.579000	0.411632	-0.411632	0.478900	-0.478900
3.580000	0.580000	0.410732	-0.410732	0.478000	-0.478000
3.581000	0.581000	0.409832	-0.409832	0.477100	-0.477100
3.582000	0.582000	0.408932	-0.408932	0.476200	-0.476200
3.583000	0.583000	0.408032	-0.408032	0.475300	-0.475300
3.584000	0.584000	0.407132	-0.407132	0.474400	-0.474400
3.585000	0.585000	0.406232	-0.406232	0.473500	-0.473500
3.586000	0.586000	0.405332	-0.405332	0.472600	-0.472600
3.587000	0.587000	0.404432	-0.404432	0.471700	-0.471700
3.588000	0.588000	0.403532	-0.403532	0.470800	-0.470800
3.589000	0.589000	0.402632	-0.402632	0.469900	-0.469900
3.590000	0.590000	0.401732	-0.401732	0.469000	-0.469000
3.591000	0.591000	0.400832	-0.400832	0.468100	-0.468100
3.592000	0.592000	0.399932	-0.399932	0.467200	-0.467200
3.593000	0.593000	0.399032	-0.399032	0.466300	-0.466300
3.594000	0.594000	0.398132	-0.398132	0.465400	-0.465400
3.595000	0.595000	0.397232	-0.397232	0.464500	-0.464500
3.596000	0.596000	0.396332	-0.396332	0.463600	-0.463600
3.597000	0.597000	0.395432	-0.395432	0.462700	-0.462700
3.598000	0.598000	0.394532	-0.394532	0.461800	-0.461800
3.599000	0.599000	0.393632	-0.393632	0.460900	-0.460900
3.600000	0.600000	0.392732	-0.392732	0.460000	-0.460000
3.601000	0.601000	0.391832	-0.391832	0.459100	-0.459100
3.602000	0.602000	0.390932	-0.390932	0.458200	-0.458200
3.603000	0.603000	0.390032	-0.390032	0.457300	-0.457300
3.604000	0.604000	0.389132	-0.389132	0.456400	-0.456400
3.605000	0.605000	0.388232	-0.388232	0.455500	-0.455500
3.606000	0.606000	0.387332	-0.387332	0.454600	-0.454600
3.607000	0.607000	0.386432	-0.386432	0.453700	-0.453700
3.608000	0.608000	0.385532	-0.385532	0.452800	-0.452800
3.609000	0.609000	0.384632	-0.384632	0.451900	-0.451900
3.610000	0.610000	0.383732	-0.383732	0.451000	-0.451000
3.611000	0.611000	0.382832	-0.382832	0.450100	-0.450100
3.612000	0.612000	0.381932	-0.381932	0.449200	-0.449200
3.613000	0.613000	0.381032	-0.381032	0.448300	-0.448300
3.614000	0.614000	0.380132	-0.380132	0.447400	-0.447400
3.615000	0.615000	0.379232	-0.379232	0.446500	-0.446500
3.616000	0.616000	0.378332	-0.378332	0.445600	-0.445600
3.617000	0.617000	0.377432	-0.377432	0.444700	-0.444700
3.618000	0.618000	0.376532	-0.376532	0.443800	-0.443800
3.619000	0.619000	0.375632	-0.375632	0.442900	-0.442900
3.620000	0.620000	0.374732	-0.374732	0.442000	-0.442000
3.621000	0.621000	0.373832	-0.373832	0.441100	-0.441100
3.622000	0.622000	0.372932	-0.372932	0.440200	-0.440200
3.623000	0.623000	0.372032	-0.372032	0.439300	-0.439300
3.624000	0.624000	0.371132	-0.371132	0.438400	-0.438400
3.625000	0.625000	0.370232	-0.370232	0.437500	-0.437500
3.626000	0.626000	0.369332	-0.369332	0.436600	-0.436600
3.627000	0.627000	0.368432	-0.368432	0.435700	-0.435700
3.628000	0.628000	0.367532	-0.367532	0.434800	-0.434800
3.629000	0.629000	0.366632	-0.366632	0.433900	-0.433900
3.630000	0.630000	0.365732	-0.365732	0.433000	-0.433000
3.631000	0.631000	0.364832	-0.364832	0.432100	-0.432100
3.632000	0.632000	0.363932	-0.363932	0.431200	-0.431200
3.633000	0.633000	0.363032	-0.363032	0.430300	-0.430300
3.634000	0.634000	0.362132	-0.362132	0.429400	-0.429400
3.635000	0.635000	0.361232	-0.361232	0.428500	-0.428500
3.636000	0.636000	0.360332	-0.360332	0.427600	-0.427600
3.637000	0.637000	0.359432	-0.359432	0.426700	-0.426700
3.638000	0.638000	0.358532	-0.358532	0.425800	-0.425800
3.639000	0.639000	0.357632	-0.357632	0.424900	-0.424900
3.640000	0.640000	0.356732	-0.356732	0.424000	-0.424000
3.641000	0.641000	0.355832	-0.355832	0.423100	-0.423100
3.642000	0.642000	0.354932	-0.354932	0.422200	-0.422200
3.643000	0.643000	0.354032	-0.354032	0.421300	-0.421300
3.644000	0.644000	0.353132	-0.353132	0.420400	-0.420400
3.645000	0.645000	0.352232	-0.352232	0.419500	-0.419500
3.646000	0.646000	0.351332	-0.351332	0.418600	-0.418600
3.647000	0.647000	0.350432	-0.350432	0.417700	-0.417700
3.648000	0.648000	0.349532	-0.349532	0.416800	-0.416800
3.649000	0.649000	0.348632	-0.348632	0.415900	-0.415900
3.650000	0.650000	0.347732	-0.347732	0.415000	-0.415000
3.651000	0.651000	0.346832	-0.346832	0.414100	-0.414100
3.652000	0.652000	0.345932	-0.345932	0.413200	-0.413200
3.653000	0.653000	0.345032	-0.345032	0.412300	-0.412300
3.654000	0.654000	0.344132	-0.344132	0.411400	-0.411400
3.655000	0.655000	0.343232	-0.343232	0.410500	-0.410500
3.656000	0.656000	0.342332	-0.342332	0.409600	-0.409600
3.657000	0.657000	0.341432	-0.341432	0.408700	-0.408700
3.658000	0.658000	0.340532	-0.340532	0.407800	-0.407800
3.659000	0.659000	0.339632	-0.339632	0.406900	-0.406900
3.660000	0.660000	0.338732	-0.338732	0.406000	-0.406000
3.661000	0.661000	0.337832	-0.337832	0.405100	-0.405100
3.662000	0.662000	0.336932	-0.336932	0.404200	-0.404200
3.663000	0.663000	0.336032	-0.336032	0.403300	-0.403300
3.664000	0.664000	0.335132	-0.335132	0.402400	-0.402400
3.665000	0.665000	0.334232	-0.334232	0.401500	-0.401500
3.666000	0.666000	0.333332	-0.333332	0.400600	-0.400600
3.667000	0.667000	0.332432	-0.332432	0.399700	-0.399700
3.668000	0.668000	0.331532	-0.331532	0.398800	-0.398800
3.669000	0.669000	0.330632	-0.330632	0.397900	-0.397900
3.670000	0.670000	0.329732	-0.329732	0.397000	-0.397000
3.671000	0.671000	0.328832	-0.328832	0.396100	-0.396100
3.672000	0.672000	0.327932	-0.327932	0.395200	-0.395200
3.673000	0.673000	0.327032	-0.327032	0.394300	-0.394300
3.674000	0.674000	0.326132	-0.326132	0.393400	-0.393400
3.675000	0.675000	0.325232	-0.325232	0.392500	-0.392500
3.676000	0.676000	0.324332	-0.324332	0.391600	-0.391600
3.677000	0.677000	0.323432	-0.323432	0.390700	-0.390700
3.678000	0.678000	0.322532	-0.322532	0.389800	-0.389800
3.679000	0.679000	0.321632	-0.321632	0.388900	-0.388900
3.680000	0.680000	0.320732	-0.320732	0.388000	-0.388000
3.681000	0.681000	0.319832	-0.319832	0.387100	-0.387100
3.682000	0.682000	0.318932	-0.318932	0.386200	-0.386200
3.683000	0.683000	0.318032	-0.318032	0.385300	-0.385300
3.684000	0.684000	0.317132	-0.317132	0.384400	-0.384400
3.685000	0.685000	0.316232	-0.316232	0.383500	-0.383500
3.686000	0.686000	0.315332	-0.315332	0.382600	-0.382600
3.687000	0.687000	0.314432	-0.314432	0.381700	-0.381700
3.688000	0.688000	0.313532	-0.313532	0.380800	-0.380800
3.689000	0.689000	0.312632	-0.312632	0.379900	-0.379900
3.690000	0.690000	0.311732	-0.311732	0.379000	-0.379000
3.691000	0.691000	0.310832	-0.310832	0.378100	-0.378100
3.692000	0.692000	0.309932	-0.309932	0.377200	-0.377200
3.693000	0.693000	0.309032	-0.309032	0.376300	-0.376300
3.694000	0.694000	0.308132	-0.308132	0.375400	-0.375400
3.695000	0.695000	0.307232	-0.307232	0.374500	-0.374500
3.696000	0.696000	0.306332	-0.306332	0.373600	-0.373600
3.697000	0.697000	0.305432	-0.305432	0.372700	-0.372700
3.698000	0.698000	0.304532	-0.304532	0.371800	-0.371800
3.699000	0.699000	0.303632	-0.303632	0.370900	-0.370900
3.700000	0.700000	0.302732	-0.302732	0.370000	-0.370000
3.701000	0.701000	0.301832	-0.301832	0.369100	-0.369100
3.702000	0.702000	0.300932	-0.300932	0.368200	-0.368200
3.703000	0.703000	0.300032	-0.300032	0.367300	-0.367300
3.704000	0.704000	0.299132	-0.299132	0.366400	-0.366400
3.705000	0.705000	0.298232	-0.298232	0.365500	-0.365500
3.706000	0.706000	0.297332	-0.297332	0.364600	-0.364600
3.707000	0.707000	0.296432	-0.296432	0.363700	-0.363700
3.708000	0.708000	0.295532	-0.295532	0.362800	-0.362800
3.709000	0.709000	0.294632	-0.294632	0.361900	-0.361900
3.710000	0.710000	0.293732	-0.293732	0.361000	-0.361000
3.711000	0.711000	0.292832	-0.292832	0.360100	-0.360100
3.712000	0.712000	0.291932	-0.291932	0.359200	-0.359200
3.713000	0.713000	0.291032	-0.291032	0.358300	-0.358300
3.714000	0.714000	0.290132	-0.290132	0.357400	-0.357400
3.715000	0.715000	0.289232	-0.289232	0.356500	-0.356500
3.716000	0.716000	0.288332	-0.288332	0.355600	-0.355600
3.717000	0.717000	0.287432	-0.287432	0.354700	-0.354700
3.718000	0.718000	0.286532	-0.286532	0.353800	-0.353800
3.719000	0.719000	0.285632	-0.285632	0.352900	-0.352900
3.720000	0.720000	0.284732	-0.284732	0.352000	-0.352000
3.721000	0.721000	0.283832	-0.283832	0.351100	-0.351100
3.722000	0.722000	0.282932	-0.282932	0.350200	-0.350200
3.723000	0.723000	0.282032	-0.282032	0.349300	-0.349300
3.724000	0.724000	0.281132	-0.281132	0.348400	-0.348400
3.725000	0.725000	0.280232	-0.280232	0.347500	-0.347500
3.726000	0.726000	0.279332	-0.279332	0.346600	-0.346600
3.727000	0.727000	0.278432	-0.278432	0.345700	-0.345700
3.728000	0.728000	0.277532	-0.277532	0.344800	-0.344800
3.729000	0.729000	0.276632	-0.276632	0.343900	-0.343900
3.730000	0.730000	0.275732	-0.275732	0.343000	-0.343000
3.731000	0.731000	0.274832	-0.274832	0.342100	-0.342100
3.732000	0.732000	0.273932	-0.273932	0.341200	-0.341200
3.733000	0.733000	0.273032	-0.273032	0.340300	-0.340300
3.734000	0.734000	0.272132	-0.272132	0.339400	-0.339400
3.735000	0.735000	0.271232	-0.271232	0.338500	-0.338500
3.736000	0.736000	0.270332	-0.270332	0.337600	-0.337600
3.737000	0.737000	0.269432	-0.269432	0.336700	-0.336700
3.738000	0.738000	0.268532	-0.268532	0.335800	-0.335800
3.739000	0.739000	0.267632	-0.267632	0.334900	-0.334900
3.740000	0.740000	0.266732	-0.266732	0.334000	-0.334000
3.741000	0.741000	0.265832	-0.265832	0.333100	-0.333100
3.742000	0.742000	0.264932	-0.264932	0.332200	-0.332200
3.743000	0.743000	0.264032	-0.264032	0.331300	-0.331300
3.744000	0.744000	0.263132	-0.263132	0.330400	-0.330400
3.745000	0.745000	0.262232	-0.262232	0.329500	-0.329500
3.746000	0.746000	0.261332	-0.261332	0.328600	-0.328600
3.747000	0.747000	0.260432	-0.260432	0.327700	-0.327700
3.748000	0.748000	0.259532	-0.259532	0.326800	-0.326800
3.749000	0.749000	0.258632	-0.258632	0.325900	-0.325900
3.750000	0.750000	0.257732	-0.257732	0.325000	-0.325000
3.751000	0.751000	0.256832	-0.256832	0.324100	-0.324100
3.752000	0.752000	0.255932	-0.255932	0.323200	-0.323200
3.753000	0.753000	0.255032	-0.255032	0.322300	-0.322300
3.754000	0.754000	0.254132	-0.254132	0.321400	-0.321400
3.755000	0.755000	0.253232	-0.253232	0.320500	-0.320500
3.756000	0.756000	0.252332	-0.252332	0.319600	-0.319600
3.757000	0.757000	0.251432	-0.251432	0.318700	-0.318700
3.758000	0.758000	0.250532	-0.250532	0.317800	-0.317800
3.759000	0.759000	0.249632	-0.249632	0.316900	-0.316900
3.760000	0.760000	0.248732	-0.248732	0.316000	-0.316000
3.761000	0.761000	0.247832	-0.247832	0.315100	-0.315100
3.762000	0.762000	0.246932	-0.246932	0.314200	-0.314200
3.763000	0.763000	0.246032	-0.246032	0.313300	-0.313300
3.764000	0.764000	0.245132	-0.245132	0.312400	-0.312400
3.765000	0.765000	0.244232	-0.244232	0.311500	-0.311500
3.766000	0.766000	0.243332	-0.243332	0.310600	-0.310600
3.767000	0.767000	0.242432	-0.242432	0.309700	-0.309700
3.768000	0.768000	0.241532	-0.241532	0.308800	-0.308800
3.769000	0.769000	0.240632	-0.240632	0.307900	-0.307900
3.770000	0.770000	0.239732	-0.239732	0.307000	-0.307000
3.771000	0.771000	0.238832	-0.238832	0.306100	-0.306100
3.772000	0.772000	0.237932	-0.237932	0.305200	-0.305200
3.773000	0.773000	0.237032	-0.237032	0.304300	-0.304300
3.774000	0.774000	0.236132	-0.236132	0.303400	-0.303400
3.775000	0.775000	0.235232	-0.235232	0.302500	-0.302500
3.776000	0.776000	0.234332	-0.234332	0.301600	-0.301600
3.777000	0.777000	0.233432	-0.233432	0.300700	-0.300700
3.778000	0.778000	0.232532	-0.232532	0.299800	-0.299800
3.779000	0.779000	0.231632	-0.231632	0.298900	-0.298900
3.780000	0.780000	0.230732	-0.230732	0.298000	-0.298000
3.781000	0.781000	0.229832	-0.229832	0.297100	-0.297100
3.782000	0.782000	0.228932	-0.228932	0.296200	-0.296200
3.783000	0.783000	0.228032	-0.228032	0.295300	-0.295300
3.784000	0.784000	0.227132	-0.227132	0.294400	-0.294400
3.785000	0.785000	0.226232	-0.226232	0.293500	-0.293500
3.786000	0.786000	0.225332	-0.225332	0.292600	-0.292600
3.787000	0.787000	0.224432	-0.224432	0.291700	-0.291700
3.788000	0.788000	0.223532	-0.223532	0.290800	-0.290800
3.789000	0.789000	0.222632	-0.222632	0.289900	-0.289900
3.790000	0.790000	0.221732	-0.221732	0.289000	-0.289000
3.791000	0.791000	0.220832	-0.220832	0.288100	-0.288100
3.792000	0.792000	0.219932	-0.219932	0.287200	-0.287200
3.793000	0.793000	0.219032	-0.219032	0.286300	-0.286300
3.794000	0.794000	0.218132	-0.218132	0.285400	-0.285400
3.795000	0.795000	0.217232	-0.217232	0.284500	-0.284500
3.796000	0.796000	0.216332	-0.216332	0.283600	-0.283600
3.797000	0.797000	0.215432	-0.215432	0.282700	-0.282700
3.798000	0.798000	0.214532	-0.214532	0.281800	-0.281800
3.799000	0.799000	0.213632	-0.213632	0.280900	-0.280900
3.800000	0.800000	0.212732	-0.212732	0.280000	-0.280000
3.801000	0.801000	0.211832	-0.211832	0.279100	-0.279100
3.802000	0.802000	0.210932	-0.210932	0.278200	-0.278200
3.803000	0.803000	0.210032	-0.210032	0.277300	-0.277300
3.804000	0.804000	0.209132	-0.209132	0.276400	-0.276400
3.805000	0.805000	0.208232	-0.208232	0.275500	-0.275500
3.806000	0.806000	0.207332	-0.207332	0.274600	-0.274600
3.807000	0.807000	0.206432	-0.206432	0.273700	-0.273700
3.808000	0.808000	0.205532	-0.205532	0.272800	-0.272800
3.809000	0.809000	0.204632	-0.204632	0.271900	-0.271900
3.810000	0.810000	0.203732	-0.203732	0.271000	-0.271000
3.811000	0.811000	0.202832	-0.202832	0.270100	-0.270100
3.812000	0.812000	0.201932	-0.201932	0.269200	-0.269200
3.813000	0.813000	0.201032	-0.201032	0.268300	-0.268300
3.814000	0.814000	0.200132	-0.200132	0.267400	-0.267400
3.815000	0.815000	0.199232	-0.199232	0.266500	-0.266500
3.816000	0.816000	0.198332	-0.198332	0.265600	-0.265600
3.817000	0.817000	0.197432	-0.197432	0.264700	-0.264700
3.818000	0.818000	0.196532	-0.196532	0.263800	-0.263800
3.819000	0.819000	0.195632	-0.195632	0.262900	-0.262900
3.820000	0.820000	0.194732	-0.194732	0.262000	-0.262000
3.821000	0.821000	0.193832	-0.193832	0.261100	-0.261100
3.822000	0.822000	0.192932	-0.192932	0.260200	-0.260200
3.823000	0.823000	0.192032	-0.192032	0.259300	-0.259300
3.824000	0.824000	0.191132	-0.191132	0.258400	-0.258400
3.825000	0.825000	0.190232	-0.190232	0.257500	-0.257500
3.826000	0.826000	0.189332	-0.189332	0.256600	-0.256600
3.827000	0.827000	0.188432	-0.188432	0.255700	-0.255700
3.828000	0.828000	0.187532	-0.187532	0.254800	-0.254800
3.829000	0.829000	0.186632	-0.186632	0.253900	-0.253900
3.830000	0.830000	0.185732	-0.185732	0.253000	-0.253000
3.831000	0.831000	0.184832	-0.184832	0.252100	-0.252100
3.832000	0.832000	0.183932	-0.183932	0.251200	-0.251200
3.833000	0.833000	0.183032	-0.183032	0.250300	-0.250300
3.834000	0.834000	0.182132	-0.182132	0.249400	-0.249400
3.835000	0.835000	0.181232	-0.181232	0.248500	-0.248500
3.836000	0.836000	0.180332	-0.180332	0.247600	-0.247600
3.837000	0.837000	0.179432	-0.179432	0.246700	-0.246700
3.838000	0.838000	0.178532	-0.178532	0.245800	-0.245800
3.839000	0.839000	0.177632	-0.177632	0.244900	-0.244900
3.840000	0.840000	0.176732	-0.176732	0.244000	-0.244000
3.841000	0.841000	0.175832	-0.175832	0.243100	-0.243100
3.842000	0.842000	0.174932	-0.174932	0.242200	-0.242200
3.843000	0.843000	0.174032	-0.174032	0.241300	-0.241300
3.844000	0.844000	0.173132	-0.173132	0.240400	-0.240400
3.845000	0.845000	0.172232	-0.172232	0.239500	-0.239500
3.846000	0.846000	0.171332	-0.171332	0.238600	-0.238600
3.847000	0.847000	0.170432	-0.170432	0.237700	-0.237700
3.848000	0.848000	0.169532	-0.169532	0.236800	-0.236800
3.849000	0.849000	0.168632	-0.168632	0.235900	-0.235900
3.850000	0.850000	0.167732	-0.167732	0.235000	-0.235000
3.851000	0.851000	0.166832	-0.166832	0.234100	-0.234100
3.852000	0.852000	0.165932	-0.165932	0.233200	-0.233200
3.853000	0.853000	0.165032	-0.165032	0.232300	-0.232300
3.854000	0.854000	0.164132	-0.164132	0.231400	-0.231400
3.855000	0.855000	0.163232	-0.163232	0.230500	-0.230500
3.856000	0.856000	0.162332	-0.162332	0.229600	-0.229600
3.857000	0.857000	0.161432	-0.161432	0.228700	-0.228700
3.858000	0.858000	0.160532	-0.160532	0.227800	-0.227800
3.859000	0.859000	0.159632	-0.159632	0.226900	-0.226900
3.860000	0.860000	0.158732	-0.158732	0.226000	-0.226000
3.861000	0.861000	0.157832	-0.157832	0.225100	-0.225100
3.862000	0.862000	0.156932	-0.156932	0.224200	-0.224200
3.863000	0.863000	0.156032	-0.156032	0.223300	-0.223300
3.864000	0.864000	0.155132	-0.155132	0.222400	-0.222400
3.865000	0.865000	0.154232	-0.154232	0.221500	-0.221500
3.866000	0.866000	0.153332	-0.153332	0.220600	-0.220600
3.867000	0.867000	0.152432	-0.152432	0.219700	-0.219700
3.868000	0.868000	0.151532	-0.151532	0.218800	-0.218800
3.869000	0.869000	0.150632	-0.150632	0.217900	-0.217900
3.870000	0.870000	0.149732	-0.149732	0.217000	-0.217000
3.871000	0.871000	0.148832	-0.148832	0.216100	-0.216100
3.872000	0.872000	0.147932	-0.147932	0.215200	-0.215200
3.873000	0.873000	0.147032	-0.147032	0.214300	-0.214300
3.874000	0.874000	0.146132	-0.146132	0.213400	-0.213400
3.875000	0.875000	0.145232	-0.145232	0.212500	-0.212500
3.876000	0.876000	0.144332	-0.144332	0.211600	-0.211600
3.877000	0.877000	0.143432	-0.143432	0.210700	-0.210700
3.878000	0.878000	0.142532	-0.142532	0.209800	-0.209800
3.879000	0.879000	0.141632	-0.141632	0.208900	-0.208900
3.880000	0.880000	0.140732	-0.140732	0.208000	-0.208000
3.881000	0.881000	0.139832	-0.139832	0.207100	-0.207100
3.882000	0.882000	0.138932	-0.138932	0.206200	-0.206200
3.883000	0.883000	0.138032	-0.138032	0.205300	-0.205300
3.884000	0.884000	0.137132	-0.137132	0.204400	-0.204400
3.885000	0.885000	0.136232	-0.136232	0.203500	-0.203500
3.886000	0.886000	0.135332	-0.135332	0.202600	-0.202600
3.887000	0.887000	0.134432	-0.134432	0.201700	-0.201700
3.888000	0.888000	0.133532	-0.133532	0.200800	-0.200800
3.889000	0.889000	0.132632	-0.132632	0.199900	-0.199900
3.890000	0.890000	0.131732	-0.131732	0.199000	-0.199000
3.891000	0.891000	0.130832	-0.130832	0.198100	-0.198100
3.892000	0.892000	0.129932	-0.129932	0.197200	-0.197200
3.893000	0.893000	0.129032	-0.129032	0.196300	-0.196300
3.894000	0.894000	0.128132	-0.128132	0.195400	-0.195400
3.895000	0.895000	0.127232	-0.127232	0.194500	-0.194500
3.896000	0.896000	0.126332	-0.126332	0.193600	-0.193600
3.897000	0.897000	0.125432	-0.125432	0.192700	-0.192700
3.898000	0.898000	0.124532	-0.124532	0.191800	-0.191800
3.899000	0.899000	0.123632	-0.123632	0.190900	-0.190900
3.900000	0.900000	0.122732	-0.122732	0.190000	-0.190000
3.901000	0.901000	0.121832	-0.121832	0.189100	-0.189100
3.902000	0.902000	0.120932	-0.120932	0.188200	-0.188200
3.903000	0.903000	0.120032	-0.120032	0.187300	-0.187300
3.904000	0.904000	0.119132	-0.119132	0.186400	-0.186400
3.905000	0.905000	0.118232	-0.118232	0.185500	-0.185500
3.906000	0.906000	0.117332	-0.117332	0.184600	-0.184600
3.907000	0.907000	0.116432	-0.116432	0.183700	-0.183700
3.908000	0.908000	0.115532	-0.115532	0.182800	-0.182800
3.909000	0.909000	0.114632	-0.114632	0.181900	-0.181900
3.910000	0.910000	0.113732	-0.113732	0.181000	-0.181000
3.911000	0.911000	0.112832	-0.112832	0.180100	-0.180100
3.912000	0.912000	0.111932	-0.111932	0.179200	-0.179200
3.913000	0.913000	0.111032	-0.111032	0.178300	-0.178300
3.914000	0.914000	0.110132	-0.110132	0.177400	-0.177400
3.915000	0.915000	0.109232	-0.109232	0.176500	-0.176500
3.916000	0.916000	0.108332	-0.108332	0.175600	-0.175600
3.917000	0.917000	0.107432	-0.107432	0.174700	-0.174700
3.918000	0.918000	0.106532	-0.106532	0.173800	-0.173800
3.919000	0.919000	0.105632	-0.105632	0.172900	-0.172900
3.920000	0.920000	0.104732	-0.104732	0.172000	-0.172000
3.921000	0.921000	0.103832	-0.103832	0.171100	-0.171100
3.922000	0.922000	0.102932	-0.102932	0.170200	-0.170200
3.923000	0.923000	0.102032	-0.102032	0.169300	-0.169300
3.924000	0.924000	0.101132	-0.101132	0.168400	-0.168400
3.925000	0.925000	0.100232	-0.100232	0.167500	-0.167500
3.926000	0.926000	0.099332	-0.099332	0.166600	-0.166600
3.927000	0.927000	0.098432	-0.098432	0.165700	-0.165700
3.928000	0.928000	0.097532	-0.097532	0.164800	-0.164800
3.929000	0.929000	0.096632	-0.096632	0.163900	-0.163900
3.930000	0.930000	0.095732	-0.095732	0.163000	-0.163000
3.931000	0.931000	0.094832	-0.094832	0.162100	-0.162100
3.932000	0.932000	0.093932	-0.093932	0.161200	-0.161200
3.933000	0.933000	0.093032	-0.093032	0.160300	-0.160300
3.934000	0.934000	0.092132	-0.092132	0.159400	-0.159400
3.935000	0.935000	0.091232	-0.091232	0.158500	-0.158500
3.936000	0.936000	0.090332	-0.090332	0.157600	-0.157600
3.937000	0.937000	0.089432	-0.089432	0.156700	-0.156700
3.938000	0.938000	0.088532	-0.088532	0.155800	-0.155800
3.939000	0.939000	0.087632	-0.087632	0.154900	-0.154900
3.940000	0.940000	0.086732	-0.086732	0.154000	-0.154000
3.941000	0.941000	0.085832	-0.085832	0.153100	-0.153100
3.942000	0.942000	0.084932	-0.084932	0.152200	-0.152200
3.943000	0.943000	0.084032	-0.084032	0.151300	-0.151300
3.944000	0.944000	0.083132	-0.083132	0.150400	-0.150400
3.945000	0.945000	0.082232	-0.082232	0.149500	-0.149500
3.946000	0.946000	0.081332	-0.081332	0.148600	-0.148600
3.947000	0.947000	0.080432	-0.080432	0.147700	-0.147700
3.948000	0.948000	0.079532	-0.079532	0.146800	-0.146800
3.949000	0.949000	0.078632	-0.078632	0.145900	-0.145900
3.950000	0.950000	0.077732	-0.077732	0.145000	-0.145000
3.951000	0.951000	0.076832	-0.076832	0.144100	-0.144100
3.952000	0.952000	0.075932	-0.075932	0.143200	-0.143200
3.953000	0.953000	0.075032	-0.075032	0.142300	-0.142300
3.954000	0.954000	0.074132	-0.074132	0.141400	-0.141400
3.955000	0.955000	0.073232	-0.073232	0.140500	-0.140500
3.956000	0.956000	0.072332	-0.072332	0.139600	-0.139600
3.957000	0.957000	0.071432	-0.071432	0.138700	-0.138700
3.958000	0.958000	0.070532	-0.070532	0.137800	-0.137800
3.959000	0.959000	0.069632	-0.069632	0.136900	-0.136900
3.960000	0.960000	0.068732	-0.068732	0.136000	-0.136000
3.961000	0.961000	0.067832	-0.067832	0.135100	-0.135100
3.962000	0.962000	0.066932	-0.066932	0.134200	-0.134200
3.963000	0.963000	0.066032	-0.066032	0.133300	-0.133300
3.964000	0.964000	0.065132	-0.065132	0.132400	-0.132400
3.965000	0.965000	0.064232	-0.064232	0.131500	-0.131500
3.966000	0.966000	0.063332	-0.063332	0.130600	-0.130600
3.967000	0.967000	0.062437	-0.062437	0.129700	-0.129700
3.968000	0.968000	0.061581	-0.061581	0.128800	-0.128800
3.969000	0.969000	0.060770	-0.060770	0.127900	-0.127900
3.970000	0.970000	0.060000	-0.060000	0.127000	-0.127000
3.971000	0.971000	0.059269	-0.059269	0.126100	-0.126100
3.972000	0.972000	0.058575	-0.058575	0.125200	-0.125200
3.973000	0.973000	0.057917	-0.057917	0.124300	-0.124300
3.974000	0.974000	0.057292	-0.057292	0.123400	-0.123400
3.975000	0.975000	0.056699	-0.056699	0.122500	-0.122500
3.976000	0.976000	0.056137	-0.056137	0.121600	-0.121600
3.977000	0.977000	0.055604	-0.055604	0.120700	-0.120700
3.978000	0.978000	0.055100	-0.055100	0.119800	-0.119800
3.979000	0.979000	0.054624	-0.054624	0.118900	-0.118900
3.980000	0.980000	0.054174	-0.054174	0.118000	-0.118000
3.981000	0.981000	0.053751	-0.053751	0.117100	-0.117100
3.982000	0.982000	0.053352	-0.053352	0.116200	-0.116200
3.983000	0.983000	0.052979	-0.052979	0.115300	-0.115300
3.984000	0.984000	0.052629	-0.052629	0.114400	-0.114400
3.985000	0.985000	0.052303	-0.052303	0.113500	-0.113500
3.986000	0.986000	0.052000	-0.052000	0.112600	-0.112600
3.987000	0.987000	0.051720	-0.051720	0.111700	-0.111700
3.988000	0.988000	0.051461	-0.051461	0.110800	-0.110800
3.989000	0.989000	0.051225	-0.051225	0.109900	-0.109900
3.990000	0.990000	0.051010	-0.051010	0.109000	-0.109000
3.991000	0.991000	0.050817	-0.050817	0.108100	-0.108100
3.992000	0.992000	0.050644	-0.050644	0.107200	-0.107200
3.993000	0.993000	0.050492	-0.050492	0.106300	-0.106300
3.994000	0.994000	0.050361	-0.050361	0.105400	-0.105400
3.995000	0.995000	0.050251	-0.050251	0.104500	-0.104500
3.996000	0.996000	0.050160	-0.050160	0.103600	-0.103600
3.997000	0.997000	0.050090	-0.050090	0.102700	-0.102700
3.998000	0.998000	0.050040	-0.050040	0.101800	-0.101800
3.999000	0.999000	0.050010	-0.050010	0.100900	-0.100900
4.000000	0.000000	0.050000	-0.050000	1.000000	-1.000000
